Keyword,Mã HS,Dòng SP,Loại,Lớp 1,Lớp 2,Cluster_ID
"thủy tinh, khuôn, tinh thô, mắt kính thủy, tròng mắt kính, upper mold, vt upper, sf vt, vật liệu mẫu, thẻ vật liệu, kích thước, trưng bày giới, màu sắc vỏ, mẫu drew drop, hiệu bomma bomma",70200019,SP THỦY TINH,LK,Khuôn thủy tinh — loại khác,Khuôn Thủy Tinh,0
"thủy tinh, khuôn, tinh thô, mắt kính thủy, tròng mắt kính, upper mold, vt upper, sf vt, mold mold, tinh my style, sf upper, oem sf, qua sử dụng, sử dụng 90, năm sx 2025",70200019,SP THỦY TINH,LK,Khuôn thủy tinh — loại khác,Khuôn Tròng Mắt,1
"thủy tinh, khuôn, tinh thô, mắt kính thủy, tròng mắt kính, upper mold, vt upper, sf vt, vật liệu mẫu, thẻ vật liệu, vệ cắt laser, laser máy cắt, cắt laser máy, bảo vệ cắt, machinery equipment pce",70200019,SP THỦY TINH,LK,Khuôn thủy tinh — loại khác,[OUTLIER] tinh kính thủy,-1
"thủy tinh, khuôn, tinh thô, mắt kính thủy, tròng mắt kính, upper mold, vt upper, sf vt, vật liệu mẫu, thẻ vật liệu, kích thước, trưng bày giới, màu sắc vỏ, mẫu drew drop, hiệu bomma bomma",70200019,SP THỦY TINH,LK,Khuôn thủy tinh — loại khác,Thẻ Mẫu Thủy Tinh,8
"thủy tinh, khuôn, tinh thô, mắt kính thủy, tròng mắt kính, upper mold, vt upper, sf vt, mold mold, tinh my style, sf upper, oem sf, qua sử dụng, sử dụng 90, năm sx 2025",70200019,SP THỦY TINH,LK,Khuôn thủy tinh — loại khác,Khuôn Thử Nghiệm,7
"kính thủy tinh, mắt kính thủy, tròng mắt kính, khuôn tròng mắt, upper mold, vt upper, sf vt, vệ cắt laser, laser máy cắt, cắt laser máy, bảo vệ cắt, machinery equipment pce, kính bảo vệ, taixiang machinery equipment, qingxian taixiang machinery",70200019,SP THỦY TINH,LK,Khuôn thủy tinh — loại khác,Kính Bảo Vệ,6
"thạch anh, ống, vật liệu thạch, hcl 450 tấn, tổng hợp axit, xinqiu environmental sci, axit hcl 450, environmental sci tech, hợp axit hcl, anh shanghai xinqiu, shanghai xinqiu environmental, tấn ngày, lò tổng hợp, ngày kích thước, phi 181xh990 vật",70200020,SP THỦY TINH,LK,Ống thạch anh — lò phản ứng / bán dẫn,[OUTLIER] anh thạch ống,-1
"ruột phích, tinh, dung tích, huihong economic trading, thân trơn nối, economic trading thủy, thân hoa văn, văn nhãn hiệu, hiệu hunan huihong, trơn nối thân, hoa văn nhãn, hunan huihong economic, nhãn hiệu hunan, nối thân hoa, phích nước dung",70200030,SP THỦY TINH,LK,Ruột phích / ruột bình chân không,[OUTLIER] ruột phích tinh,-1
"ruột phích, tinh, dung tích, huihong economic trading, thân trơn nối, economic trading thủy, thân hoa văn, văn nhãn hiệu, hiệu hunan huihong, trơn nối thân, hoa văn nhãn, hunan huihong economic, nhãn hiệu hunan, nối thân hoa, phích nước dung",70200030,SP THỦY TINH,LK,Ruột phích / ruột bình chân không,Phích Thủy Tinh,0
"lượng mặt trời, năng lượng mặt, nước nóng năng, nóng năng lượng, thủy tinh, chân không, bình nước nóng, ống chân, không thủy, dụng bình nước, sử dụng bình, phi 58mm 1800mm, mặt trời ống, kiện bình nước, sht 09 phi",70200040,SP THỦY TINH,LK,Ống chân không — năng lượng mặt trời,Linh Kiện Bình Nước,1
"lượng mặt trời, năng lượng mặt, nước nóng năng, nóng năng lượng, thủy tinh, chân không, bình nước nóng, ống chân, không thủy, dụng bình nước, sử dụng bình, phi 58mm 1800mm, mặt trời ống, kiện bình nước, sht 09 phi",70200040,SP THỦY TINH,LK,Ống chân không — năng lượng mặt trời,[OUTLIER] ống năng trời,-1
"lượng mặt trời, năng lượng mặt, nước nóng năng, nóng năng lượng, thủy tinh, chân không, bình nước nóng, ống chân, không thủy, dụng bình nước, sử dụng bình, phi 58mm 1800mm, mặt trời ống, kiện bình nước, sht 09 phi",70200040,SP THỦY TINH,LK,Ống chân không — năng lượng mặt trời,Ống Chân Không,0
"lượng mặt trời, năng lượng mặt, nước nóng năng, nóng năng lượng, thủy tinh, chân không, bình nước nóng, ống chân, không thủy, dụng bình nước, sử dụng bình, phi 58mm 1800mm, mặt trời ống, kiện bình nước, sht 09 phi",70200040,SP THỦY TINH,LK,Ống chân không — năng lượng mặt trời,Đun Nước Nóng,3
"lượng mặt trời, năng lượng mặt, nước nóng năng, nóng năng lượng, thủy tinh, chân không, bình nước nóng, ống chân, không thủy, dụng bình nước, sử dụng bình, phi 58mm 1800mm, mặt trời ống, kiện bình nước, sht 09 phi",70200040,SP THỦY TINH,LK,Ống chân không — năng lượng mặt trời,Máy Nước Nóng,5
"nhiệt, hấp thụ, thủy tinh thu, phi 58 ống, ống năng lượng, thủy tinh chân, tinh chân không, solar tubes nhãn, mặt trời 58, glass solar tubes, all glass solar, trời 58 1800mm, tubes nhãn hiệu, nhãn hiệu sonha, nóng lạnh hấp",70200040,SP THỦY TINH,LK,Ống chân không — năng lượng mặt trời,Thụ Hấp Nhiệt,2
"bình nước nóng, ống chân không, không thủy tinh, chân không thủy, nước nóng năng, nóng năng lượng, lượng mặt trời, năng lượng mặt, dụng bình nước, sử dụng bình, phi 58mm 1800mm, mặt trời ống, kiện bình nước, sht 09 phi, linh kiện bình",70200040,SP THỦY TINH,LK,Ống chân không — năng lượng mặt trời,Bình Solar Tube,4
"điện thoại di, thoại di động, viền trang trí, kích thước 62x20, trí camera điện, trang trí camera, thước 62x20 70x57, camera điện thoại, di động chất, động chất liệu, thủy tinh kích, tinh kích thước, chất liệu thủy, liệu thủy tinh, di động kích",70200090,SP THỦY TINH,NC,Sản phẩm thủy tinh khác,Viền Điện Thoại,0
"thủy tinh, kích thước, trang trí, chất liệu thủy, điện thoại di, thoại di động, động chất liệu, trí camera điện, thước 62x20 70x57, camera điện thoại, di động chất, tinh kích, viền trang, tinh nền đĩa, kính",70200090,SP THỦY TINH,LK,Sản phẩm thủy tinh khác,[OUTLIER] tinh thủy kính,-1
"kính, tấm, ánh sáng máy, hiệu ánh sáng, sáng máy in, tín hiệu ánh, phản xạ tín, xạ tín hiệu, in kích thước, máy in kích, kích thước 298, thước 298 15, kích thước 316, thước 316 11, sản xuất camera",70200090,SP THỦY TINH,NC,Sản phẩm thủy tinh khác,Tấm Kính Phản Xạ,38
"thủy tinh, trang trí, chất liệu thủy, tinh kích thước, động chất liệu, kích thước 62x20, trí camera điện, thước 62x20 70x57, di động chất, camera điện thoại, điện thoại di, thoại di động, viền trang, tinh nền đĩa, tinh rỗng chứa",70200090,SP THỦY TINH,NC,Sản phẩm thủy tinh khác,Lọ Thủy Tinh,11
"thủy tinh, trang trí, chất liệu thủy, tinh kích thước, động chất liệu, kích thước 62x20, trí camera điện, thước 62x20 70x57, di động chất, camera điện thoại, điện thoại di, thoại di động, viền trang, tinh nền đĩa, tinh rỗng chứa",70200090,SP THỦY TINH,NC,Sản phẩm thủy tinh khác,Đĩa Nền Thủy Tinh,25
"trang trí, kích thước 62x20, trí camera điện, thước 62x20 70x57, camera điện thoại, điện thoại di, thoại di động, di động chất, động chất liệu, viền trang, thủy tinh kích, tinh kích thước, chất liệu thủy, liệu thủy tinh, trí thủy tinh",70200090,SP THỦY TINH,NC,Sản phẩm thủy tinh khác,Miếng Trang Trí,14
"kính, hiệu ánh sáng, sáng máy in, tín hiệu ánh, phản xạ tín, xạ tín hiệu, ánh sáng máy, in kích thước, máy in kích, kích thước 298, thước 298 15, tấm, kích thước 316, thước 316 11, sản xuất camera",70200090,SP THỦY TINH,NC,Sản phẩm thủy tinh khác,Kính Thông Thường,12
"thủy tinh, kích thước, trang trí, chất liệu thủy, điện thoại di, thoại di động, động chất liệu, trí camera điện, thước 62x20 70x57, camera điện thoại, di động chất, tinh kích, viền trang, tinh nền đĩa, kính",70200090,SP THỦY TINH,NC,Sản phẩm thủy tinh khác,Kính Thủy Tinh,28
"kính, hiệu ánh sáng, sáng máy in, tín hiệu ánh, phản xạ tín, xạ tín hiệu, ánh sáng máy, in kích thước, máy in kích, kích thước 298, tấm, thước 298 15, kích thước 316, thước 316 11, sản xuất camera",70200090,SP THỦY TINH,NC,Sản phẩm thủy tinh khác,Kính Chắn Bụi,31
"đèn, crystal kt, glass kích thước, nắp khung, sưởi thủy tinh, pha lê finial, trang trí 1043014717052, lê finial crystal, kt sphi 30mm, lê connector crystal, nối pha lê, kt phi 65, trang trí 101317, pha lê connector, thủy tinh 19",70200090,SP THỦY TINH,LK,Sản phẩm thủy tinh khác,Nắp Đèn,3
"tấm kính, ánh sáng máy, hiệu ánh sáng, sáng máy in, tín hiệu ánh, phản xạ tín, xạ tín hiệu, kính phản xạ, in kích thước, máy in kích, kích thước 298, thước 298 15, kích thước 316, thước 316 11, hình ảnh",70200090,SP THỦY TINH,NC,Sản phẩm thủy tinh khác,Tấm Tráng Phim,8
"kính, hiệu ánh sáng, sáng máy in, tín hiệu ánh, phản xạ tín, xạ tín hiệu, ánh sáng máy, in kích thước, máy in kích, kích thước 298, thước 298 15, tấm, kích thước 316, thước 316 11, sản xuất camera",70200090,SP THỦY TINH,NC,Sản phẩm thủy tinh khác,Kính Chuẩn,7
"kính, tấm, ánh sáng máy, hiệu ánh sáng, sáng máy in, tín hiệu ánh, phản xạ tín, xạ tín hiệu, in kích thước, máy in kích, kích thước 298, thước 298 15, kích thước 316, thước 316 11, hình",70200090,SP THỦY TINH,LK,Sản phẩm thủy tinh khác,Tấm Kính Quét Hình,35
"thủy tinh, trang trí, chất liệu thủy, tinh kích thước, động chất liệu, kích thước 62x20, trí camera điện, thước 62x20 70x57, camera điện thoại, di động chất, điện thoại di, thoại di động, viền trang, tinh nền đĩa, tinh rỗng chứa",70200090,SP THỦY TINH,NC,Sản phẩm thủy tinh khác,Ống Sợi Thủy Tinh,15
"thủy tinh, trang trí, chất liệu thủy, tinh kích thước, động chất liệu, kích thước 62x20, trí camera điện, thước 62x20 70x57, di động chất, camera điện thoại, điện thoại di, thoại di động, viền trang, tinh nền đĩa, tinh rỗng chứa",70200090,SP THỦY TINH,NC,Sản phẩm thủy tinh khác,Mũi Cần Câu Thủy Tinh,24
"kính, hiệu ánh sáng, sáng máy in, tín hiệu ánh, phản xạ tín, xạ tín hiệu, ánh sáng máy, in kích thước, máy in kích, kích thước 298, thước 298 15, tấm, kích thước 316, thước 316 11, sản xuất camera",70200090,SP THỦY TINH,NC,Sản phẩm thủy tinh khác,Kính Cường Lực,41
"kính, tấm, ánh sáng máy, hiệu ánh sáng, sáng máy in, tín hiệu ánh, phản xạ tín, xạ tín hiệu, in kích thước, máy in kích, kích thước 298, thước 298 15, kích thước 316, thước 316 11, sản xuất camera",70200090,SP THỦY TINH,NC,Sản phẩm thủy tinh khác,Tấm Kính Chiếu Ảnh,29
"thủy tinh, trang trí, chất liệu thủy, tinh kích thước, động chất liệu, kích thước 62x20, trí camera điện, thước 62x20 70x57, di động chất, camera điện thoại, điện thoại di, thoại di động, viền trang, tinh nền đĩa, tinh rỗng chứa",70200090,SP THỦY TINH,NC,Sản phẩm thủy tinh khác,Vỏ Đèn Sưởi Thủy Tinh,36
"nung silic công, nghiệp 02 05, cz160 36 06, kích thước phi944, thạch anh ja, thước phi944 750mm, ja cz160 36, silic công nghiệp, anh ja cz160, phi944 750mm nung, công nghiệp 02, nồi nấu kim, nấu kim loại, phi 944mm 680mm, thước phi 944mm",70200090,SP THỦY TINH,NC,Sản phẩm thủy tinh khác,Nồi Thạch Anh,42
"cố định, dây, định sản phẩm, chất liệu chủ, liệu chủ yếu, yếu thủy tinh, thủy tinh gia, gia cố nhựa, tp 70 glass, fiber 30 resin, nhựa tp 70, chủ yếu thủy, glass fiber 30, glass fiber rod, cố nhựa tp",70200090,SP THỦY TINH,NC,Sản phẩm thủy tinh khác,Dây Cố Định,16
"kính, hiệu ánh sáng, sáng máy in, tín hiệu ánh, phản xạ tín, xạ tín hiệu, ánh sáng máy, in kích thước, máy in kích, tấm, kích thước 298, thước 298 15, kích thước 316, thước 316 11, bảo vệ",70200090,SP THỦY TINH,NC,Sản phẩm thủy tinh khác,Kính Bảo Vệ,26
"kính, hiệu ánh sáng, sáng máy in, tín hiệu ánh, phản xạ tín, xạ tín hiệu, ánh sáng máy, in kích thước, máy in kích, kích thước 298, thước 298 15, tấm, kích thước 316, thước 316 11, sản xuất camera",70200090,SP THỦY TINH,NC,Sản phẩm thủy tinh khác,Khay Kính,6
"bảo vệ, kính bảo, dính dạng miếng, vệ chất liệu, thuỷ tinh tự, tinh tự dính, dạng miếng kích, tự dính dạng, xuất lito technology, sản xuất lito, miếng kích thước, vệ chip điện, điện tử camera, tử camera module, chip điện tử",70200090,SP THỦY TINH,LK,Sản phẩm thủy tinh khác,Vỏ Bảo Vệ,52
"kính, hiệu ánh sáng, sáng máy in, tín hiệu ánh, phản xạ tín, xạ tín hiệu, ánh sáng máy, in kích thước, máy in kích, kích thước 298, thước 298 15, tấm, kích thước 316, thước 316 11, sản xuất camera",70200090,SP THỦY TINH,NC,Sản phẩm thủy tinh khác,Thanh Kính Chuẩn,9
"kính, tấm, ánh sáng máy, hiệu ánh sáng, sáng máy in, tín hiệu ánh, phản xạ tín, xạ tín hiệu, in kích thước, máy in kích, kích thước 298, thước 298 15, kích thước 316, thước 316 11, sản xuất camera",70200090,SP THỦY TINH,LK,Sản phẩm thủy tinh khác,Tấm Kính Cửa,30
"nung silic công, nghiệp 02 05, cz160 36 06, kích thước phi944, thạch anh ja, thước phi944 750mm, ja cz160 36, silic công nghiệp, anh ja cz160, phi944 750mm nung, công nghiệp 02, nồi nấu kim, nấu kim loại, phi 944mm 680mm, thước phi 944mm",70200090,SP THỦY TINH,NC,Sản phẩm thủy tinh khác,Ống Thạch Anh,57
"bảo vệ, kính bảo, dính dạng miếng, vệ chất liệu, thuỷ tinh tự, tinh tự dính, dạng miếng kích, tự dính dạng, xuất lito technology, sản xuất lito, miếng kích thước, vệ chip điện, điện tử camera, tử camera module, chip điện tử",70200090,SP THỦY TINH,NC,Sản phẩm thủy tinh khác,Màng Bảo Vệ,48
"cố định, định sản phẩm, chất liệu chủ, rod dây cố, liệu chủ yếu, yếu thủy tinh, thủy tinh gia, gia cố nhựa, tp 70 glass, fiber 30 resin, nhựa tp 70, chủ yếu thủy, glass fiber 30, fiber rod dây, glass fiber rod",70200090,SP THỦY TINH,LK,Sản phẩm thủy tinh khác,Khuôn Cố Định,51
"tấm kính, ánh sáng máy, hiệu ánh sáng, sáng máy in, tín hiệu ánh, phản xạ tín, xạ tín hiệu, kính phản xạ, in kích thước, máy in kích, kích thước 298, thước 298 15, kích thước 316, thước 316 11, buồng dòng chảy",70200090,SP THỦY TINH,LK,Sản phẩm thủy tinh khác,Tấm Quang Khắc,45
"ống, bảo vệ, thủy tinh fiberglass, tinh fiberglass pipe, tờ khai 106872438961, pce đã kiểm, roll pce đã, khai 106872438961 10, hóa tờ khai, đã kiểm hóa, kiểm hóa tờ, dây, sợi thủy tinh, phẩm chất liệu, sản phẩm chất",70200090,SP THỦY TINH,NC,Sản phẩm thủy tinh khác,Ống Bảo Vệ Dây,10
Đồ Gá Lò,70200090,SP THỦY TINH,NC,Sản phẩm thủy tinh khác,Đồ Gá Lò,17
"kính, hiệu ánh sáng, sáng máy in, tín hiệu ánh, phản xạ tín, xạ tín hiệu, ánh sáng máy, in kích thước, máy in kích, kích thước 298, thước 298 15, tấm, kích thước 316, thước 316 11, sản xuất camera",70200090,SP THỦY TINH,LK,Sản phẩm thủy tinh khác,Kính Cắt Laser,32
"thủy tinh, trang trí, chất liệu thủy, tinh kích thước, động chất liệu, kích thước 62x20, trí camera điện, thước 62x20 70x57, camera điện thoại, di động chất, điện thoại di, thoại di động, viền trang, tinh nền đĩa, tinh rỗng chứa",70200090,SP THỦY TINH,NC,Sản phẩm thủy tinh khác,Ống Thủy Tinh,53
"trang trí, kích thước 62x20, trí camera điện, thước 62x20 70x57, camera điện thoại, điện thoại di, thoại di động, di động chất, động chất liệu, viền trang, thủy tinh kích, tinh kích thước, chất liệu thủy, liệu thủy tinh, trí thủy tinh",70200090,SP THỦY TINH,NC,Sản phẩm thủy tinh khác,Hoa Sen Trang Trí,4
"ống, thủy tinh fiberglass, tinh fiberglass pipe, tờ khai 106872438961, pce đã kiểm, roll pce đã, khai 106872438961 10, hóa tờ khai, đã kiểm hóa, kiểm hóa tờ, sợi thủy tinh, fiberglass pipe 32, dung, thiết bị chiếu, đèn uv 25w",70200090,SP THỦY TINH,LK,Sản phẩm thủy tinh khác,Ống Đong Dung Môi,19
"thờ, hoa sen, cúng thủy tinh, tinh decorated worship, sen trang trí, thủy tinh decorated, trang trí bàn, decorated worship lotus, worship lotus cyx, thủy tinh 13cm, thủy tinh 20cm, đèn dầu, thủy tinh phi, tượng, tinh phi 12cm",70200090,SP THỦY TINH,NC,Sản phẩm thủy tinh khác,Tượng Thờ Cúng,62
"kính, tấm, ánh sáng máy, hiệu ánh sáng, sáng máy in, tín hiệu ánh, phản xạ tín, xạ tín hiệu, in kích thước, máy in kích, kích thước 298, thước 298 15, kích thước 316, thước 316 11, sản xuất camera",70200090,SP THỦY TINH,NC,Sản phẩm thủy tinh khác,Tấm Kính Chống Bụi,47
"phòng, sx chai xịt, ngăn, keo hình tròn, bơm keo tự, keo tự động, keo tràn khỏi, tự động 0020022, quartz 3t pi13, đế bơm keo, bơm keo hình, hình tròn kt, tròn kt 13x3mm, bp bơm keo, tràn khỏi bơm",70200090,SP THỦY TINH,LK,Sản phẩm thủy tinh khác,Vách Ngăn Phòng Tắm,58
"thủy tinh, trang trí, chất liệu thủy, tinh kích thước, động chất liệu, kích thước 62x20, trí camera điện, thước 62x20 70x57, di động chất, camera điện thoại, điện thoại di, thoại di động, viền trang, tinh nền đĩa, tinh rỗng chứa",70200090,SP THỦY TINH,NC,Sản phẩm thủy tinh khác,Cửa Sổ Thủy Tinh,64
"kính, tấm, ánh sáng máy, hiệu ánh sáng, sáng máy in, tín hiệu ánh, phản xạ tín, xạ tín hiệu, in kích thước, máy in kích, kích thước 298, thước 298 15, kích thước 316, thước 316 11, sản xuất camera",70200090,SP THỦY TINH,LK,Sản phẩm thủy tinh khác,Tấm Kính Giảm Sáng,21
"thủy tinh, trang trí, chất liệu thủy, tinh kích thước, kích thước 62x20, trí camera điện, thước 62x20 70x57, camera điện thoại, điện thoại di, thoại di động, động chất liệu, di động chất, viền trang, tinh nền đĩa, tinh rỗng chứa",70200090,SP THỦY TINH,NC,Sản phẩm thủy tinh khác,Vỏ Trang Trí Thủy Tinh,33
"mục tkn, tạm mục, tkn 101825745450 a12, ngày 19 01, a12 ngày 19, phase mask l6, tkn 101032581310 a12, a12 ngày 12, ngày 12 09, l6 322228613 87x36x5mm, mask l6 322228613, mask c4 fj, phase mask c4, c4 fj 675, mask c1 fj",70200090,SP THỦY TINH,NC,Sản phẩm thủy tinh khác,Mặt Nạ Gương,70
"nung silic công, nghiệp 02 05, cz160 36 06, kích thước phi944, thạch anh ja, thước phi944 750mm, ja cz160 36, silic công nghiệp, anh ja cz160, phi944 750mm nung, công nghiệp 02, nồi nấu kim, nấu kim loại, phi 944mm 680mm, thước phi 944mm",70200090,SP THỦY TINH,NC,Sản phẩm thủy tinh khác,Nồi Nung Chảy,1
"kính, tấm, ánh sáng máy, hiệu ánh sáng, sáng máy in, tín hiệu ánh, phản xạ tín, xạ tín hiệu, in kích thước, máy in kích, kích thước 298, thước 298 15, kích thước 316, thước 316 11, sản xuất camera",70200090,SP THỦY TINH,NC,Sản phẩm thủy tinh khác,Tấm Kính Thấu,20
"thủy tinh, trang trí, chất liệu thủy, tinh kích thước, động chất liệu, kích thước 62x20, trí camera điện, thước 62x20 70x57, di động chất, camera điện thoại, điện thoại di, thoại di động, viền trang, tinh nền đĩa, tinh rỗng chứa",70200090,SP THỦY TINH,NC,Sản phẩm thủy tinh khác,Đế Bơm Keo Thủy Tinh,34
"tấm kính, ánh sáng máy, hiệu ánh sáng, sáng máy in, tín hiệu ánh, phản xạ tín, xạ tín hiệu, kính phản xạ, in kích thước, máy in kích, kích thước 298, thước 298 15, kích thước 316, thước 316 11, bảo vệ",70200090,SP THỦY TINH,LK,Sản phẩm thủy tinh khác,Tấm Bảo Vệ,43
"thủy tinh, trang trí, chất liệu thủy, tinh kích thước, động chất liệu, kích thước 62x20, trí camera điện, thước 62x20 70x57, camera điện thoại, di động chất, điện thoại di, thoại di động, viền trang, tinh nền đĩa, tinh rỗng chứa",70200090,SP THỦY TINH,NC,Sản phẩm thủy tinh khác,Ống Hồi Thủy Tinh,67
"điện thoại di, thoại di động, viền trang trí, kích thước 62x20, trí camera điện, trang trí camera, thước 62x20 70x57, camera điện thoại, di động chất, động chất liệu, thủy tinh kích, tinh kích thước, liệu thủy tinh, chất liệu thủy, kính",70200090,SP THỦY TINH,NC,Sản phẩm thủy tinh khác,Kính Camera,2
"kính, tấm, ánh sáng máy, hiệu ánh sáng, sáng máy in, tín hiệu ánh, phản xạ tín, xạ tín hiệu, in kích thước, máy in kích, kích thước 298, thước 298 15, kích thước 316, thước 316 11, sản xuất camera",70200090,SP THỦY TINH,NC,Sản phẩm thủy tinh khác,Tấm Ốp Kính,5
"thủy tinh, trang trí, chất liệu thủy, tinh kích thước, động chất liệu, kích thước 62x20, trí camera điện, thước 62x20 70x57, di động chất, camera điện thoại, điện thoại di, thoại di động, viền trang, tinh nền đĩa, tinh rỗng chứa",70200090,SP THỦY TINH,NC,Sản phẩm thủy tinh khác,Trụ Thủy Tinh,18
"nắp khung đèn, glass kích thước, khung đèn thủy, đèn thủy tinh, cố định, định sản phẩm, chất liệu chủ, rod dây cố, liệu chủ yếu, yếu thủy tinh, thủy tinh gia, gia cố nhựa, tp 70 glass, fiber 30 resin, nhựa tp 70",70200090,SP THỦY TINH,LK,Sản phẩm thủy tinh khác,Nắp Cố Định,44
"ống, thủy tinh fiberglass, tinh fiberglass pipe, tờ khai 106872438961, pce đã kiểm, roll pce đã, khai 106872438961 10, hóa tờ khai, đã kiểm hóa, kiểm hóa tờ, sợi thủy tinh, fiberglass pipe 32, dung, thiết bị chiếu, đèn uv 25w",70200090,SP THỦY TINH,NC,Sản phẩm thủy tinh khác,Ống Hút Dung Dịch,60
"kính, trí xây dựng, trang trí xây, miếng trang trí, mosaic trang trí, phẩm mosaic trang, sản phẩm mosaic, sản xuất sản, xuất sản phẩm, trang trí thủy, trí thủy tinh, hiệu ánh sáng, sáng máy in, tín hiệu ánh, phản xạ tín",70200090,SP THỦY TINH,NC,Sản phẩm thủy tinh khác,Miếng Kính Phát Tán,69
"mục tkn, điện thoại di, thoại di động, viền trang trí, kích thước 62x20, trí camera điện, trang trí camera, thước 62x20 70x57, camera điện thoại, tạm mục, di động chất, động chất liệu, tkn 101825745450 a12, ngày 19 01, a12 ngày 19",70200090,SP THỦY TINH,NC,Sản phẩm thủy tinh khác,Mặt Kính Điện Tử,22
"kính, tấm, ánh sáng máy, hiệu ánh sáng, sáng máy in, tín hiệu ánh, phản xạ tín, xạ tín hiệu, in kích thước, máy in kích, kích thước 298, thước 298 15, kích thước 316, thước 316 11, bảo vệ",70200090,SP THỦY TINH,NC,Sản phẩm thủy tinh khác,Tấm Kính Bảo Vệ,50
"tấm kính, ánh sáng máy, hiệu ánh sáng, sáng máy in, tín hiệu ánh, phản xạ tín, xạ tín hiệu, kính phản xạ, in kích thước, máy in kích, kích thước 298, thước 298 15, kích thước 316, thước 316 11, hình ảnh",70200090,SP THỦY TINH,NC,Sản phẩm thủy tinh khác,Tấm Chắn Tia UV,54
"sx chai, chai tỏa hương, hương liệu sx, chứa hương liệu, rỗng chứa hương, hình, diffuser, chứa hliệu sx, rỗng chứa hliệu, tấm kính bộ, bộ phận quét, vessel dia50xh122mm fm, kính bộ phận, dia50xh122mm fm sz, xuất lito technology",70200090,SP THỦY TINH,NC,Sản phẩm thủy tinh khác,Mô Hình Chai,55
"thủy tinh, trang trí, chất liệu thủy, tinh kích thước, động chất liệu, kích thước 62x20, trí camera điện, thước 62x20 70x57, di động chất, camera điện thoại, điện thoại di, thoại di động, viền trang, tinh nền đĩa, tinh rỗng chứa",70200090,SP THỦY TINH,NC,Sản phẩm thủy tinh khác,Lọ Thủy Tinh Rỗng,59
"điện thoại di, thoại di động, viền trang trí, kích thước 62x20, trí camera điện, trang trí camera, thước 62x20 70x57, camera điện thoại, di động chất, động chất liệu, thủy tinh kích, tinh kích thước, liệu thủy tinh, chất liệu thủy, kính",70200090,SP THỦY TINH,LK,Sản phẩm thủy tinh khác,Thấu Kính Điện Thoại,61
"buồng dòng chảy, dòng chảy quang, bị điều khiển, khiển tự động, tự động mạ, học 10mm optical, chảy quang học, điều khiển tự, niken starline dash, động mạ niken, flow cell 10mm, starline dash nf, optical flow cell, thiết bị điều, quang học 10mm",70200090,SP THỦY TINH,NC,Sản phẩm thủy tinh khác,Dây Dẫn Quang Học,63
"kính, hiệu ánh sáng, sáng máy in, tín hiệu ánh, phản xạ tín, xạ tín hiệu, ánh sáng máy, in kích thước, máy in kích, kích thước 298, thước 298 15, tấm, kích thước 316, thước 316 11, sản xuất camera",70200090,SP THỦY TINH,NC,Sản phẩm thủy tinh khác,Kính Xem Lượng Xăng,27
"thủy tinh, trang trí, chất liệu thủy, tinh kích thước, động chất liệu, kích thước 62x20, trí camera điện, thước 62x20 70x57, di động chất, camera điện thoại, điện thoại di, thoại di động, viền trang, tinh nền đĩa, tinh rỗng chứa",70200090,SP THỦY TINH,NC,Sản phẩm thủy tinh khác,Băng Tải Thủy Tinh,37
"thủy tinh, trang trí, chất liệu thủy, tinh kích thước, động chất liệu, kích thước 62x20, trí camera điện, thước 62x20 70x57, di động chất, camera điện thoại, điện thoại di, thoại di động, viền trang, tinh nền đĩa, tinh rỗng chứa",70200090,SP THỦY TINH,NC,Sản phẩm thủy tinh khác,Ly Thủy Tinh,40
"thủy tinh, trang trí, chất liệu thủy, tinh kích thước, động chất liệu, kích thước 62x20, trí camera điện, thước 62x20 70x57, di động chất, camera điện thoại, điện thoại di, thoại di động, viền trang, tinh nền đĩa, tinh rỗng chứa",70200090,SP THỦY TINH,NC,Sản phẩm thủy tinh khác,Miếng Thủy Tinh,49
"thủy tinh, trang trí, chất liệu thủy, tinh kích thước, động chất liệu, kích thước 62x20, trí camera điện, thước 62x20 70x57, di động chất, camera điện thoại, điện thoại di, thoại di động, viền trang, tinh nền đĩa, tinh rỗng chứa",70200090,SP THỦY TINH,NC,Sản phẩm thủy tinh khác,Bể Cá Thủy Tinh,65
"cường lực tủ, lạnh tủ mát, tủ lạnh tủ, mát công nghiệp, lực tủ lạnh, tủ mát công, nhãn hiệu xinghang, kính cường lực, nghiệp kích thước, công nghiệp kích, xuất lito technology, sản xuất lito, inch hãng sản, hình máy tính, máy tính bảng",70200090,SP THỦY TINH,NC,Sản phẩm thủy tinh khác,Dán Cường Lực,66
"ấm đun nước, siêu tốc, dung tích, công suất, nhãn hiệu, điện áp, đun nước siêu, suất 1500w, đun nước dùng, tốc nhãn, áp 220v, đun siêu, ấm siêu, nước dùng ấm, áp 220 240v",85167910,SP THIẾT BỊ ĐIỆN GIA DỤNG,NC,Ấm đun nước điện,[OUTLIER] đun nước dung,-1
"ấm đun nước, siêu tốc, dung tích, công suất, nhãn hiệu, điện áp, đun nước siêu, suất 1500w, đun nước dùng, tốc nhãn, đun siêu, ấm siêu, áp 220v, nước dùng ấm, áp 220 240v",85167910,SP THIẾT BỊ ĐIỆN GIA DỤNG,LK,Ấm đun nước điện,Ấm Đun Nước Nhựa,5
"ấm đun nước, siêu tốc, dung tích, công suất, nhãn hiệu, điện áp, đun nước siêu, suất 1500w, đun nước dùng, tốc nhãn, áp 220v, đun siêu, ấm siêu, nước dùng ấm, áp 220 240v",85167910,SP THIẾT BỊ ĐIỆN GIA DỤNG,LK,Ấm đun nước điện,Ấm Đun Nước Thủy Tinh,1
"ấm đun nước, siêu tốc, dung tích, công suất, nhãn hiệu, điện áp, đun nước siêu, suất 1500w, đun nước dùng, tốc nhãn, ấm siêu, đun siêu, áp 220v, nước dùng ấm, áp 220 240v",85167910,SP THIẾT BỊ ĐIỆN GIA DỤNG,NC,Ấm đun nước điện,Ấm Đun Nước Siêu Tốc Màu,12
"ấm đun nước, siêu tốc, dung tích, công suất, nhãn hiệu, điện áp, đun nước siêu, suất 1500w, đun nước dùng, tốc nhãn, đun siêu, ấm siêu, áp 220v, nước dùng ấm, áp 220 240v",85167910,SP THIẾT BỊ ĐIỆN GIA DỤNG,NC,Ấm đun nước điện,Ấm Đun Nước Toán,8
"ấm đun nước, siêu tốc, dung tích, công suất, nhãn hiệu, điện áp, đun nước siêu, suất 1500w, đun nước dùng, tốc nhãn, ấm siêu, đun siêu, áp 220v, nước dùng ấm, áp 220 240v",85167910,SP THIẾT BỊ ĐIỆN GIA DỤNG,NC,Ấm đun nước điện,Ấm Đun Nước Siêu Tốc,0
"ấm đun nước, siêu tốc, dung tích, công suất, nhãn hiệu, điện áp, đun nước siêu, suất 1500w, đun nước dùng, tốc nhãn, đun siêu, ấm siêu, áp 220v, nước dùng ấm, áp 220 240v",85167910,SP THIẾT BỊ ĐIỆN GIA DỤNG,NC,Ấm đun nước điện,Ấm Đun Nước Dây Nguồn,6
"ấm đun nước, siêu tốc, dung tích, công suất, nhãn hiệu, điện áp, đun nước siêu, suất 1500w, đun nước dùng, tốc nhãn, ấm siêu, áp 220v, đun siêu, nước dùng ấm, áp 220 240v",85167910,SP THIẾT BỊ ĐIỆN GIA DỤNG,NC,Ấm đun nước điện,Bình Đun Siêu Tốc,3
"ấm đun nước, siêu tốc, dung tích, công suất, nhãn hiệu, điện áp, đun nước siêu, suất 1500w, đun nước dùng, tốc nhãn, đun siêu, ấm siêu, áp 220v, nước dùng ấm, áp 220 240v",85167910,SP THIẾT BỊ ĐIỆN GIA DỤNG,NC,Ấm đun nước điện,Ấm Đun Nước Công Suất,4
"ấm đun nước, siêu tốc, dung tích, công suất, nhãn hiệu, điện áp, đun nước siêu, suất 1500w, đun nước dùng, tốc nhãn, ấm siêu, áp 220v, đun siêu, nước dùng ấm, áp 220 240v",85167910,SP THIẾT BỊ ĐIỆN GIA DỤNG,NC,Ấm đun nước điện,Bình Đun Siêu Tốc Thủy,11
"ấm đun nước, siêu tốc, dung tích, công suất, nhãn hiệu, điện áp, đun nước siêu, suất 1500w, đun nước dùng, tốc nhãn, đun siêu, ấm siêu, áp 220v, nước dùng ấm, áp 220 240v",85167910,SP THIẾT BỊ ĐIỆN GIA DỤNG,LK,Ấm đun nước điện,Ấm Đun Nước Cầm Tay,2
"ấm đun nước, siêu tốc, dung tích, công suất, nhãn hiệu, điện áp, đun nước siêu, suất 1500w, đun nước dùng, tốc nhãn, đun siêu, ấm siêu, áp 220v, nước dùng ấm, áp 220 240v",85167910,SP THIẾT BỊ ĐIỆN GIA DỤNG,NC,Ấm đun nước điện,Ấm Đun Nước Thép,9
"kettle xiaomi, ấm xiaomi, áp 200 240v, xiaomi mjjysh01 no, mjjysh01 no bhr9107eu, no bhr9107eu cs, kettle pro xiaomi, xiaomi smart kettle, cs 1800w áp, pro xiaomi mjjysh01, smart kettle pro, bhr9107eu cs 1800w, bhr9118eu cs 800w, xiaomi mjdgnysh04dem no, cs 800w áp",85167910,SP THIẾT BỊ ĐIỆN GIA DỤNG,NC,Ấm đun nước điện,Bình Thủy Điện,10
"ấm đun nước, siêu tốc, dung tích, công suất, nhãn hiệu, điện áp, đun nước siêu, suất 1500w, đun nước dùng, tốc nhãn, đun siêu, ấm siêu, áp 220v, nước dùng ấm, áp 220 240v",85167910,SP THIẾT BỊ ĐIỆN GIA DỤNG,NC,Ấm đun nước điện,Ấm Đun Nước Jvd,15
"ấm đun nước, siêu tốc, dung tích, công suất, nhãn hiệu, điện áp, đun nước siêu, suất 1500w, đun nước dùng, tốc nhãn, đun siêu, ấm siêu, áp 220v, nước dùng ấm, áp 220 240v",85167910,SP THIẾT BỊ ĐIỆN GIA DỤNG,LK,Ấm đun nước điện,Ấm Đun Nước Uống,7
"ấm đun nước, siêu tốc, dung tích, công suất, nhãn hiệu, điện áp, đun nước siêu, suất 1500w, đun nước dùng, tốc nhãn, ấm siêu, áp 220v, đun siêu, nước dùng ấm, áp 220 240v",85167910,SP THIẾT BỊ ĐIỆN GIA DỤNG,NC,Ấm đun nước điện,Bình Đun Siêu Tốc Công Suất,16
"đèn, pha gắn kín, sáng xe sân, golf chỗ điện, điện áp 48v, suất 5w kích, áp 48v công, công suất 5w, chiếu sáng xe, thước 300 130, xe sân golf, sân golf chỗ, kích thước 300, chỗ điện áp, xe trượt",85391010,SP ĐÈN/BÓNG ĐÈN,NC,Đèn pha gắn kín — dùng cho xe có động cơ,[OUTLIER] đèn pha gắn,-1
"đèn, pha gắn kín, sáng xe sân, golf chỗ điện, điện áp 48v, suất 5w kích, áp 48v công, công suất 5w, chiếu sáng xe, thước 300 130, xe sân golf, sân golf chỗ, kích thước 300, chỗ điện áp, xe trượt",85391010,SP ĐÈN/BÓNG ĐÈN,NC,Đèn pha gắn kín — dùng cho xe có động cơ,Đèn Chiếu Sáng,0
"đèn, pha gắn kín, sáng xe sân, golf chỗ điện, điện áp 48v, suất 5w kích, áp 48v công, công suất 5w, chiếu sáng xe, thước 300 130, xe sân golf, sân golf chỗ, kích thước 300, chỗ điện áp, xe trượt",85391010,SP ĐÈN/BÓNG ĐÈN,NC,Đèn pha gắn kín — dùng cho xe có động cơ,Đèn Gắn Kín,2
"đèn, pha gắn kín, sáng xe sân, golf chỗ điện, điện áp 48v, suất 5w kích, áp 48v công, công suất 5w, chiếu sáng xe, thước 300 130, xe sân golf, sân golf chỗ, kích thước 300, chỗ điện áp, xe trượt",85391010,SP ĐÈN/BÓNG ĐÈN,NC,Đèn pha gắn kín — dùng cho xe có động cơ,Chóa Đèn Xe,1
"bóng đèn led, đèn led ô, nối bóng đèn, led ô tô, ô tô 35843, ô tô 35842, ô tô 49505, tô 49505 1215, tô 35843 1215, tô 35843 1235, tô 35842 1305, bóng đèn dây, đèn phóng điện, ngành hàng không, hoặc bóng đèn",85391090,SP ĐÈN/BÓNG ĐÈN,NC,Đèn pha gắn kín — loại khác,Đầu Nối Bóng,0
"đèn, led ô tô, nối bóng, pha, ô tô 35843, máy, phụ tùng, bộ phận, tùng đồng bộ, kéo nông nghiệp, gắn kín, ô tô 35842, xe nâng, xúc, xuất xứ thái",85391090,SP ĐÈN/BÓNG ĐÈN,LK,Đèn pha gắn kín — loại khác,[OUTLIER] đèn pha nâng,-1
"đèn, led ô tô, nối bóng, pha, ô tô 35843, máy, phụ tùng, bộ phận, tùng đồng bộ, kéo nông nghiệp, gắn kín, ô tô 35842, xe nâng, xúc, xuất xứ thái",85391090,SP ĐÈN/BÓNG ĐÈN,NC,Đèn pha gắn kín — loại khác,Đèn Máy Xúc,1
"máy, đèn đèn pha, phụ tùng, bộ phận, tùng đồng bộ, kéo nông nghiệp, xúc, xuất xứ thái, nông nghiệp đèn, xứ thái lan, đèn pha gắn, pha gắn kín, đào, nghiệp đèn pha, cày",85391090,SP ĐÈN/BÓNG ĐÈN,LK,Đèn pha gắn kín — loại khác,Phụ Tùng Máy Cày,2
"đèn, led ô tô, nối bóng, pha, ô tô 35843, máy, phụ tùng, bộ phận, tùng đồng bộ, kéo nông nghiệp, gắn kín, ô tô 35842, xe nâng, xúc, xuất xứ thái",85391090,SP ĐÈN/BÓNG ĐÈN,NC,Đèn pha gắn kín — loại khác,Đèn Chụp Bán Cầu,3
"bóng đèn, đèn halogen, xét nghiệm, máy, lamp, sinh, y tế, đèn ha lo, hóa, vonfram, assy, tự động, hãng, ha lo gien, hệ thống",85392120,SP ĐÈN/BÓNG ĐÈN,NC,Bóng đèn ha-lo-gien vonfram — thiết bị y tế,[OUTLIER] đèn halogen bóng,-1
"bóng đèn, phụ tùng, ha lo gien, tùng xe, ô tô, lo gien phụ, chỗ, đèn halogen, đèn cụm đèn, xe ô, mspt, đèn pha, công suất, kia, nhãn hiệu",85392130,SP ĐÈN/BÓNG ĐÈN,NC,Bóng đèn ha-lo-gien vonfram — xe có động cơ,Đèn Cụm Tín Hiệu,1
"bóng đèn, phụ tùng, ha lo gien, tùng xe, ô tô, lo gien phụ, chỗ, đèn halogen, đèn cụm đèn, xe ô, mspt, đèn pha, công suất, kia, nhãn hiệu",85392130,SP ĐÈN/BÓNG ĐÈN,NC,Bóng đèn ha-lo-gien vonfram — xe có động cơ,[OUTLIER] đèn bóng halogen,-1
"bóng đèn, phụ tùng, ha lo gien, tùng xe, ô tô, lo gien phụ, chỗ, đèn halogen, đèn cụm đèn, xe ô, mspt, đèn pha, công suất, kia, nhãn hiệu",85392130,SP ĐÈN/BÓNG ĐÈN,LK,Bóng đèn ha-lo-gien vonfram — xe có động cơ,Đèn Gầm Xe,9
"bóng đèn, phụ tùng, ha lo gien, tùng xe, ô tô, lo gien phụ, chỗ, đèn halogen, đèn cụm đèn, xe ô, mspt, đèn pha, công suất, kia, nhãn hiệu",85392130,SP ĐÈN/BÓNG ĐÈN,NC,Bóng đèn ha-lo-gien vonfram — xe có động cơ,Đèn Xe Chở Người,8
"bóng đèn, phụ tùng, ha lo gien, tùng xe, ô tô, lo gien phụ, chỗ, đèn halogen, đèn cụm đèn, xe ô, mspt, đèn pha, công suất, kia, nhãn hiệu",85392130,SP ĐÈN/BÓNG ĐÈN,NC,Bóng đèn ha-lo-gien vonfram — xe có động cơ,Đèn Hậu Xe,2
"bóng đèn, phụ tùng, ha lo gien, tùng xe, ô tô, lo gien phụ, chỗ, đèn halogen, đèn cụm đèn, xe ô, mspt, đèn pha, công suất, kia, nhãn hiệu",85392130,SP ĐÈN/BÓNG ĐÈN,NC,Bóng đèn ha-lo-gien vonfram — xe có động cơ,Đèn Ha Lô Gen,7
"bóng đèn, phụ tùng, ha lo gien, tùng xe, ô tô, lo gien phụ, chỗ, đèn halogen, đèn cụm đèn, xe ô, mspt, đèn pha, công suất, kia, nhãn hiệu",85392130,SP ĐÈN/BÓNG ĐÈN,NC,Bóng đèn ha-lo-gien vonfram — xe có động cơ,Đèn Xe Nâng,5
"bóng đèn, phụ tùng, ha lo gien, tùng xe, ô tô, lo gien phụ, chỗ, đèn halogen, đèn cụm đèn, xe ô, mspt, đèn pha, công suất, kia, nhãn hiệu",85392130,SP ĐÈN/BÓNG ĐÈN,NC,Bóng đèn ha-lo-gien vonfram — xe có động cơ,Bóng Đèn Xe,6
"bóng đèn, phụ tùng, ha lo gien, tùng xe, ô tô, lo gien phụ, chỗ, đèn halogen, đèn cụm đèn, xe ô, mspt, đèn pha, công suất, kia, nhãn hiệu",85392130,SP ĐÈN/BÓNG ĐÈN,NC,Bóng đèn ha-lo-gien vonfram — xe có động cơ,Đèn Xe Du Lịch,0
"bóng đèn, phụ tùng, ha lo gien, tùng xe, ô tô, lo gien phụ, chỗ, đèn halogen, đèn cụm đèn, xe ô, mspt, đèn pha, công suất, kia, nhãn hiệu",85392130,SP ĐÈN/BÓNG ĐÈN,NC,Bóng đèn ha-lo-gien vonfram — xe có động cơ,Đèn Công Suất,3
"bóng đèn, phụ tùng, ha lo gien, tùng xe, ô tô, lo gien phụ, chỗ, đèn halogen, đèn cụm đèn, xe ô, mspt, đèn pha, công suất, kia, nhãn hiệu",85392130,SP ĐÈN/BÓNG ĐÈN,LK,Bóng đèn ha-lo-gien vonfram — xe có động cơ,Đèn Xe Đầu Kéo,4
"bóng đèn, phản xạ, đèn halogen, linh kiện sản, lò nướng integrated, xuất lò nướng, kiện sản xuất, sản xuất lò, nướng integrated lamp, halogen phản, ánh sáng 120v, xạ ánh sáng, sáng 120v 25w, đèn phản, hãng foss",85392140,SP ĐÈN/BÓNG ĐÈN,NC,Bóng đèn ha-lo-gien vonfram — phản xạ,[OUTLIER] đèn halogen bóng,-1
"bóng đèn, phản xạ, đèn halogen, linh kiện sản, lò nướng integrated, xuất lò nướng, kiện sản xuất, sản xuất lò, nướng integrated lamp, halogen phản, ánh sáng 120v, xạ ánh sáng, sáng 120v 25w, đèn phản, hãng foss",85392140,SP ĐÈN/BÓNG ĐÈN,NC,Bóng đèn ha-lo-gien vonfram — phản xạ,Đèn Halogen,0
"đèn, bóng, halogen, công suất, điện áp, truyền nhiệt, máy, hallogen bảng công, suất 10w điện, gienvôn fram thiết, ha lo gienvôn, lo gienvôn fram, áp 220v, chiếu, kt 15 15",85392190,SP ĐÈN/BÓNG ĐÈN,LK,Bóng đèn ha-lo-gien vonfram — loại khác,[OUTLIER] đèn bóng halogen,-1
"đèn, halogen, bóng, công suất, điện áp, truyền nhiệt, hallogen bảng công, suất 10w điện, máy, áp 220v, item no, fsl autotech, hclight auto, dr30d0l, sản xuất",85392190,SP ĐÈN/BÓNG ĐÈN,NC,Bóng đèn ha-lo-gien vonfram — loại khác,Đèn Truyền Nhiệt,1
"đèn, bóng, halogen, công suất, điện áp, truyền nhiệt, máy, hallogen bảng công, suất 10w điện, gienvôn fram thiết, ha lo gienvôn, lo gienvôn fram, áp 220v, chiếu, kt 15 15",85392190,SP ĐÈN/BÓNG ĐÈN,NC,Bóng đèn ha-lo-gien vonfram — loại khác,Bóng Đèn Bảng,2
"đèn, halogen, bóng, công suất, điện áp, truyền nhiệt, hallogen bảng công, suất 10w điện, máy, áp 220v, item no, fsl autotech, hclight auto, dr30d0l, sản xuất",85392190,SP ĐÈN/BÓNG ĐÈN,NC,Bóng đèn ha-lo-gien vonfram — loại khác,Đèn Xe Hơi,9
"đèn, bóng, halogen, công suất, điện áp, truyền nhiệt, máy, hallogen bảng công, suất 10w điện, gienvôn fram thiết, ha lo gienvôn, lo gienvôn fram, áp 220v, chiếu, kt 15 15",85392190,SP ĐÈN/BÓNG ĐÈN,NC,Bóng đèn ha-lo-gien vonfram — loại khác,Bóng Đèn Bán Thành Phẩm,5
"đèn, halogen, bóng, công suất, điện áp, truyền nhiệt, hallogen bảng công, suất 10w điện, máy, áp 220v, item no, fsl autotech, hclight auto, dr30d0l, sản xuất",85392190,SP ĐÈN/BÓNG ĐÈN,LK,Bóng đèn ha-lo-gien vonfram — loại khác,Đèn Nướng,0
"đèn, halogen, bóng, công suất, điện áp, truyền nhiệt, hallogen bảng công, suất 10w điện, máy, áp 220v, item no, fsl autotech, hclight auto, dr30d0l, sản xuất",85392190,SP ĐÈN/BÓNG ĐÈN,NC,Bóng đèn ha-lo-gien vonfram — loại khác,Đèn Tóc Xe,10
"đèn, bóng, halogen, công suất, điện áp, truyền nhiệt, máy, hallogen bảng công, suất 10w điện, gienvôn fram thiết, ha lo gienvôn, lo gienvôn fram, áp 220v, chiếu, kt 15 15",85392190,SP ĐÈN/BÓNG ĐÈN,NC,Bóng đèn ha-lo-gien vonfram — loại khác,Bóng Đèn Jfr,16
"đèn, bóng, halogen, công suất, điện áp, truyền nhiệt, máy, hallogen bảng công, suất 10w điện, gienvôn fram thiết, ha lo gienvôn, lo gienvôn fram, áp 220v, chiếu, kt 15 15",85392190,SP ĐÈN/BÓNG ĐÈN,NC,Bóng đèn ha-lo-gien vonfram — loại khác,Bóng Đèn Halogen,15
"đèn, bóng, halogen, công suất, điện áp, truyền nhiệt, máy, hallogen bảng công, suất 10w điện, gienvôn fram thiết, ha lo gienvôn, lo gienvôn fram, áp 220v, chiếu, kt 15 15",85392190,SP ĐÈN/BÓNG ĐÈN,NC,Bóng đèn ha-lo-gien vonfram — loại khác,Đèn Chiếu Phim,6
"đèn, halogen, bóng, công suất, điện áp, truyền nhiệt, hallogen bảng công, suất 10w điện, máy, áp 220v, item no, fsl autotech, hclight auto, dr30d0l, sản xuất",85392190,SP ĐÈN/BÓNG ĐÈN,NC,Bóng đèn ha-lo-gien vonfram — loại khác,Đèn Báo Tàu Thủy,3
"đèn, halogen, bóng, công suất, điện áp, truyền nhiệt, hallogen bảng công, suất 10w điện, máy, áp 220v, item no, fsl autotech, hclight auto, dr30d0l, sản xuất",85392190,SP ĐÈN/BÓNG ĐÈN,NC,Bóng đèn ha-lo-gien vonfram — loại khác,Đèn Cao Tần,8
"đèn, halogen, bóng, công suất, điện áp, truyền nhiệt, hallogen bảng công, suất 10w điện, máy, áp 220v, item no, fsl autotech, hclight auto, dr30d0l, sản xuất",85392190,SP ĐÈN/BÓNG ĐÈN,NC,Bóng đèn ha-lo-gien vonfram — loại khác,Đèn Động,11
"đèn, bóng, halogen, công suất, điện áp, truyền nhiệt, máy, hallogen bảng công, suất 10w điện, gienvôn fram thiết, ha lo gienvôn, lo gienvôn fram, áp 220v, chiếu, kt 15 15",85392190,SP ĐÈN/BÓNG ĐÈN,NC,Bóng đèn ha-lo-gien vonfram — loại khác,Đèn Máy Chiếu,13
"đèn, halogen, bóng, công suất, điện áp, truyền nhiệt, hallogen bảng công, suất 10w điện, máy, áp 220v, item no, fsl autotech, hclight auto, dr30d0l, sản xuất",85392190,SP ĐÈN/BÓNG ĐÈN,NC,Bóng đèn ha-lo-gien vonfram — loại khác,Đèn Sấy Mực,14
"đèn, halogen, bóng, công suất, điện áp, truyền nhiệt, hallogen bảng công, suất 10w điện, máy, áp 220v, item no, fsl autotech, hclight auto, dr30d0l, sản xuất",85392190,SP ĐÈN/BÓNG ĐÈN,NC,Bóng đèn ha-lo-gien vonfram — loại khác,Đèn Phòng Thí Nghiệm,4
"đèn, halogen, bóng, công suất, điện áp, truyền nhiệt, hallogen bảng công, suất 10w điện, máy, áp 220v, item no, fsl autotech, hclight auto, dr30d0l, sản xuất",85392190,SP ĐÈN/BÓNG ĐÈN,NC,Bóng đèn ha-lo-gien vonfram — loại khác,Đèn Cấp Nhiệt,7
"đèn, halogen, bóng, công suất, điện áp, truyền nhiệt, hallogen bảng công, suất 10w điện, máy, áp 220v, item no, fsl autotech, hclight auto, dr30d0l, sản xuất",85392190,SP ĐÈN/BÓNG ĐÈN,NC,Bóng đèn ha-lo-gien vonfram — loại khác,Đèn Tàu,12
"bóng, điện áp, sử dụng, công suất, trang trí, tần số 50hz, yuhong optoelectronic technology, optoelectronic technology sử, số 50hz yuhong, dụng nhà hàng, áp 220v tần, đường kính 59mm, dây tóc chiếu, chiếu sáng trang, st58 120v 60w",85392231,SP ĐÈN/BÓNG ĐÈN,NC,Bóng đèn dây tóc — chiếu sáng trang trí ≤60W,[OUTLIER] bóng đèn công,-1
"bóng tuýp led, bộ bóng tuýp, led 60cm 10w, tuýp led 60cm, tuýp led t8, led t8 36w",85392233,SP ĐÈN/BÓNG ĐÈN,NC,Bóng đèn dây tóc — chiếu sáng gia dụng,[OUTLIER] bóng tuýp led,-1
"ăn ris 121374, hâm nóng thức, kiện bóng đèn, bóng đèn hâm, phụ kiện bóng, nóng thức ăn, công suất 250w, đèn hâm nóng, ris 121374 công, kích thước 130x100, thức ăn ris, suất 250w kích",85392239,SP ĐÈN/BÓNG ĐÈN,NC,Bóng đèn dây tóc ≤200W — loại khác,Phụ Kiện Đèn,0
"bóng đèn, đèn sợi đốt, trang trí, công suất, sợi đốt trang, sản xuất, đuôi e26, dongguan bosun optoelectronic, bosun optoelectronic technology, xuất bộ đèn, điện áp, bộ đèn gắn, gắn giường bàn, giường bàn tủ, bàn tủ 361",85392291,SP ĐÈN/BÓNG ĐÈN,NC,Bóng đèn dây tóc — chiếu sáng trang trí ≤60W (nhóm khác),[OUTLIER] đèn bóng trang,-1
"đèn dây tóc, sản xuất jiaxing, bóng đèn dây, alliance international trade, jiaxing alliance international, dây tóc 10w, xuất jiaxing alliance, tóc 10w sản, dây tóc gắn, công suất 28w, incandescent lamp k1506, suất 28w incandescent, gắn máy hút, k1509 công suất, hút k1506 k1509",85392293,SP ĐÈN/BÓNG ĐÈN,NC,Bóng đèn dây tóc — chiếu sáng gia dụng (nhóm khác),[OUTLIER] đèn dây tóc,-1
"đèn, lắp ráp sx, nl lắp ráp, bóng, pcba, sx tbđgd, điện áp, pha chổi sàn, ráp sx tb, sx tb gia, tb gia dụng, headlight, công suất, dây tóc, lsr nl lắp",85392299,SP ĐÈN/BÓNG ĐÈN,NC,Bóng đèn dây tóc ≤200W — loại khác (nhóm khác),[OUTLIER] đèn bóng tóc,-1
"đèn, lắp ráp sx, nl lắp ráp, bóng, pcba, sx tbđgd, điện áp, pha chổi sàn, ráp sx tb, sx tb gia, tb gia dụng, headlight, công suất, dây tóc, lsr nl lắp",85392299,SP ĐÈN/BÓNG ĐÈN,LK,Bóng đèn dây tóc ≤200W — loại khác (nhóm khác),Đèn Lắp Ráp,0
"bóng đèn, máy, công suất, phụ kiện, quang ngắn xenon, kiện lắp nguồn, hồ quang ngắn, lắp nguồn sáng, đèn hồ quang, suất 300w, nội soi, hãng sx, sx excelitas technologies, xuất xứ, soi hãng",85392910,SP ĐÈN/BÓNG ĐÈN,LK,Bóng đèn dây tóc — thiết bị y tế,[OUTLIER] đèn máy bóng,-1
"bóng đèn, xe ô tô, phụ tùng, tùng xe, isuzu nhóm 8704, xe máy, đèn xe ô, nhóm 8704 kltb, tô tải isuzu, tải isuzu nhóm, ô tô tải, dây tóc, tùng bảo hành, hành sửa chữa, sửa chữa xe",85392920,SP ĐÈN/BÓNG ĐÈN,NC,Bóng đèn dây tóc — xe có động cơ,[OUTLIER] đèn bóng phụ,-1
"bóng đèn, xe ô tô, phụ tùng, tùng xe, isuzu nhóm 8704, xe máy, đèn xe ô, nhóm 8704 kltb, tô tải isuzu, tải isuzu nhóm, ô tô tải, dây tóc, tùng bảo hành, hành sửa chữa, sửa chữa xe",85392920,SP ĐÈN/BÓNG ĐÈN,NC,Bóng đèn dây tóc — xe có động cơ,Bóng Đèn Tải,3
"bóng đèn, xe ô tô, phụ tùng, tùng xe, isuzu nhóm 8704, xe máy, đèn xe ô, nhóm 8704 kltb, tô tải isuzu, tải isuzu nhóm, ô tô tải, dây tóc, tùng bảo hành, hành sửa chữa, sửa chữa xe",85392920,SP ĐÈN/BÓNG ĐÈN,NC,Bóng đèn dây tóc — xe có động cơ,Bóng Đèn Xe,1
"bóng đèn, xe ô tô, phụ tùng, tùng xe, isuzu nhóm 8704, xe máy, đèn xe ô, nhóm 8704 kltb, tô tải isuzu, tải isuzu nhóm, ô tô tải, dây tóc, tùng bảo hành, hành sửa chữa, sửa chữa xe",85392920,SP ĐÈN/BÓNG ĐÈN,LK,Bóng đèn dây tóc — xe có động cơ,Bóng Đèn Bảo Hành,4
"bóng đèn, xe ô tô, phụ tùng, tùng xe, isuzu nhóm 8704, xe máy, đèn xe ô, nhóm 8704 kltb, tô tải isuzu, tải isuzu nhóm, ô tô tải, dây tóc, tùng bảo hành, hành sửa chữa, sửa chữa xe",85392920,SP ĐÈN/BÓNG ĐÈN,LK,Bóng đèn dây tóc — xe có động cơ,Bóng Đèn Sương,2
"bóng đèn, xe ô tô, phụ tùng, tùng xe, isuzu nhóm 8704, xe máy, đèn xe ô, nhóm 8704 kltb, tô tải isuzu, tải isuzu nhóm, ô tô tải, dây tóc, tùng bảo hành, hành sửa chữa, sửa chữa xe",85392920,SP ĐÈN/BÓNG ĐÈN,NC,Bóng đèn dây tóc — xe có động cơ,Bóng Đèn Xi Nhan,13
"bóng đèn, xe ô tô, phụ tùng, tùng xe, isuzu nhóm 8704, xe máy, đèn xe ô, nhóm 8704 kltb, tô tải isuzu, tải isuzu nhóm, ô tô tải, dây tóc, tùng bảo hành, hành sửa chữa, sửa chữa xe",85392920,SP ĐÈN/BÓNG ĐÈN,NC,Bóng đèn dây tóc — xe có động cơ,Bóng Đèn Dây Tóc,15
"bóng đèn, xe ô tô, phụ tùng, tùng xe, isuzu nhóm 8704, xe máy, đèn xe ô, nhóm 8704 kltb, tô tải isuzu, tải isuzu nhóm, ô tô tải, dây tóc, tùng bảo hành, hành sửa chữa, sửa chữa xe",85392920,SP ĐÈN/BÓNG ĐÈN,NC,Bóng đèn dây tóc — xe có động cơ,Bóng Đèn Phục Vụ,10
"bóng đèn, xe ô tô, phụ tùng, tùng xe, isuzu nhóm 8704, xe máy, đèn xe ô, nhóm 8704 kltb, tô tải isuzu, tải isuzu nhóm, ô tô tải, dây tóc, tùng bảo hành, hành sửa chữa, sửa chữa xe",85392920,SP ĐÈN/BÓNG ĐÈN,NC,Bóng đèn dây tóc — xe có động cơ,Bóng Đèn Hậu,6
"bóng đèn, xe ô tô, phụ tùng, tùng xe, isuzu nhóm 8704, xe máy, đèn xe ô, nhóm 8704 kltb, tô tải isuzu, tải isuzu nhóm, ô tô tải, dây tóc, tùng bảo hành, hành sửa chữa, sửa chữa xe",85392920,SP ĐÈN/BÓNG ĐÈN,NC,Bóng đèn dây tóc — xe có động cơ,Bóng Đèn Vị Trí,7
"bóng đèn, xe ô tô, phụ tùng, tùng xe, isuzu nhóm 8704, xe máy, đèn xe ô, nhóm 8704 kltb, tô tải isuzu, tải isuzu nhóm, ô tô tải, dây tóc, tùng bảo hành, hành sửa chữa, sửa chữa xe",85392920,SP ĐÈN/BÓNG ĐÈN,NC,Bóng đèn dây tóc — xe có động cơ,Bóng Đèn Phụ Tùng,8
"bóng đèn, xe ô tô, phụ tùng, tùng xe, isuzu nhóm 8704, xe máy, đèn xe ô, nhóm 8704 kltb, tô tải isuzu, tải isuzu nhóm, ô tô tải, dây tóc, tùng bảo hành, hành sửa chữa, sửa chữa xe",85392920,SP ĐÈN/BÓNG ĐÈN,NC,Bóng đèn dây tóc — xe có động cơ,Bóng Đèn Chiếu Sáng,9
"bóng đèn, xe ô tô, phụ tùng, tùng xe, isuzu nhóm 8704, xe máy, đèn xe ô, nhóm 8704 kltb, tô tải isuzu, tải isuzu nhóm, ô tô tải, dây tóc, tùng bảo hành, hành sửa chữa, sửa chữa xe",85392920,SP ĐÈN/BÓNG ĐÈN,NC,Bóng đèn dây tóc — xe có động cơ,Bóng Đèn Nâng,11
"bóng đèn, xe ô tô, phụ tùng, tùng xe, isuzu nhóm 8704, xe máy, đèn xe ô, nhóm 8704 kltb, tô tải isuzu, tải isuzu nhóm, ô tô tải, dây tóc, tùng bảo hành, hành sửa chữa, sửa chữa xe",85392920,SP ĐÈN/BÓNG ĐÈN,NC,Bóng đèn dây tóc — xe có động cơ,Bóng Đèn Báo Phanh,12
"bóng đèn, xe ô tô, phụ tùng, tùng xe, isuzu nhóm 8704, xe máy, đèn xe ô, nhóm 8704 kltb, tô tải isuzu, tải isuzu nhóm, ô tô tải, dây tóc, tùng bảo hành, hành sửa chữa, sửa chữa xe",85392920,SP ĐÈN/BÓNG ĐÈN,NC,Bóng đèn dây tóc — xe có động cơ,Bóng Đèn Hậu Máy,14
"bóng đèn, xe nâng bóng, phụ tùng, source, máy, tvh xe nâng, đèn 48v 10w, đèn 56v 25w, light bult l940, bult l940 đèn, uv light bult, phổ 1291335 hsx, thermo fisher scientific, hsx thermo fisher, quang phổ 1291335",85392930,SP ĐÈN/BÓNG ĐÈN,NC,Bóng đèn dây tóc — phản xạ,[OUTLIER] đèn bóng phụ,-1
"bóng đèn, máy điều trị, trị da laser, báo xung tia, xung tia laser, tia laser code, điều trị da, đèn flash báo, flash báo xung, kiện máy điều, phụ kiện máy, da laser bóng, fotona, laser code 111202, laser code 75114",85392941,SP ĐÈN/BÓNG ĐÈN,NC,Bóng đèn flash / cỡ nhỏ — thiết bị y tế,[OUTLIER] laser bóng đèn,-1
"đèn, bóng, máy, cấp năng lượng, cung cấp năng, năng lượng phát, lượng phát laser, nhãn hiệu, flash, linh kiện, hiệu haas, công, vi sóng electrolux, kiện lò vi, lò vi sóng",85392949,SP ĐÈN/BÓNG ĐÈN,LK,Bóng đèn flash / cỡ nhỏ — loại khác,[OUTLIER] đèn bóng máy,-1
"đèn, bóng, máy, cấp năng lượng, cung cấp năng, năng lượng phát, lượng phát laser, nhãn hiệu, flash, linh kiện, hiệu haas, công, vi sóng electrolux, kiện lò vi, lò vi sóng",85392949,SP ĐÈN/BÓNG ĐÈN,NC,Bóng đèn flash / cỡ nhỏ — loại khác,Bóng Đèn Flash,0
"dây tóc công, bóng đèn dây, công suất 300w, suất 300w e27, biến sản phẩm, máy đo bộ, bộ biến sản, đo bộ biến, tóc công suất, đèn dây tóc, pilot lamp khtk, báo pilot lamp, khtk 104858536201 elpf000003, đèn báo pilot, lamp khtk 104858536201",85392950,SP ĐÈN/BÓNG ĐÈN,NC,"Bóng đèn dây tóc >200W ≤300W, >100V",[OUTLIER] đèn bóng dây,-1
"đèn, công, điện áp, bóng, huỳnh quang robot, thị phát sáng, hiển thị phát, mạch chip led, ngọn lửa tích, trang trí nến, áp quá 100v, nến sáp led, led mô phỏng, phỏng ngọn lửa, chip led trang",85392960,SP ĐÈN/BÓNG ĐÈN,NC,"Bóng đèn dây tóc ≤200W, ≤100V",[OUTLIER] đèn bóng công,-1
"đèn, công, điện áp, huỳnh quang robot, thị phát sáng, hiển thị phát, bóng, mạch chip led, ngọn lửa tích, trang trí nến, áp quá 100v, nến sáp led, led mô phỏng, phỏng ngọn lửa, chip led trang",85392960,SP ĐÈN/BÓNG ĐÈN,NC,"Bóng đèn dây tóc ≤200W, ≤100V",Đèn Huỳnh Quang,0
"đèn, công, điện áp, huỳnh quang robot, thị phát sáng, hiển thị phát, bóng, mạch chip led, ngọn lửa tích, trang trí nến, áp quá 100v, nến sáp led, led mô phỏng, phỏng ngọn lửa, chip led trang",85392960,SP ĐÈN/BÓNG ĐÈN,NC,"Bóng đèn dây tóc ≤200W, ≤100V",Đèn Mô Phỏng Lửa,1
"bóng đèn, đốt, bóng cắm, nhà xưởng, haixing maritime electric, đèn tàu thủy, tàu thủy model, sx haixing maritime, maritime electric group, đèn sợi, dây tóc, điện áp, cắm 24v 150w, hãng osram hlx, tóc hãng osram",85392960,SP ĐÈN/BÓNG ĐÈN,NC,"Bóng đèn dây tóc ≤200W, ≤100V",Bóng Đốt Tàu Thủy,2
"bóng đèn, sản xuất, xuất essa hitech, công suất, đèn sản, dây, xe ô tô, dòng điện 120v, trang trí nhãn, đèn led công, suất 60w dòng, đèn trang trí, xuất đèn trang, trí nhãn hiệu, điện 120v sản",85392990,SP ĐÈN/BÓNG ĐÈN,NC,Bóng đèn dây tóc — loại khác,[OUTLIER] đèn bóng tóc,-1
"bóng đèn, sản xuất, xuất essa hitech, công suất, đèn sản, dây, xe ô tô, dòng điện 120v, trang trí nhãn, đèn led công, suất 60w dòng, đèn trang trí, xuất đèn trang, trí nhãn hiệu, điện 120v sản",85392990,SP ĐÈN/BÓNG ĐÈN,NC,Bóng đèn dây tóc — loại khác,Bóng Đèn Đôi,2
"bóng đèn, sản xuất, xuất essa hitech, công suất, đèn sản, dây, xe ô tô, dòng điện 120v, trang trí nhãn, đèn led công, suất 60w dòng, đèn trang trí, xuất đèn trang, trí nhãn hiệu, điện 120v sản",85392990,SP ĐÈN/BÓNG ĐÈN,NC,Bóng đèn dây tóc — loại khác,Bóng Đèn Led,1
"bóng đèn, sản xuất, xuất essa hitech, công suất, đèn sản, dây, xe ô tô, dòng điện 120v, trang trí nhãn, đèn led công, suất 60w dòng, đèn trang trí, xuất đèn trang, trí nhãn hiệu, điện 120v sản",85392990,SP ĐÈN/BÓNG ĐÈN,NC,Bóng đèn dây tóc — loại khác,Bóng Đèn Dây,0
"huỳnh quang, đèn, bóng, điện áp 220v, quang compact, fpl27w điện áp, compact kt d20xl245mm, quang tốt nóng, compact fpl27w điện, dạng ống huỳnh, áp 220v 27w, hai hm 7w, hm 7w lamp, tuýp máy may, may công nghiệp",85393110,SP ĐÈN/BÓNG ĐÈN,NC,Bóng đèn huỳnh quang — ống dùng cho đèn com-pắc,[OUTLIER] đèn bóng huỳnh,-1
"đèn huỳnh quang, bóng đèn huỳnh, dạng ống thẳng, công suất, quang dạng ống, huỳnh quang dạng, điện áp, thẳng đèn, philips, việc 8011 15w, làm việc 8011, quang bóng thẳng, huỳnh quang bóng, đèn làm việc, huỳnh quang tốt",85393120,SP ĐÈN/BÓNG ĐÈN,NC,Bóng đèn huỳnh quang — ống thẳng,[OUTLIER] đèn bóng huỳnh,-1
"bóng đèn, lưu lắp liền, đèn huỳnh quang, com pắc đã, huỳnh quang com, pắc đã chấn, đã chấn lưu, quang com pắc, chấn lưu lắp, philips, điện áp 220v, bóng pl 18w, pl 18w điện, áp 220v bóng, compact chữ 14w",85393130,SP ĐÈN/BÓNG ĐÈN,NC,Bóng đèn huỳnh quang com-pắc có chấn lưu lắp liền,[OUTLIER] bóng đèn huỳnh,-1
"bóng đèn, đèn huỳnh quang, công suất, huỳnh quang dạng, philips, lắp, nhãn hiệu, quang dạng thẳng, dạng thẳng ballast, nhà xưởng, mục phụ lục, ống, máy, điện áp, bct tknl",85393190,SP ĐÈN/BÓNG ĐÈN,LK,Bóng đèn huỳnh quang ca-tốt nóng — loại khác,[OUTLIER] đèn bóng quang,-1
"bóng đèn, đèn huỳnh quang, công suất, huỳnh quang dạng, philips, lắp, nhãn hiệu, quang dạng thẳng, dạng thẳng ballast, nhà xưởng, mục phụ lục, ống, máy, điện áp, bct tknl",85393190,SP ĐÈN/BÓNG ĐÈN,NC,Bóng đèn huỳnh quang ca-tốt nóng — loại khác,Bóng Đèn Huỳnh Quang,0
"bóng đèn, đèn huỳnh quang, công suất, huỳnh quang dạng, philips, lắp, nhãn hiệu, quang dạng thẳng, dạng thẳng ballast, nhà xưởng, mục phụ lục, ống, máy, điện áp, bct tknl",85393190,SP ĐÈN/BÓNG ĐÈN,NC,Bóng đèn huỳnh quang ca-tốt nóng — loại khác,Bóng Đèn So Màu,3
"bóng đèn, đèn huỳnh quang, công suất, huỳnh quang dạng, philips, lắp, nhãn hiệu, quang dạng thẳng, dạng thẳng ballast, nhà xưởng, mục phụ lục, ống, máy, điện áp, bct tknl",85393190,SP ĐÈN/BÓNG ĐÈN,NC,Bóng đèn huỳnh quang ca-tốt nóng — loại khác,Bóng Đèn Thao Tác,1
"bóng đèn, đèn huỳnh quang, công suất, huỳnh quang dạng, philips, lắp, nhãn hiệu, quang dạng thẳng, dạng thẳng ballast, nhà xưởng, mục phụ lục, ống, máy, điện áp, bct tknl",85393190,SP ĐÈN/BÓNG ĐÈN,NC,Bóng đèn huỳnh quang ca-tốt nóng — loại khác,Bóng Đèn Phòng Máy,2
"bóng đèn, halogen, công suất, kim loại, nồi chiên dầu, chuẩn g9 120v, con nhộng đui, đui cắm chuẩn, đi kèm dây, dạng viên con, cắm chuẩn g9, viên con nhộng, nhộng đui cắm, đèn lò, thủy ngân",85393200,SP ĐÈN/BÓNG ĐÈN,NC,Bóng đèn hơi thủy ngân / natri / ha-lo-gien kim loại,[OUTLIER] đèn bóng halogen,-1
"bóng đèn, công suất, halogen kim loại, đèn halogen, thủy ngân, máy, đèn cao áp, điện áp, nhãn hiệu, hãng sản xuất, nhà xưởng, đèn hơi, sử dụng, chiếu dạng halogen, dạng halogen kim",85393200,SP ĐÈN/BÓNG ĐÈN,NC,Bóng đèn hơi thủy ngân / natri / ha-lo-gien kim loại,Bóng Máy Chiếu,0
"bóng đèn, halogen, công suất, kim loại, nồi chiên dầu, chuẩn g9 120v, con nhộng đui, đui cắm chuẩn, đi kèm dây, dạng viên con, cắm chuẩn g9, viên con nhộng, nhộng đui cắm, đèn lò, thủy ngân",85393200,SP ĐÈN/BÓNG ĐÈN,NC,Bóng đèn hơi thủy ngân / natri / ha-lo-gien kim loại,Đèn Halogen,1
"huỳnh quang, bóng đèn, đèn inox đôi, fs40 36 m9, quang 2m máng, inox đôi 2x36w, đôi 2x36w fs40, máng đèn inox, đèn tuýp huỳnh, lưu lắp liền, quang compact tốt, liền công suất, suất 11w 230v, lạnh chấn lưu, lắp liền công",85393910,SP ĐÈN/BÓNG ĐÈN,NC,Bóng đèn phóng điện — ống dùng cho đèn com-pắc,[OUTLIER] đèn bóng huỳnh,-1
"bóng đèn, quang, lạnh, tốt, thermo fisher scientific, hsx thermo fisher, đèn huỳnh, máy, lưu lắp liền, xơ ngoại lai, ngoại lai sp, sp spu truetzschler, lai sp spu, chấn lưu lắp, phổ",85393940,SP ĐÈN/BÓNG ĐÈN,LK,Bóng đèn CCFL — loại khác,[OUTLIER] đèn bóng huỳnh,-1
"bóng đèn, quang, lạnh, tốt, thermo fisher scientific, hsx thermo fisher, đèn huỳnh, máy, lưu lắp liền, xơ ngoại lai, ngoại lai sp, sp spu truetzschler, lai sp spu, chấn lưu lắp, phổ",85393940,SP ĐÈN/BÓNG ĐÈN,NC,Bóng đèn CCFL — loại khác,Bóng Đèn Quang,0
"đèn, bộ phận tạo, bị quang phổ, phân tích mẫu, quang phổ ptn, quang phổ code, kiểm nghiệm tp, đặc thù thiết, mẫu kiểm nghiệm, perkinelmer phụ kiện, tạo phổ nguyên, tích mẫu kiểm, phụ kiện đặc, kiện đặc thù, phận tạo phổ",85393990,SP ĐÈN/BÓNG ĐÈN,LK,Bóng đèn phóng điện — loại khác,[OUTLIER] đèn bóng máy,-1
"đèn, máy quang phổ, phụ kiện máy, quang phổ hấp, nguyên tử, hấp thụ nguyên, nguyên tố, kiện máy quang, cathode rỗng, phổ hấp thụ, bóng, phòng thí nghiệm, phân tích, sáng, rỗng nguyên",85393990,SP ĐÈN/BÓNG ĐÈN,NC,Bóng đèn phóng điện — loại khác,Đèn Cathode Rỗng,3
"đèn, máy quang phổ, phụ kiện máy, quang phổ hấp, nguyên tử, hấp thụ nguyên, nguyên tố, bóng, kiện máy quang, cathode rỗng, phổ hấp thụ, phòng thí nghiệm, phân tích, sáng, rỗng nguyên",85393990,SP ĐÈN/BÓNG ĐÈN,NC,Bóng đèn phóng điện — loại khác,Đèn Led Dán,0
"đèn, phát quang, máy quang phổ, phụ kiện máy, quang phổ hấp, nguyên tử, hấp thụ nguyên, nguyên tố, kiện máy quang, cathode rỗng, phổ hấp thụ, bóng, hoặc 5v lắp, đi ốt phát, quang hoặc 5v",85393990,SP ĐÈN/BÓNG ĐÈN,NC,Bóng đèn phóng điện — loại khác,Đèn Phát Sáng,1
"đèn, máy quang phổ, phụ kiện máy, quang phổ hấp, nguyên tử, hấp thụ nguyên, bóng, nguyên tố, kiện máy quang, cathode rỗng, phổ hấp thụ, phòng thí nghiệm, phân tích, sáng, rỗng nguyên",85393990,SP ĐÈN/BÓNG ĐÈN,NC,Bóng đèn phóng điện — loại khác,Bóng Đèn Hơi,2
"chiếu sáng, đèn, điện áp, kích thước, thủy tinh, dòng điện, công suất, technology, phóng điện thủy, sx shenzhen guanxinya, xenon dạng ống, sáng nhà xưởng, guanxinya sx shenzhen, xưởng guanxinya sx, áp 220v kích",8539399090,SP ĐÈN/BÓNG ĐÈN,NC,Bóng đèn phóng điện — loại khác,[OUTLIER] chiếu sáng đèn,-1
"đèn hồ quang, bóng đèn hồ, máy, công suất, hồ quang xenon, thử độ bền, bền ánh sáng, độ bền ánh, atlas, quang phát tia, hồ quang phát, điện áp, nhãn hiệu christie, chiếu kts christie, kts christie công",85394100,SP ĐÈN/BÓNG ĐÈN,LK,Bóng đèn hồ quang,[OUTLIER] đèn quang bóng,-1
"đèn hồ quang, bóng đèn hồ, máy, công suất, hồ quang xenon, thử độ bền, bền ánh sáng, độ bền ánh, atlas, quang phát tia, hồ quang phát, điện áp, nhãn hiệu christie, chiếu kts christie, kts christie công",85394100,SP ĐÈN/BÓNG ĐÈN,NC,Bóng đèn hồ quang,Bóng Đèn Thử Bền,0
"đèn hồ quang, bóng đèn hồ, máy, công suất, hồ quang xenon, thử độ bền, bền ánh sáng, độ bền ánh, atlas, quang phát tia, hồ quang phát, điện áp, nhãn hiệu christie, chiếu kts christie, kts christie công",85394100,SP ĐÈN/BÓNG ĐÈN,NC,Bóng đèn hồ quang,Bóng Đèn Chiếu,1
"đèn, bóng, công suất, tia cực tím, điện áp, hồng ngoại, máy, sản xuất, sấy, ấm gia súc, sưởi ấm gia, lamp, áp 220v, gà sưởi ấm, úm gà sưởi",85394900,SP ĐÈN/BÓNG ĐÈN,LK,Bóng đèn tia cực tím / hồng ngoại,[OUTLIER] đèn bóng công,-1
"đèn, công suất, bóng, tia cực tím, điện áp, hồng ngoại, máy, sản xuất, sấy, ấm gia súc, sưởi ấm gia, lamp, áp 220v, gà sưởi ấm, úm gà sưởi",85394900,SP ĐÈN/BÓNG ĐÈN,NC,Bóng đèn tia cực tím / hồng ngoại,Đèn Sưởi Chăn,12
"đèn, bóng, công suất, adaptor uv nghiệp, tia cực tím, điện áp, hồng ngoại, máy, sản xuất, sấy, ấm gia súc, sưởi ấm gia, lamp, áp 220v, gà sưởi ấm",85394900,SP ĐÈN/BÓNG ĐÈN,NC,Bóng đèn tia cực tím / hồng ngoại,Đèn Khô Mực,4
"đèn, bóng, công suất, tia cực tím, điện áp, hồng ngoại, máy, sản xuất, sấy, ấm gia súc, sưởi ấm gia, lamp, áp 220v, gà sưởi ấm, úm gà sưởi",85394900,SP ĐÈN/BÓNG ĐÈN,LK,Bóng đèn tia cực tím / hồng ngoại,Đèn Thí Nghiệm,0
"transmission machinery linh, machinery linh kiện, hộp giảm tốc, sơn nhãn hiệu, nhãn hiệu jmc, sản xuất tongning, speed transmission machinery, hiệu jmc tkm48b, kw sản xuất, tốc dây truyền, xuất tongning speed, giảm tốc dây, mv90l4 kw sản, linh kiện thay, b3 mv90l4 kw",85394900,SP ĐÈN/BÓNG ĐÈN,NC,Bóng đèn tia cực tím / hồng ngoại,Đèn Sấy Sơn,6
"đèn, bóng, công suất, tia cực tím, điện áp, hồng ngoại, máy, sản xuất, sấy, ấm gia súc, sưởi ấm gia, lamp, áp 220v, gà sưởi ấm, úm gà sưởi",85394900,SP ĐÈN/BÓNG ĐÈN,NC,Bóng đèn tia cực tím / hồng ngoại,Bóng Đèn Sưởi,33
"đèn, công suất, bóng, tia cực tím, điện áp, hồng ngoại, máy, sản xuất, sấy, ấm gia súc, sưởi ấm gia, lamp, áp 220v, gà sưởi ấm, úm gà sưởi",85394900,SP ĐÈN/BÓNG ĐÈN,NC,Bóng đèn tia cực tím / hồng ngoại,Đèn Sưởi Nuôi,18
"ốt phát quang, đi ốt phát, đèn, bóng, công suất, tia cực tím, điện áp, hồng ngoại, máy, cấp nguồn hồng, t300 009550500 hãng, đo khí t300, phân tích t300, t300 bộ cấp, khí t300 bộ",85394900,SP ĐÈN/BÓNG ĐÈN,NC,Bóng đèn tia cực tím / hồng ngoại,Đèn Led Phát,8
"đèn, bóng, công suất, tia cực tím, điện áp, hồng ngoại, máy, sản xuất, sấy, ấm gia súc, sưởi ấm gia, lamp, áp 220v, gà sưởi ấm, úm gà sưởi",85394900,SP ĐÈN/BÓNG ĐÈN,NC,Bóng đèn tia cực tím / hồng ngoại,Đèn Sấy Nông,16
"đèn, bóng, công suất, tia cực tím, điện áp, hồng ngoại, máy, sản xuất, sấy, ấm gia súc, sưởi ấm gia, lamp, áp 220v, gà sưởi ấm, úm gà sưởi",85394900,SP ĐÈN/BÓNG ĐÈN,NC,Bóng đèn tia cực tím / hồng ngoại,Bóng Đèn UV,23
"đèn, bóng, công suất, tia cực tím, điện áp, hồng ngoại, máy, sản xuất, sấy, ấm gia súc, sưởi ấm gia, lamp, áp 220v, gà sưởi ấm, úm gà sưởi",85394900,SP ĐÈN/BÓNG ĐÈN,NC,Bóng đèn tia cực tím / hồng ngoại,Đèn Diệt Vi Khuẩn,17
"đèn, bóng, công suất, tia cực tím, điện áp, hồng ngoại, máy, tấm nguồn sáng, colorspace 220v 1000w, ngoại nhà xưởng, nhà xưởng colorspace, nguồn sáng hồng, xưởng colorspace 220v, cấp nguồn hồng, t300 009550500 hãng",85394900,SP ĐÈN/BÓNG ĐÈN,NC,Bóng đèn tia cực tím / hồng ngoại,Bóng Đèn Hồng Ngoại,22
"uv uv energy, cụ đo tia, nhập tk tạm, uv energy meter, dụng cụ đo, tái nhập tk, đo tia uv, uvicure plus ii, tạm sửa chữa, tk tạm sửa, chữa 307577428711 g61, sửa chữa 307577428711, đèn, bóng, công suất",85394900,SP ĐÈN/BÓNG ĐÈN,NC,Bóng đèn tia cực tím / hồng ngoại,Đèn Chiếu Tia,1
"đèn, bóng, công suất, tia cực tím, điện áp, hồng ngoại, máy, sản xuất, sấy, ấm gia súc, sưởi ấm gia, lamp, áp 220v, gà sưởi ấm, úm gà sưởi",85394900,SP ĐÈN/BÓNG ĐÈN,NC,Bóng đèn tia cực tím / hồng ngoại,Đèn UV Cảnh,25
"đèn, bóng, công suất, tia cực tím, điện áp, hồng ngoại, máy, sản xuất, sấy, ấm gia súc, sưởi ấm gia, lamp, áp 220v, gà sưởi ấm, úm gà sưởi",85394900,SP ĐÈN/BÓNG ĐÈN,NC,Bóng đèn tia cực tím / hồng ngoại,Đèn Sấy Mực,30
"đèn, công suất, bóng, tia cực tím, điện áp, hồng ngoại, máy, sản xuất, sấy, ấm gia súc, sưởi ấm gia, lamp, áp 220v, gà sưởi ấm, úm gà sưởi",85394900,SP ĐÈN/BÓNG ĐÈN,NC,Bóng đèn tia cực tím / hồng ngoại,Đèn Diệt Côn Trùng,10
"đèn, bóng, công suất, tia cực tím, điện áp, hồng ngoại, máy, sản xuất, sấy, ấm gia súc, sưởi ấm gia, lamp, áp 220v, gà sưởi ấm, úm gà sưởi",85394900,SP ĐÈN/BÓNG ĐÈN,NC,Bóng đèn tia cực tím / hồng ngoại,Bóng Đèn Bẫy Côn Trùng,24
"đèn, bóng, công suất, tia cực tím, điện áp, hồng ngoại, máy, sản xuất, sấy, ấm gia súc, sưởi ấm gia, lamp, áp 220v, gà sưởi ấm, úm gà sưởi",85394900,SP ĐÈN/BÓNG ĐÈN,LK,Bóng đèn tia cực tím / hồng ngoại,Bóng Đèn Thí Nghiệm,28
"đèn, bóng, công suất, tia cực tím, điện áp, hồng ngoại, máy, sản xuất, sấy, ấm gia súc, sưởi ấm gia, lamp, áp 220v, gà sưởi ấm, úm gà sưởi",85394900,SP ĐÈN/BÓNG ĐÈN,NC,Bóng đèn tia cực tím / hồng ngoại,Đèn Chế Biến Sữa,3
"đèn, bóng, công suất, tia cực tím, điện áp, hồng ngoại, máy, sản xuất, sấy, ấm gia súc, sưởi ấm gia, lamp, áp 220v, gà sưởi ấm, úm gà sưởi",85394900,SP ĐÈN/BÓNG ĐÈN,NC,Bóng đèn tia cực tím / hồng ngoại,Đèn Chiếu Giày,5
"đèn, bóng, công suất, tia cực tím, điện áp, hồng ngoại, máy, sản xuất, sấy, ấm gia súc, sưởi ấm gia, lamp, áp 220v, gà sưởi ấm, úm gà sưởi",85394900,SP ĐÈN/BÓNG ĐÈN,NC,Bóng đèn tia cực tím / hồng ngoại,Đèn Sấy Thực Phẩm,19
"đèn, bóng, công suất, tia cực tím, điện áp, hồng ngoại, máy, sản xuất, sấy, ấm gia súc, sưởi ấm gia, lamp, áp 220v, gà sưởi ấm, úm gà sưởi",85394900,SP ĐÈN/BÓNG ĐÈN,NC,Bóng đèn tia cực tím / hồng ngoại,Đèn Nhiệt,20
"đèn, bóng, công suất, tia cực tím, điện áp, hồng ngoại, máy, sản xuất, sấy, ấm gia súc, sưởi ấm gia, lamp, áp 220v, gà sưởi ấm, úm gà sưởi",85394900,SP ĐÈN/BÓNG ĐÈN,NC,Bóng đèn tia cực tím / hồng ngoại,Đèn Diệt Khuẩn,7
"đèn, bóng, công suất, tia cực tím, điện áp, hồng ngoại, máy, sản xuất, sấy, ấm gia súc, sưởi ấm gia, lamp, áp 220v, gà sưởi ấm, úm gà sưởi",85394900,SP ĐÈN/BÓNG ĐÈN,NC,Bóng đèn tia cực tím / hồng ngoại,Đèn Đóng Rắn,9
"đèn, công suất, bóng, tia cực tím, điện áp, hồng ngoại, máy, tấm nguồn sáng, colorspace 220v 1000w, ngoại nhà xưởng, nhà xưởng colorspace, nguồn sáng hồng, xưởng colorspace 220v, cấp nguồn hồng, t300 009550500 hãng",85394900,SP ĐÈN/BÓNG ĐÈN,NC,Bóng đèn tia cực tím / hồng ngoại,Đèn Hồng Ngoại,13
"transmission machinery linh, machinery linh kiện, hộp giảm tốc, sơn nhãn hiệu, nhãn hiệu jmc, sản xuất tongning, speed transmission machinery, hiệu jmc tkm48b, kw sản xuất, tốc dây truyền, xuất tongning speed, giảm tốc dây, mv90l4 kw sản, linh kiện thay, b3 mv90l4 kw",85394900,SP ĐÈN/BÓNG ĐÈN,LK,Bóng đèn tia cực tím / hồng ngoại,Đèn Kiểm Tra,14
"đèn, bóng, công suất, tia cực tím, điện áp, hồng ngoại, máy, sản xuất, sấy, ấm gia súc, sưởi ấm gia, lamp, áp 220v, gà sưởi ấm, úm gà sưởi",85394900,SP ĐÈN/BÓNG ĐÈN,NC,Bóng đèn tia cực tím / hồng ngoại,Bóng Đèn Lọc Nước,26
"đèn, bóng, công suất, tia cực tím, điện áp, hồng ngoại, máy, tấm nguồn sáng, colorspace 220v 1000w, ngoại nhà xưởng, nhà xưởng colorspace, nguồn sáng hồng, xưởng colorspace 220v, sản xuất, sấy",85394900,SP ĐÈN/BÓNG ĐÈN,NC,Bóng đèn tia cực tím / hồng ngoại,Đèn Chiếu Sáng,27
"uv uv energy, cụ đo tia, nhập tk tạm, uv energy meter, dụng cụ đo, tái nhập tk, đo tia uv, uvicure plus ii, tạm sửa chữa, tk tạm sửa, chữa 307577428711 g61, sửa chữa 307577428711, đèn, bóng, công suất",85394900,SP ĐÈN/BÓNG ĐÈN,NC,Bóng đèn tia cực tím / hồng ngoại,Đèn Tia Cực Tím,35
"ốt phát quang, đi ốt phát, phát tia cực, khô keo mực, mực in do, cực tím khô, keo mực in, tím khô keo, trung sản xuất, dòng điện 10a, điện 10a phát, sek trung sản, in do sek, do sek trung, máy quang phổ",85394900,SP ĐÈN/BÓNG ĐÈN,NC,Bóng đèn tia cực tím / hồng ngoại,Đi Ốt Phát Quang,2
"đèn, bóng, công suất, tia cực tím, điện áp, hồng ngoại, máy, sản xuất, sấy, ấm gia súc, sưởi ấm gia, lamp, áp 220v, gà sưởi ấm, úm gà sưởi",85394900,SP ĐÈN/BÓNG ĐÈN,NC,Bóng đèn tia cực tím / hồng ngoại,Đèn Khử Khuẩn,15
"đèn, bóng, công suất, tia cực tím, điện áp, hồng ngoại, máy, sản xuất, sấy, ấm gia súc, sưởi ấm gia, lamp, áp 220v, gà sưởi ấm, úm gà sưởi",85394900,SP ĐÈN/BÓNG ĐÈN,NC,Bóng đèn tia cực tím / hồng ngoại,Đèn Chiếu UV,21
"đèn, bóng, công suất, tia cực tím, điện áp, hồng ngoại, máy, sản xuất, sấy, ấm gia súc, sưởi ấm gia, lamp, áp 220v, gà sưởi ấm, úm gà sưởi",85394900,SP ĐÈN/BÓNG ĐÈN,NC,Bóng đèn tia cực tím / hồng ngoại,Bóng Đèn UV Cấy,29
"laze laser line, dụng cụ đánh, line kml 2501cfa, cụ đánh dấu, dấu laze laser, đánh dấu laze, laser line kml, đèn, bóng, công suất, tia cực tím, điện áp, hồng ngoại, máy, sản xuất",85394900,SP ĐÈN/BÓNG ĐÈN,NC,Bóng đèn tia cực tím / hồng ngoại,Đèn Laser Cắt,31
"đèn, bóng, công suất, tia cực tím, điện áp, hồng ngoại, máy, sản xuất, sấy, ấm gia súc, sưởi ấm gia, lamp, áp 220v, gà sưởi ấm, úm gà sưởi",85394900,SP ĐÈN/BÓNG ĐÈN,NC,Bóng đèn tia cực tím / hồng ngoại,Bóng Đèn Sấy UV,32
"đèn, bóng, công suất, adaptor uv nghiệp, tia cực tím, điện áp, hồng ngoại, máy, sản xuất, sấy, ấm gia súc, sưởi ấm gia, lamp, áp 220v, gà sưởi ấm",85394900,SP ĐÈN/BÓNG ĐÈN,NC,Bóng đèn tia cực tím / hồng ngoại,Bóng Đèn Công Nghiệp,34
"đèn, bóng, công suất, tia cực tím, điện áp, hồng ngoại, máy, sản xuất, sấy, ấm gia súc, sưởi ấm gia, lamp, áp 220v, gà sưởi ấm, úm gà sưởi",85394900,SP ĐÈN/BÓNG ĐÈN,NC,Bóng đèn tia cực tím / hồng ngoại,Bóng Đèn UV Diệt Khuẩn,36
"quang hữu cơ, phát quang hữu, hữu cơ 31003, cơ 31003 00152, đi ốt phát, ốt phát quang, led, quang âm trần, phát quang âm, osram gmbh, điện áp, đèn, mô đun, trần core dl, core dl rc",85395100,SP ĐÈN/BÓNG ĐÈN,LK,Mô-đun LED,[OUTLIER] led đèn phát,-1
"đèn led, phát quang đèn, module đi ốt, led dây mềm, điện áp 24v, dạng, cuộn điện áp, đi ốt phát, ốt phát quang, áp 24v 5m, dây mềm stn, điện áp 12v, đèn chiếu sáng, led cụm, dây mềm stw",85395100,SP ĐÈN/BÓNG ĐÈN,LK,Mô-đun LED,Dây Đèn Mềm,35
"mô đun, đun đi ốt, phát quang led, công suất, đi ốt phát, ốt phát quang, module chip led, quang led sử, dụng bàn phím, sử dụng bàn, led sử dụng, dòng điện, phím điện áp, bàn phím điện, đun led",85395100,SP ĐÈN/BÓNG ĐÈN,LK,Mô-đun LED,Mô Đun Công Suất,1
"đi ốt phát, ốt phát quang, led, điện áp, đèn, mô đun, đun đi ốt, module đi ốt, công suất, áp 24v, dây mềm, dạng, cuộn điện, sáng, module chip",85395100,SP ĐÈN/BÓNG ĐÈN,LK,Mô-đun LED,Đèn LED Bàn Phím,5
"đi ốt phát, ốt phát quang, led, điện áp, mô đun, đèn, đun đi ốt, module đi ốt, công suất, áp 24v, dây mềm, dạng, cuộn điện, sáng, module chip",85395100,SP ĐÈN/BÓNG ĐÈN,LK,Mô-đun LED,Mô Đun Đèn LED,9
"đi ốt phát, ốt phát quang, led, điện áp, đèn, mô đun, đun đi ốt, module đi ốt, công suất, áp 24v, dây mềm, dạng, cuộn điện, sáng, module chip",85395100,SP ĐÈN/BÓNG ĐÈN,LK,Mô-đun LED,Đèn LED Vòng,14
"đi ốt phát, ốt phát quang, led, điện áp, đèn, mô đun, đun đi ốt, module đi ốt, công suất, áp 24v, dây mềm, dạng, cuộn điện, sáng, module chip",85395100,SP ĐÈN/BÓNG ĐÈN,LK,Mô-đun LED,Tấm Đèn LED,6
"đi ốt phát, ốt phát quang, led, điện áp, đèn, mô đun, đun đi ốt, module đi ốt, công suất, áp 24v, dạng, dây mềm, cuộn điện, sáng, module chip",85395100,SP ĐÈN/BÓNG ĐÈN,LK,Mô-đun LED,Đèn LED Ống,0
"đi ốt phát, ốt phát quang, led, điện áp, mô đun, đèn, đun đi ốt, module đi ốt, công suất, áp 24v, dây mềm, dạng, cuộn điện, module chip, áp 12v",85395100,SP ĐÈN/BÓNG ĐÈN,LK,Mô-đun LED,Màn Hình Led,20
"đi ốt phát, ốt phát quang, led, điện áp, mô đun, đèn, đun đi ốt, module đi ốt, công suất, áp 24v, dây mềm, dạng, cuộn điện, module chip, áp 12v",85395100,SP ĐÈN/BÓNG ĐÈN,LK,Mô-đun LED,Cụm Led Công Suất,36
"đi ốt phát, ốt phát quang, led, điện áp, đèn, mô đun, đun đi ốt, module đi ốt, công suất, áp 24v, dây mềm, dạng, cuộn điện, sáng, module chip",85395100,SP ĐÈN/BÓNG ĐÈN,LK,Mô-đun LED,Bóng Đèn LED,10
"đi ốt phát, ốt phát quang, led, điện áp, đèn, mô đun, đun đi ốt, module đi ốt, công suất, áp 24v, dây mềm, dạng, cuộn điện, sáng, module chip",85395100,SP ĐÈN/BÓNG ĐÈN,LK,Mô-đun LED,Đèn LED Sạc,11
"đi ốt phát, ốt phát quang, led, điện áp, đèn, mô đun, đun đi ốt, module đi ốt, công suất, áp 24v, dây mềm, dạng, cuộn điện, sáng, module chip",85395100,SP ĐÈN/BÓNG ĐÈN,LK,Mô-đun LED,Cụm Đèn Led,34
"đèn led, phát quang đèn, module đi ốt, led dây mềm, điện áp 24v, đi ốt phát, ốt phát quang, dạng, cuộn điện áp, áp 24v 5m, dây mềm stn, điện áp 12v, chiếu sáng, led cụm, đèn chiếu",85395100,SP ĐÈN/BÓNG ĐÈN,LK,Mô-đun LED,Bóng Đèn Chiếu,37
"đi ốt phát, ốt phát quang, led, điện áp, đèn, mô đun, đun đi ốt, module đi ốt, công suất, áp 24v, dây mềm, dạng, cuộn điện, sáng, module chip",85395100,SP ĐÈN/BÓNG ĐÈN,LK,Mô-đun LED,Đèn LED Tấm,7
"đi ốt phát, ốt phát quang, led, điện áp, đèn, mô đun, đun đi ốt, module đi ốt, công suất, áp 24v, dây mềm, dạng, cuộn điện, sáng, module chip",85395100,SP ĐÈN/BÓNG ĐÈN,LK,Mô-đun LED,Dây Đèn LED,15
"đi ốt phát, ốt phát quang, led, điện áp, mô đun, đèn, đun đi ốt, module đi ốt, công suất, áp 24v, dây mềm, dạng, cuộn điện, module chip, áp 12v",85395100,SP ĐÈN/BÓNG ĐÈN,LK,Mô-đun LED,Mô Đun Led,24
"đi ốt phát, ốt phát quang, led, điện áp, đèn, mô đun, đun đi ốt, module đi ốt, công suất, áp 24v, dây mềm, dạng, cuộn điện, sáng, module chip",85395100,SP ĐÈN/BÓNG ĐÈN,LK,Mô-đun LED,Dây Đèn Led,39
"đi ốt phát, ốt phát quang, led, điện áp, đèn, mô đun, đun đi ốt, module đi ốt, công suất, áp 24v, dây mềm, dạng, cuộn điện, sáng, module chip",85395100,SP ĐÈN/BÓNG ĐÈN,LK,Mô-đun LED,Đèn Led Mini,23
"sáng máy ảnh, tra ngoại quan, kiểm tra ngoại, chụp ảnh máy, ảnh chụp ảnh, ánh sáng máy, ảnh máy kiểm, máy ảnh chụp, chiếu sáng, vlhxa15d50r2w 24v 24v, sáng vlhxa15d50r2w 24v, nguồn sáng vlhxa15d50r2w, vlbgsd50x50w 24v 24v, sáng vlbgsd50x50w 24v, nguồn sáng vlbgsd50x50w",85395100,SP ĐÈN/BÓNG ĐÈN,LK,Mô-đun LED,Bảng Chiếu Sáng,28
"đi ốt phát, ốt phát quang, đèn led, mô đun, điện áp, đun đi ốt, phát quang đèn, module đi ốt, phát quang led, led dây mềm, áp 24v, dạng cuộn điện, dây mềm stn, led sử dụng, sản xuất",85395100,SP ĐÈN/BÓNG ĐÈN,LK,Mô-đun LED,Mô Đun Đèn,41
"đi ốt phát, ốt phát quang, led, điện áp, đèn, mô đun, đun đi ốt, module đi ốt, công suất, áp 24v, dây mềm, dạng, cuộn điện, sáng, module chip",85395100,SP ĐÈN/BÓNG ĐÈN,LK,Mô-đun LED,Đèn LED Tủ Lạnh,2
"quang hữu cơ, phát quang hữu, hữu cơ 31003, cơ 31003 00152, đi ốt phát, ốt phát quang, quang âm trần, phát quang âm, osram gmbh, mô đun, phát quang led, trần core dl, core dl rc, âm trần core, dl rc 40",85395100,SP ĐÈN/BÓNG ĐÈN,LK,Mô-đun LED,Mô Đun Đun Phát,33
"đi ốt phát, ốt phát quang, led, điện áp, mô đun, đèn, đun đi ốt, module đi ốt, công suất, áp 24v, dây mềm, dạng, cuộn điện, module chip, áp 12v",85395100,SP ĐÈN/BÓNG ĐÈN,LK,Mô-đun LED,Mô Đun LED Phụ Kiện,12
"mô đun, đun đi ốt, phát quang led, sáng máy ảnh, tra ngoại quan, kiểm tra ngoại, chụp ảnh máy, ảnh chụp ảnh, ánh sáng máy, ảnh máy kiểm, máy ảnh chụp, đi ốt phát, ốt phát quang, chiếu sáng, quang led sử",85395100,SP ĐÈN/BÓNG ĐÈN,LK,Mô-đun LED,Mô Đun Chiếu Sáng,17
"quang hữu cơ, phát quang hữu, hữu cơ 31003, cơ 31003 00152, đi ốt phát, ốt phát quang, quang âm trần, phát quang âm, osram gmbh, mô đun, phát quang led, trần core dl, core dl rc, âm trần core, dl rc 40",85395100,SP ĐÈN/BÓNG ĐÈN,LK,Mô-đun LED,Mô Đun Phát Quang,4
"đi ốt phát, ốt phát quang, led, điện áp, mô đun, đèn, đun đi ốt, module đi ốt, công suất, áp 24v, dây mềm, dạng, cuộn điện, module chip, áp 12v",85395100,SP ĐÈN/BÓNG ĐÈN,LK,Mô-đun LED,Mô Đun Công Suất LED,16
"đi ốt phát, ốt phát quang, led, điện áp, mô đun, đèn, đun đi ốt, module đi ốt, công suất, áp 24v, dạng, dây mềm, sáng máy ảnh, tra ngoại quan, kiểm tra ngoại",85395100,SP ĐÈN/BÓNG ĐÈN,LK,Mô-đun LED,Mô Đun Ánh Sáng LED,19
"đèn led dây, led dây mềm, dạng cuộn điện, cuộn điện áp, quang đèn led, phát quang đèn, module đi ốt, áp 24v 5m, điện áp 24v, dây mềm stn, bảng, dây mềm stw, áp 12v 5m, điện áp 12v, silicone điện áp",85395100,SP ĐÈN/BÓNG ĐÈN,LK,Mô-đun LED,Bảng Dây Mềm,38
"mô đun, đun đi ốt, phát quang led, ốt phát quang, đi ốt phát, quang led sử, dụng bàn phím, sử dụng bàn, led sử dụng, dòng điện, phím điện áp, bàn phím điện, đun led, điện 01a 631, áp 20v dòng",85395100,SP ĐÈN/BÓNG ĐÈN,LK,Mô-đun LED,Mô Đun Truyền Tải,30
"đi ốt phát, ốt phát quang, led, điện áp, mô đun, đèn, đun đi ốt, module đi ốt, công suất, áp 24v, dây mềm, dạng, cuộn điện, module chip, áp 12v",85395100,SP ĐÈN/BÓNG ĐÈN,LK,Mô-đun LED,Bảng Mạch LED,42
"đi ốt phát, ốt phát quang, led, điện áp, mô đun, đèn, đun đi ốt, module đi ốt, công suất, áp 24v, dây mềm, dạng, cuộn điện, sáng, module chip",85395100,SP ĐÈN/BÓNG ĐÈN,LK,Mô-đun LED,Mô Đun Đèn LED Bộ,8
"đi ốt phát, ốt phát quang, led, điện áp, đèn, mô đun, đun đi ốt, module đi ốt, công suất, áp 24v, dây mềm, dạng, cuộn điện, sáng, module chip",85395100,SP ĐÈN/BÓNG ĐÈN,LK,Mô-đun LED,Dải Đèn LED,13
"đèn led, phát quang đèn, module đi ốt, led dây mềm, điện áp 24v, dạng cuộn điện, cuộn điện áp, đi ốt phát, ốt phát quang, áp 24v 5m, dây mềm stn, điện áp 12v, đèn chiếu sáng, led cụm, dây mềm stw",85395100,SP ĐÈN/BÓNG ĐÈN,LK,Mô-đun LED,Đèn Báo,22
"đi ốt phát, ốt phát quang, led, điện áp, đèn, mô đun, đun đi ốt, module đi ốt, công suất, áp 24v, dây mềm, dạng, cuộn điện, sáng, module chip",85395100,SP ĐÈN/BÓNG ĐÈN,LK,Mô-đun LED,Đèn LED Dây,40
"đi ốt phát, ốt phát quang, led, điện áp, đèn, mô đun, đun đi ốt, module đi ốt, công suất, áp 24v, dạng, dây mềm, sáng máy ảnh, tra ngoại quan, kiểm tra ngoại",85395100,SP ĐÈN/BÓNG ĐÈN,LK,Mô-đun LED,Nguồn Sáng Led,25
"biển quảng cáo, module led bóng, quảng cáo jiyi, bóng dây công, dây công suất, dây điện áp, dạng thanh 12, dụng biển quảng, sử dụng biển, thanh 12 bóng, bóng thanh công, áp 12v biển, jiyi no jiyi, cáo jiyi no, áp 5v biển",85395100,SP ĐÈN/BÓNG ĐÈN,LK,Mô-đun LED,Biển Quảng Cáo,29
"đi ốt phát, ốt phát quang, led, điện áp, đèn, mô đun, đun đi ốt, module đi ốt, công suất, áp 24v, dây mềm, dạng, cuộn điện, sáng, module chip",85395100,SP ĐÈN/BÓNG ĐÈN,LK,Mô-đun LED,Cụm Đèn LED,44
"đi ốt phát, ốt phát quang, led, điện áp, đèn, mô đun, đun đi ốt, module đi ốt, công suất, áp 24v, dạng, dây mềm, cuộn điện, sáng, module chip",85395100,SP ĐÈN/BÓNG ĐÈN,LK,Mô-đun LED,Đèn LED Dạng Dán,18
"đi ốt phát, ốt phát quang, led, điện áp, đèn, mô đun, đun đi ốt, module đi ốt, công suất, áp 24v, dây mềm, dạng, cuộn điện, sáng, module chip",85395100,SP ĐÈN/BÓNG ĐÈN,LK,Mô-đun LED,Dải Đèn Led,21
"đi ốt phát, ốt phát quang, led, điện áp, đèn, mô đun, đun đi ốt, module đi ốt, công suất, áp 24v, dây mềm, dạng, cuộn điện, sáng, module chip",85395100,SP ĐÈN/BÓNG ĐÈN,LK,Mô-đun LED,Bảng Đèn Led,26
"mô đun, đun đi ốt, phát quang led, sáng máy ảnh, tra ngoại quan, kiểm tra ngoại, chụp ảnh máy, ảnh chụp ảnh, ánh sáng máy, ảnh máy kiểm, máy ảnh chụp, ốt phát quang, đi ốt phát, quang led sử, dụng bàn phím",85395100,SP ĐÈN/BÓNG ĐÈN,LK,Mô-đun LED,Mô Đun Kiểm Tra,27
"đi ốt phát, ốt phát quang, led, điện áp, đèn, mô đun, đun đi ốt, module đi ốt, công suất, áp 24v, dây mềm, dạng, cuộn điện, sáng, module chip",85395100,SP ĐÈN/BÓNG ĐÈN,LK,Mô-đun LED,Đèn Led Ba Màu,31
"mô đun, đun đi ốt, phát quang led, ốt phát quang, đi ốt phát, quang led sử, dụng bàn phím, sử dụng bàn, led sử dụng, dòng điện, phím điện áp, bàn phím điện, đun led, điện 01a 631, áp 20v dòng",85395100,SP ĐÈN/BÓNG ĐÈN,LK,Mô-đun LED,Mô Đun Nhận Tiền,32
"bóng đèn, led, đèn ren xoáy, đi ốt phát, ốt phát quang, đèn đi ốt, công suất, điện áp, bulb, ren xoáy great, xoáy great value, nhãn hiệu, sáng, item, ba lát lắp",85395210,SP ĐÈN/BÓNG ĐÈN,NC,Bóng đèn LED — đầu đèn ren xoáy,Bóng Đèn Phát Quang,24
"bóng đèn, led, đèn ren xoáy, đi ốt phát, ốt phát quang, đèn đi ốt, công suất, white 24v equipped, equipped screw bases, điện áp, bulb, ren xoáy great, xoáy great value, multi, nhãn hiệu",85395210,SP ĐÈN/BÓNG ĐÈN,LK,Bóng đèn LED — đầu đèn ren xoáy,[OUTLIER] đèn led bóng,-1
"bóng đèn, led, đèn ren xoáy, đi ốt phát, ốt phát quang, đèn đi ốt, công suất, điện áp, bulb, ren xoáy great, xoáy great value, nhãn hiệu, sáng, item, ba lát lắp",85395210,SP ĐÈN/BÓNG ĐÈN,NC,Bóng đèn LED — đầu đèn ren xoáy,Bóng Đèn Sắt Sơn,1
"bóng đèn, led, đèn ren xoáy, đi ốt phát, ốt phát quang, đèn đi ốt, công suất, điện áp, bulb, ren xoáy great, xoáy great value, nhãn hiệu, sáng, item, ba lát lắp",85395210,SP ĐÈN/BÓNG ĐÈN,NC,Bóng đèn LED — đầu đèn ren xoáy,Bóng Đèn Chiếu Sáng,22
"bóng đèn, led, đèn ren xoáy, đi ốt phát, ốt phát quang, đèn đi ốt, công suất, điện áp, bulb, ren xoáy great, xoáy great value, nhãn hiệu, sáng, item, ba lát lắp",85395210,SP ĐÈN/BÓNG ĐÈN,NC,Bóng đèn LED — đầu đèn ren xoáy,Bóng Đèn Đui Xoáy,10
"bóng đèn, led, đèn ren xoáy, đi ốt phát, ốt phát quang, đèn đi ốt, công suất, điện áp, bulb, ren xoáy great, xoáy great value, nhãn hiệu, sáng, item, ba lát lắp",85395210,SP ĐÈN/BÓNG ĐÈN,NC,Bóng đèn LED — đầu đèn ren xoáy,Bóng Đèn Công Suất,9
"bóng đèn, led, đèn ren xoáy, đi ốt phát, ốt phát quang, đèn đi ốt, công suất, điện áp, bulb, ren xoáy great, xoáy great value, nhãn hiệu, sáng, item, ba lát lắp",85395210,SP ĐÈN/BÓNG ĐÈN,NC,Bóng đèn LED — đầu đèn ren xoáy,Bóng Đèn Xoáy Sáng,7
"bóng đèn, led, đèn ren xoáy, đi ốt phát, ốt phát quang, đèn đi ốt, công suất, điện áp, bulb, ren xoáy great, xoáy great value, nhãn hiệu, sáng, item, ba lát lắp",85395210,SP ĐÈN/BÓNG ĐÈN,NC,Bóng đèn LED — đầu đèn ren xoáy,Bóng Đèn Búp,21
"bóng đèn, led, đèn ren xoáy, đi ốt phát, ốt phát quang, đèn đi ốt, công suất, điện áp, bulb, ren xoáy great, xoáy great value, nhãn hiệu, sáng, item, ba lát lắp",85395210,SP ĐÈN/BÓNG ĐÈN,NC,Bóng đèn LED — đầu đèn ren xoáy,Bóng Đèn Bọc Nhựa,14
"bóng đèn, led, đèn ren xoáy, đi ốt phát, ốt phát quang, đèn đi ốt, công suất, điện áp, bulb, ren xoáy great, xoáy great value, nhãn hiệu, sáng, item, ba lát lắp",85395210,SP ĐÈN/BÓNG ĐÈN,NC,Bóng đèn LED — đầu đèn ren xoáy,Bóng Đèn Ánh Sáng,2
"bóng đèn, led, đèn ren xoáy, đi ốt phát, ốt phát quang, đèn đi ốt, công suất, white 24v equipped, equipped screw bases, điện áp, bulb, ren xoáy great, xoáy great value, multi, nhãn hiệu",85395210,SP ĐÈN/BÓNG ĐÈN,NC,Bóng đèn LED — đầu đèn ren xoáy,Bóng Đèn Led Tròn,4
"bóng đèn, led, đèn ren xoáy, đi ốt phát, ốt phát quang, đèn đi ốt, công suất, điện áp, bulb, ren xoáy great, xoáy great value, nhãn hiệu, sáng, item, ba lát lắp",85395210,SP ĐÈN/BÓNG ĐÈN,NC,Bóng đèn LED — đầu đèn ren xoáy,Bóng Đèn Tường Gắn,19
"bóng đèn, led, đèn ren xoáy, đi ốt phát, ốt phát quang, đèn đi ốt, công suất, điện áp, bulb, ren xoáy great, xoáy great value, nhãn hiệu, sáng, item, ba lát lắp",85395210,SP ĐÈN/BÓNG ĐÈN,NC,Bóng đèn LED — đầu đèn ren xoáy,Bóng Đèn Ren Xoáy,13
"bóng đèn, led, đèn ren xoáy, đi ốt phát, ốt phát quang, đèn đi ốt, công suất, điện áp, bulb, ren xoáy great, xoáy great value, nhãn hiệu, sáng, item, ba lát lắp",85395210,SP ĐÈN/BÓNG ĐÈN,NC,Bóng đèn LED — đầu đèn ren xoáy,Bóng Đèn Nhiệt Độ,6
"bóng đèn, led, đèn ren xoáy, đi ốt phát, ốt phát quang, đèn đi ốt, công suất, điện áp, bulb, ren xoáy great, xoáy great value, nhãn hiệu, sáng, item, ba lát lắp",85395210,SP ĐÈN/BÓNG ĐÈN,LK,Bóng đèn LED — đầu đèn ren xoáy,Bóng Đèn Thắp Sáng,8
"bóng đèn, led, đèn ren xoáy, đi ốt phát, ốt phát quang, đèn đi ốt, công suất, điện áp, bulb, ren xoáy great, xoáy great value, nhãn hiệu, sáng, item, ba lát lắp",85395210,SP ĐÈN/BÓNG ĐÈN,LK,Bóng đèn LED — đầu đèn ren xoáy,Bóng Đèn Tháo Rời,12
"bóng đèn, led, đèn ren xoáy, đi ốt phát, ốt phát quang, đèn đi ốt, công suất, điện áp, bulb, ren xoáy great, xoáy great value, nhãn hiệu, sáng, item, ba lát lắp",85395210,SP ĐÈN/BÓNG ĐÈN,LK,Bóng đèn LED — đầu đèn ren xoáy,Bóng Đèn Sáng Công,15
"bóng đèn, led, đèn ren xoáy, đi ốt phát, ốt phát quang, đèn đi ốt, công suất, điện áp, bulb, ren xoáy great, xoáy great value, nhãn hiệu, sáng, item, ba lát lắp",85395210,SP ĐÈN/BÓNG ĐÈN,NC,Bóng đèn LED — đầu đèn ren xoáy,Bóng Đèn Tròn Trí,18
"bóng đèn, led, đèn ren xoáy, đi ốt phát, ốt phát quang, đèn đi ốt, công suất, điện áp, bulb, ren xoáy great, xoáy great value, nhãn hiệu, sáng, item, ba lát lắp",85395210,SP ĐÈN/BÓNG ĐÈN,LK,Bóng đèn LED — đầu đèn ren xoáy,Bóng Đèn Thủy Tinh,20
"bóng đèn, led, đèn ren xoáy, đi ốt phát, ốt phát quang, đèn đi ốt, công suất, điện áp, bulb, ren xoáy great, xoáy great value, nhãn hiệu, sáng, item, ba lát lắp",85395210,SP ĐÈN/BÓNG ĐÈN,NC,Bóng đèn LED — đầu đèn ren xoáy,Bóng Đèn Trụ,23
"bóng đèn, led, đèn ren xoáy, đi ốt phát, ốt phát quang, đèn đi ốt, công suất, điện áp, bulb, ren xoáy great, xoáy great value, nhãn hiệu, sáng, item, ba lát lắp",85395210,SP ĐÈN/BÓNG ĐÈN,NC,Bóng đèn LED — đầu đèn ren xoáy,Bóng Đèn Tuổi Thọ,5
"bóng đèn, led, đèn ren xoáy, đi ốt phát, ốt phát quang, đèn đi ốt, công suất, điện áp, bulb, ren xoáy great, xoáy great value, nhãn hiệu, sáng, item, ba lát lắp",85395210,SP ĐÈN/BÓNG ĐÈN,LK,Bóng đèn LED — đầu đèn ren xoáy,Bóng Đèn Xoáy Đui,16
"bóng đèn, led, đèn ren xoáy, đi ốt phát, ốt phát quang, đèn đi ốt, công suất, điện áp, bulb, ren xoáy great, xoáy great value, nhãn hiệu, sáng, item, ba lát lắp",85395210,SP ĐÈN/BÓNG ĐÈN,NC,Bóng đèn LED — đầu đèn ren xoáy,Bóng Đèn Nến Thủy,17
"đèn led, bóng đèn, sản xuất, đèn đi ốt, linh kiện, led dạng, điện áp, chiếu sáng, đi ốt phát, ốt phát quang, tai nghe, công suất, dạng tuýp, kiện loa, xuất linh",85395290,SP ĐÈN/BÓNG ĐÈN,NC,Bóng đèn LED — loại khác,Đèn Đi Ốt,0
"đèn led, bóng đèn, sản xuất, đèn đi ốt, điện áp, linh kiện, led dạng, công suất, chiếu sáng, đi ốt phát, ốt phát quang, tuýp, tai nghe, kiện loa, xuất linh",85395290,SP ĐÈN/BÓNG ĐÈN,NC,Bóng đèn LED — loại khác,[OUTLIER] đèn led bóng,-1
"đèn led, bóng đèn, sản xuất, đèn đi ốt, điện áp, linh kiện, led dạng, công suất, chiếu sáng, đi ốt phát, ốt phát quang, tuýp, tai nghe, kiện loa, xuất linh",85395290,SP ĐÈN/BÓNG ĐÈN,NC,Bóng đèn LED — loại khác,Cụm Đèn Led,4
"đèn led, bóng đèn, sản xuất, đèn đi ốt, linh kiện, led dạng, điện áp, chiếu sáng, đi ốt phát, ốt phát quang, tai nghe, công suất, dạng tuýp, kiện loa, xuất linh",85395290,SP ĐÈN/BÓNG ĐÈN,NC,Bóng đèn LED — loại khác,Đèn Tiết Kiệm,3
"đèn led, bóng đèn, sản xuất, đèn đi ốt, điện áp, linh kiện, led dạng, công suất, chiếu sáng, đi ốt phát, ốt phát quang, tuýp, tai nghe, kiện loa, xuất linh",85395290,SP ĐÈN/BÓNG ĐÈN,NC,Bóng đèn LED — loại khác,Bóng Đèn Led,30
"đèn led, bóng đèn, sản xuất, đèn đi ốt, điện áp, linh kiện, led dạng, công suất, chiếu sáng, đi ốt phát, ốt phát quang, tuýp, tai nghe, kiện loa, xuất linh",85395290,SP ĐÈN/BÓNG ĐÈN,NC,Bóng đèn LED — loại khác,Đèn Led Báo Tín Hiệu,34
"đèn led, bóng đèn, sản xuất, đèn đi ốt, điện áp, linh kiện, led dạng, công suất, chiếu sáng, đi ốt phát, ốt phát quang, tuýp, tai nghe, kiện loa, xuất linh",85395290,SP ĐÈN/BÓNG ĐÈN,NC,Bóng đèn LED — loại khác,Bóng Đèn Led Ống,23
"đèn led, bóng đèn, sản xuất, đèn đi ốt, linh kiện, led dạng, điện áp, chiếu sáng, đi ốt phát, ốt phát quang, tai nghe, công suất, dạng tuýp, kiện loa, xuất linh",85395290,SP ĐÈN/BÓNG ĐÈN,NC,Bóng đèn LED — loại khác,Đèn Tín Hiệu,10
"đèn led, bóng đèn, sản xuất, đèn đi ốt, điện áp, linh kiện, led dạng, chiếu sáng, công suất, đi ốt phát, ốt phát quang, tuýp, tai nghe, kiện loa, xuất linh",85395290,SP ĐÈN/BÓNG ĐÈN,NC,Bóng đèn LED — loại khác,Bóng Đèn Thủy Tinh,16
"đèn led, bóng đèn, sản xuất, đèn đi ốt, điện áp, linh kiện, led dạng, chiếu sáng, công suất, đi ốt phát, ốt phát quang, tuýp, tai nghe, kiện loa, xuất linh",85395290,SP ĐÈN/BÓNG ĐÈN,NC,Bóng đèn LED — loại khác,Bóng Đèn Thông Minh,50
"bóng đèn, công suất, điện áp, led tube, bóng led, led dạng bóng, tiết kiệm led, đèn tiết kiệm, kiệm led bulb, led bulb light, gắn trần, tube t8, đèn led, đui, phát quang led",85395290,SP ĐÈN/BÓNG ĐÈN,LK,Bóng đèn LED — loại khác,Bóng Đui Cài,44
"đèn led, bóng đèn, điện áp, led dạng, chiếu sáng, công suất, tuýp, led tube, phát quang led, gắn, led tủ lạnh, máy, mạch, tín hiệu, điện tử",85395290,SP ĐÈN/BÓNG ĐÈN,NC,Bóng đèn LED — loại khác,Hạt Bóng Led,28
"đèn led, bóng đèn, sản xuất, đèn đi ốt, điện áp, linh kiện, led dạng, công suất, chiếu sáng, đi ốt phát, ốt phát quang, tuýp, tai nghe, kiện loa, xuất linh",85395290,SP ĐÈN/BÓNG ĐÈN,LK,Bóng đèn LED — loại khác,Mô Đun Đèn Led,33
"đèn led, bóng đèn, sản xuất, đèn đi ốt, điện áp, linh kiện, led dạng, công suất, chiếu sáng, đi ốt phát, ốt phát quang, tuýp, tai nghe, kiện loa, xuất linh",85395290,SP ĐÈN/BÓNG ĐÈN,NC,Bóng đèn LED — loại khác,Đèn Led Rgb,8
"đèn led, bóng đèn, sản xuất, đèn đi ốt, điện áp, linh kiện, led dạng, công suất, chiếu sáng, đi ốt phát, ốt phát quang, tuýp, tai nghe, kiện loa, xuất linh",85395290,SP ĐÈN/BÓNG ĐÈN,NC,Bóng đèn LED — loại khác,Đèn Led Ánh Sáng,17
"đèn led, bóng đèn, sản xuất, đèn đi ốt, điện áp, linh kiện, led dạng, công suất, chiếu sáng, đi ốt phát, ốt phát quang, tuýp, tai nghe, kiện loa, xuất linh",85395290,SP ĐÈN/BÓNG ĐÈN,NC,Bóng đèn LED — loại khác,Đèn Led Máy Giặt,29
"đèn led, bóng đèn, sản xuất, đèn đi ốt, linh kiện, led dạng, điện áp, chiếu sáng, đi ốt phát, ốt phát quang, tai nghe, công suất, dạng tuýp, kiện loa, xuất linh",85395290,SP ĐÈN/BÓNG ĐÈN,NC,Bóng đèn LED — loại khác,Đèn Lắp Liền,41
"đèn led, bóng đèn, sản xuất, đèn đi ốt, điện áp, linh kiện, led dạng, công suất, chiếu sáng, đi ốt phát, ốt phát quang, tuýp, tai nghe, kiện loa, xuất linh",85395290,SP ĐÈN/BÓNG ĐÈN,NC,Bóng đèn LED — loại khác,Đèn Led Tròn,51
"đèn led, bóng đèn, sản xuất, đèn đi ốt, điện áp, linh kiện, led dạng, công suất, chiếu sáng, đi ốt phát, ốt phát quang, tuýp, tai nghe, kiện loa, xuất linh",85395290,SP ĐÈN/BÓNG ĐÈN,NC,Bóng đèn LED — loại khác,Đèn Bi Led Xe Tải,22
"đèn led, bóng đèn, sản xuất, đèn đi ốt, linh kiện, led dạng, điện áp, chiếu sáng, đi ốt phát, ốt phát quang, tai nghe, công suất, dạng tuýp, kiện loa, xuất linh",85395290,SP ĐÈN/BÓNG ĐÈN,NC,Bóng đèn LED — loại khác,Đèn Pha Xe,14
"đèn led, bóng đèn, sản xuất, đèn đi ốt, điện áp, linh kiện, led dạng, công suất, chiếu sáng, đi ốt phát, ốt phát quang, tuýp, tai nghe, kiện loa, xuất linh",85395290,SP ĐÈN/BÓNG ĐÈN,NC,Bóng đèn LED — loại khác,Bóng Đèn Sáng,9
"đèn led, bóng đèn, sản xuất, đèn đi ốt, điện áp, linh kiện, led dạng, công suất, chiếu sáng, đi ốt phát, ốt phát quang, tuýp, tai nghe, kiện loa, xuất linh",85395290,SP ĐÈN/BÓNG ĐÈN,NC,Bóng đèn LED — loại khác,Bóng Đèn Led Báo Hiệu,31
"đèn led, bóng đèn, sản xuất, đèn đi ốt, điện áp, linh kiện, led dạng, công suất, chiếu sáng, đi ốt phát, ốt phát quang, tuýp, tai nghe, kiện loa, xuất linh",85395290,SP ĐÈN/BÓNG ĐÈN,NC,Bóng đèn LED — loại khác,Bóng Đèn Tuýp Led,32
"đèn led, bóng đèn, sản xuất, đèn đi ốt, linh kiện, led dạng, điện áp, chiếu sáng, đi ốt phát, ốt phát quang, tai nghe, công suất, dạng tuýp, kiện loa, xuất linh",85395290,SP ĐÈN/BÓNG ĐÈN,NC,Bóng đèn LED — loại khác,Đèn Phích Cắm,1
"đèn led, bóng đèn, sản xuất, đèn đi ốt, điện áp, linh kiện, led dạng, chiếu sáng, công suất, đi ốt phát, ốt phát quang, tuýp, tai nghe, kiện loa, xuất linh",85395290,SP ĐÈN/BÓNG ĐÈN,NC,Bóng đèn LED — loại khác,Bóng Đèn Hướng,18
"đèn led, bóng đèn, sản xuất, đèn đi ốt, điện áp, linh kiện, led dạng, công suất, chiếu sáng, đi ốt phát, ốt phát quang, tuýp, tai nghe, kiện loa, xuất linh",85395290,SP ĐÈN/BÓNG ĐÈN,NC,Bóng đèn LED — loại khác,Bóng Đèn Xe Máy,47
"đèn led, bóng đèn, sản xuất, đèn đi ốt, điện áp, linh kiện, led dạng, công suất, chiếu sáng, đi ốt phát, ốt phát quang, tuýp, tai nghe, kiện loa, xuất linh",85395290,SP ĐÈN/BÓNG ĐÈN,NC,Bóng đèn LED — loại khác,Đèn Led Smd,52
"đèn led, bóng đèn, sản xuất, đèn đi ốt, linh kiện, led dạng, điện áp, chiếu sáng, đi ốt phát, ốt phát quang, tai nghe, công suất, dạng tuýp, kiện loa, xuất linh",85395290,SP ĐÈN/BÓNG ĐÈN,NC,Bóng đèn LED — loại khác,Đèn Sấy Móng,5
"đèn led, bóng đèn, sản xuất, đèn đi ốt, điện áp, linh kiện, led dạng, công suất, chiếu sáng, đi ốt phát, ốt phát quang, tuýp, tai nghe, kiện loa, xuất linh",85395290,SP ĐÈN/BÓNG ĐÈN,NC,Bóng đèn LED — loại khác,Đèn Led,11
"đèn led, bóng đèn, sản xuất, đèn đi ốt, điện áp, linh kiện, led dạng, công suất, chiếu sáng, đi ốt phát, ốt phát quang, tuýp, tai nghe, kiện loa, xuất linh",85395290,SP ĐÈN/BÓNG ĐÈN,LK,Bóng đèn LED — loại khác,Đèn Led Hiển Thị,24
"đèn led, bóng đèn, sản xuất, đèn đi ốt, điện áp, linh kiện, led dạng, công suất, chiếu sáng, đi ốt phát, ốt phát quang, tuýp, tai nghe, kiện loa, xuất linh",85395290,SP ĐÈN/BÓNG ĐÈN,NC,Bóng đèn LED — loại khác,Bóng Đèn Led Giày,36
"đèn led, bóng đèn, sản xuất, đèn đi ốt, điện áp, linh kiện, led dạng, chiếu sáng, công suất, đi ốt phát, ốt phát quang, tuýp, tai nghe, kiện loa, xuất linh",85395290,SP ĐÈN/BÓNG ĐÈN,NC,Bóng đèn LED — loại khác,Bóng Đèn Tuổi Thọ,15
"đèn led, bóng đèn, sản xuất, đèn đi ốt, điện áp, linh kiện, led dạng, công suất, chiếu sáng, đi ốt phát, ốt phát quang, tuýp, tai nghe, kiện loa, xuất linh",85395290,SP ĐÈN/BÓNG ĐÈN,NC,Bóng đèn LED — loại khác,Bóng Đèn Led Xe Ô Tô,27
"đèn led, bóng đèn, sản xuất, đèn đi ốt, điện áp, linh kiện, led dạng, công suất, chiếu sáng, đi ốt phát, ốt phát quang, tuýp, tai nghe, kiện loa, xuất linh",85395290,SP ĐÈN/BÓNG ĐÈN,NC,Bóng đèn LED — loại khác,Bóng Đèn Led Chuỗi,35
"đèn led, bóng đèn, sản xuất, đèn đi ốt, điện áp, linh kiện, led dạng, công suất, chiếu sáng, đi ốt phát, ốt phát quang, tuýp, tai nghe, kiện loa, xuất linh",85395290,SP ĐÈN/BÓNG ĐÈN,LK,Bóng đèn LED — loại khác,Đèn Led Ma Trận,42
"bóng đèn, công suất, điện áp, led, tube, đèn tiết kiệm, dạng bóng, gắn trần, bulb, ô tô, đui, cắm, áp 220v, mpe, quang",85395290,SP ĐÈN/BÓNG ĐÈN,LK,Bóng đèn LED — loại khác,Bóng Chân Cắm,45
"bóng đèn, đèn led dạng, chiếu sáng, led dạng tuýp, công suất, điện áp, led tube, bóng led, ánh sáng, led dạng bóng, tiết kiệm led, đèn tiết kiệm, tuýp led, led bulb, áp 220v",85395290,SP ĐÈN/BÓNG ĐÈN,NC,Bóng đèn LED — loại khác,Bóng Chiếu Sáng,48
"đèn led, bóng đèn, sản xuất, đèn đi ốt, linh kiện, điện áp, led dạng, chiếu sáng, công suất, tuýp, đi ốt phát, ốt phát quang, tai nghe, kiện loa, xuất linh",85395290,SP ĐÈN/BÓNG ĐÈN,NC,Bóng đèn LED — loại khác,Đèn Dạng Tuýp,49
"đèn led, bóng đèn, sản xuất, đèn đi ốt, điện áp, linh kiện, led dạng, chiếu sáng, công suất, đi ốt phát, ốt phát quang, tuýp, tai nghe, kiện loa, xuất linh",85395290,SP ĐÈN/BÓNG ĐÈN,NC,Bóng đèn LED — loại khác,Bóng Đèn Bàn,19
"đèn led, bóng đèn, sản xuất, đèn đi ốt, điện áp, linh kiện, led dạng, công suất, chiếu sáng, đi ốt phát, ốt phát quang, tuýp, tai nghe, kiện loa, xuất linh",85395290,SP ĐÈN/BÓNG ĐÈN,NC,Bóng đèn LED — loại khác,Đèn Led Máy Hút Bụi,21
"đèn led, bóng đèn, sản xuất, đèn đi ốt, điện áp, linh kiện, led dạng, công suất, chiếu sáng, đi ốt phát, ốt phát quang, tuýp, tai nghe, kiện loa, xuất linh",85395290,SP ĐÈN/BÓNG ĐÈN,LK,Bóng đèn LED — loại khác,Đèn Led Camera,25
"đèn led, bóng đèn, sản xuất, đèn đi ốt, điện áp, linh kiện, led dạng, công suất, chiếu sáng, đi ốt phát, ốt phát quang, tuýp, tai nghe, kiện loa, xuất linh",85395290,SP ĐÈN/BÓNG ĐÈN,NC,Bóng đèn LED — loại khác,Đèn Tuýp Led Xưởng,26
"đèn led, bóng đèn, sản xuất, đèn đi ốt, điện áp, linh kiện, led dạng, chiếu sáng, công suất, đi ốt phát, ốt phát quang, tuýp, tai nghe, kiện loa, xuất linh",85395290,SP ĐÈN/BÓNG ĐÈN,NC,Bóng đèn LED — loại khác,Bóng Đèn Ấm Đun Nước,38
"đèn led, bóng đèn, sản xuất, đèn đi ốt, điện áp, linh kiện, led dạng, công suất, chiếu sáng, đi ốt phát, ốt phát quang, tuýp, tai nghe, kiện loa, xuất linh",85395290,SP ĐÈN/BÓNG ĐÈN,NC,Bóng đèn LED — loại khác,Bóng Đèn Led Toàn Học,39
"bóng đèn, công suất, điện áp, led tube, bóng led, led dạng bóng, tiết kiệm led, đèn tiết kiệm, kiệm led bulb, led bulb light, gắn trần, tube t8, đèn led, phát quang led, áp 220v",85395290,SP ĐÈN/BÓNG ĐÈN,NC,Bóng đèn LED — loại khác,Bóng Trụ,40
"đèn led, bóng đèn, sản xuất, đèn đi ốt, điện áp, linh kiện, led dạng, công suất, chiếu sáng, đi ốt phát, ốt phát quang, tuýp, tai nghe, kiện loa, xuất linh",85395290,SP ĐÈN/BÓNG ĐÈN,NC,Bóng đèn LED — loại khác,Đèn Tuýp Led,43
"đèn led, bóng đèn, sản xuất, đèn đi ốt, điện áp, linh kiện, led dạng, công suất, chiếu sáng, đi ốt phát, ốt phát quang, tuýp, tai nghe, kiện loa, xuất linh",85395290,SP ĐÈN/BÓNG ĐÈN,NC,Bóng đèn LED — loại khác,Đèn Led Tinh Thể,46
"đui xoáy nhôm, bóng đèn led, sx đèn bóng, đèn bóng đèn, đèn led bulb, nhôm đui xoáy, xoáy nhôm e26, đèn nhôm đui, nhôm e26 24, niken e26 24, đèn đui xoáy, nhôm mạ niken, xoáy nhôm mạ, mạ niken e26, al sx đèn",85399010,SP ĐÈN/BÓNG ĐÈN,LK,Bộ phận bóng đèn — nắp / đui nhôm huỳnh quang,Đèn Nhôm Đui,0
"đui xoáy nhôm, bóng đèn led, sx đèn bóng, đèn bóng đèn, đèn led bulb, nhôm đui xoáy, xoáy nhôm e26, đèn nhôm đui, nhôm e26 24, niken e26 24, đèn đui xoáy, nhôm mạ niken, xoáy nhôm mạ, mạ niken e26, al sx đèn",85399010,SP ĐÈN/BÓNG ĐÈN,LK,Bộ phận bóng đèn — nắp / đui nhôm huỳnh quang,[OUTLIER] đèn xoáy đui,-1
"đèn, bóng, điều chỉnh góc, pha xe hơi, chỉnh góc quay, bộ điều chỉnh, hơi actuator assy, xe hơi actuator, actuator assy al700, sản xuất, halogen kim loại, xe máy, đuôi, giữ chân, xuất china",85399020,SP ĐÈN/BÓNG ĐÈN,LK,Bộ phận bóng đèn — dùng cho xe có động cơ,[OUTLIER] đèn bóng đuôi,-1
"giữ chân, đèn xe máy, bóng đèn xe, chân tóc, hợp kim, kim moly niken, moly niken mo, ni 30mm mnx, tóc bóng đèn, xe máy hợp, thanh giữ, đèn thép met, chân bóng đèn, bóng đèn thép, thép met e00014",85399020,SP ĐÈN/BÓNG ĐÈN,LK,Bộ phận bóng đèn — dùng cho xe có động cơ,Tóc Giữ Chân,2
"bộ điều chỉnh, điều chỉnh góc, pha xe hơi, góc quay đèn, chỉnh góc quay, quay đèn pha, hơi actuator assy, xe hơi actuator, actuator assy al700, chỉnh acuatr assy, điều chỉnh acuatr, đèn pha xe, acuatr assy al710, xe hơi acuatr, hơi acuatr assy",85399020,SP ĐÈN/BÓNG ĐÈN,LK,Bộ phận bóng đèn — dùng cho xe có động cơ,Điều Góc Quay,5
"giữ chân, bóng đèn, đèn xe máy, chân tóc, hợp kim, kim moly niken, moly niken mo, ni 30mm mnx, xe máy hợp, thanh giữ, tóc bóng, đai, đèn thép met, thép met e00014, kim loại px43t",85399020,SP ĐÈN/BÓNG ĐÈN,LK,Bộ phận bóng đèn — dùng cho xe có động cơ,Đai Giữ Chân,0
"thiết bị chiếu, đèn led ô, chiếu sáng đèn, bị chiếu sáng, sáng đèn led, ô tô lắp, led ô tô, tô lắp ráp, lắp ráp gn7, ráp gn7 opt, ánh sáng bóng, sáng bóng đèn, pha xe máy, bóng đèn pha, chắn ánh sáng",85399020,SP ĐÈN/BÓNG ĐÈN,LK,Bộ phận bóng đèn — dùng cho xe có động cơ,Thiết Bị Chiếu Sáng,6
"đèn, bóng, điều chỉnh góc, pha xe hơi, chỉnh góc quay, bộ điều chỉnh, hơi actuator assy, xe hơi actuator, actuator assy al700, sản xuất, halogen kim loại, xe máy, đuôi, giữ chân, xuất china",85399020,SP ĐÈN/BÓNG ĐÈN,LK,Bộ phận bóng đèn — dùng cho xe có động cơ,Đèn Tải Cản,4
"giữ chân tóc, đèn xe máy, bóng đèn xe, hợp kim, kim moly niken, moly niken mo, ni 30mm mnx, tóc bóng đèn, chân tóc bóng, thanh giữ chân, xe máy hợp, niken mo 18, mo 18 5mm, niken mo 24mm, mo 24mm ni",85399020,SP ĐÈN/BÓNG ĐÈN,LK,Bộ phận bóng đèn — dùng cho xe có động cơ,Đồng Tóc Chính,1
"thiết bị chiếu, đèn led ô, chiếu sáng đèn, bị chiếu sáng, sáng đèn led, ô tô lắp, led ô tô, tô lắp ráp, lắp ráp gn7, ráp gn7 opt, ánh sáng bóng, sáng bóng đèn, pha xe máy, bóng đèn pha, chắn ánh sáng",85399020,SP ĐÈN/BÓNG ĐÈN,LK,Bộ phận bóng đèn — dùng cho xe có động cơ,Tấm Chắn Ánh Sáng,3
"giữ khoảng cách, led spacer giữ, cách led bảng, led bảng mạch, led led spacer, spacer giữ khoảng, ống led led, khoảng cách led",85399030,SP ĐÈN/BÓNG ĐÈN,LK,Bộ phận mô-đun LED,Ống Giữ Led,0
"đèn led, bóng đèn, bộ phận, nhựa, phận bóng, led bulb, led búp, lumin lingo lighting, kích thước, thân, đường kính, công suất, sản xuất bóng, chụp, nhôm",85399090,SP ĐÈN/BÓNG ĐÈN,LK,Bộ phận bóng đèn — loại khác,[OUTLIER] đèn led bóng,-1
"đèn led, bóng đèn, nhựa, bộ phận bóng, led bulb, led búp, lumin lingo lighting, thân, đường kính, sản xuất bóng, mạch, điện áp 220v, ốt phát quang, đi ốt phát, phát quang led",85399090,SP ĐÈN/BÓNG ĐÈN,LK,Bộ phận bóng đèn — loại khác,Bảng Mạch Led,1
"đèn led, bóng đèn, bộ phận, nhựa, phận bóng, led bulb, led búp, lumin lingo lighting, kích thước, thân, đường kính, công suất, sản xuất bóng, chụp, nhôm",85399090,SP ĐÈN/BÓNG ĐÈN,LK,Bộ phận bóng đèn — loại khác,Bộ Phận Búp Đèn,8
"đèn led, bóng đèn, bộ phận, nhựa, phận bóng, led bulb, led búp, lumin lingo lighting, kích thước, thân, đường kính, công suất, sản xuất bóng, chụp, nhôm",85399090,SP ĐÈN/BÓNG ĐÈN,LK,Bộ phận bóng đèn — loại khác,Phụ Kiện Bóng Đèn,16
"đèn led, bóng đèn, bộ phận, nhựa, phận bóng, led bulb, led búp, lumin lingo lighting, kích thước, thân, đường kính, công suất, sản xuất bóng, chụp, nhôm",85399090,SP ĐÈN/BÓNG ĐÈN,LK,Bộ phận bóng đèn — loại khác,Bộ Phận Đèn Led,5
"t8 ch1180st3, ống nano, ch1180st3 36w 5050lm, nano mbz410658 dy251244, nano mbz410671 dy251245, ch1180st3 24w 3300lm, ch1180st3 11w 1550lm, nano mbz410659 dy251251, ch1180st3 15w 2050lm, nano mbz410669 dy251247, ch1180st3 26w 3500lm, nano mbz410536 dy251256, ch1180st3 12w 1700lm, nano mbz410668 dy251248, dy251251 04 t8",85399090,SP ĐÈN/BÓNG ĐÈN,LK,Bộ phận bóng đèn — loại khác,Ống Nano,7
"đèn led, bóng đèn, bộ phận, nhựa, phận bóng, led bulb, led búp, lumin lingo lighting, kích thước, thân, đường kính, công suất, sản xuất bóng, chụp, nhôm",85399090,SP ĐÈN/BÓNG ĐÈN,LK,Bộ phận bóng đèn — loại khác,Linh Kiện Búp Đèn,15
"đèn led, bóng đèn, bộ phận, nhựa, phận bóng, led bulb, led búp, lumin lingo lighting, kích thước, thân, đường kính, công suất, sản xuất bóng, chụp, nhôm",85399090,SP ĐÈN/BÓNG ĐÈN,LK,Bộ phận bóng đèn — loại khác,Thân Bóng Đèn,2
"đèn led, bóng đèn, bộ phận, nhựa, phận bóng, led bulb, led búp, lumin lingo lighting, kích thước, thân, đường kính, công suất, sản xuất bóng, chụp, nhôm",85399090,SP ĐÈN/BÓNG ĐÈN,LK,Bộ phận bóng đèn — loại khác,Chụp Bóng Đèn,3
"nhựa, bóng đèn, đèn led bulb, bộ phận bóng, thân, đèn led búp, nhôm, đui xoáy, chụp, đường kính, sx bóng, led bulb a19, điện thoại tác, dụng dẫn sáng, thoại tác dụng",85399090,SP ĐÈN/BÓNG ĐÈN,LK,Bộ phận bóng đèn — loại khác,Thân Nhôm Bọc Nhựa,10
"nhôm, bọc, nhựa thân nhựa, bộ vỏ nhựa, đèn búp đường, búp đường kính, chụp nhựa thân, plastic base pingxiang, base pingxiang yigao, led bulb đui, vỏ nhựa bóng, bulb đui xoáy, tản, nhựa bóng đèn, thân đèn nhựa",85399090,SP ĐÈN/BÓNG ĐÈN,LK,Bộ phận bóng đèn — loại khác,Tản Nhiệt Nhôm,13
"mạch, điện áp 220v, led liền nguồn, nguồn bóng đèn, liền nguồn bóng, áp 220v lumin, công suất, led tích hợp, bản, đèn led t28, chip led tích, nguồn dob g8, zhongshan linglingqi electronics, hình tròn đường, led zhongshan linglingqi",85399090,SP ĐÈN/BÓNG ĐÈN,LK,Bộ phận bóng đèn — loại khác,Bảng Mạch Tròn,9
"nhựa, led bulb, bóng đèn, đèn led, chụp, xoáy, bộ phận, thân, ốt phát quang, đi ốt phát, kiện bóng, phát quang led, sx bóng, phận bóng, đường kính",85399090,SP ĐÈN/BÓNG ĐÈN,LK,Bộ phận bóng đèn — loại khác,Chụp Nhựa Xoáy,14
"đế đỡ điện, đỡ điện cực, điện áp 220v, nguồn bóng đèn, mạch led, led liền nguồn, liền nguồn bóng, áp 220v lumin, bản mạch, công suất, nhựa củ sạc, điện thoại tác, dụng dẫn sáng, led nhựa củ, thoại tác dụng",85399090,SP ĐÈN/BÓNG ĐÈN,LK,Bộ phận bóng đèn — loại khác,Củ Sạc Điện Thoại,0
"đèn led, bóng đèn, bộ phận, nhựa, phận bóng, led bulb, led búp, lumin lingo lighting, kích thước, thân, đường kính, công suất, sản xuất bóng, chụp, nhôm",85399090,SP ĐÈN/BÓNG ĐÈN,LK,Bộ phận bóng đèn — loại khác,Đuôi Đèn Dạng Xoáy,4
"đèn led, bóng đèn, bộ phận, nhựa, phận bóng, led bulb, led búp, lumin lingo lighting, kích thước, thân, đường kính, công suất, sản xuất bóng, chụp, nhôm",85399090,SP ĐÈN/BÓNG ĐÈN,LK,Bộ phận bóng đèn — loại khác,Vỏ Bóng Đèn,6
"nhựa, đèn led búp, bộ phận bóng, phận bóng đèn, bóng đèn led, led bulb, thân, chụp, linh kiện, bolin, led búp maxlight, kiện bóng đèn, bóng đèn búp, đường kính, yelight international trade",85399090,SP ĐÈN/BÓNG ĐÈN,LK,Bộ phận bóng đèn — loại khác,Phần Búp Nhựa,12
"t8 ch1180st3, ống nano, ch1180st3 36w 5050lm, nano mbz410658 dy251244, nano mbz410671 dy251245, ch1180st3 24w 3300lm, ch1180st3 11w 1550lm, nano mbz410659 dy251251, ch1180st3 15w 2050lm, nano mbz410669 dy251247, ch1180st3 26w 3500lm, nano mbz410536 dy251256, ch1180st3 12w 1700lm, nano mbz410668 dy251248, dy251251 04 t8",85399090,SP ĐÈN/BÓNG ĐÈN,LK,Bộ phận bóng đèn — loại khác,Ống Phóng Điện,11
"đèn mổ, treo trần, sản xuất, hãng sản, medical, y tế, chủng loại, phẫu thuật, mổ treo, led, gmbh, tế hsx shandong, xuất xứ, đèn phẫu, nhánh",94051110,SP ĐÈN/THIẾT BỊ CHIẾU SÁNG,NC,Bộ đèn LED — đèn phòng mổ,[OUTLIER] đèn trần treo,-1
"đèn rọi, led, nhãn hiệu, công suất, điện áp, hiệu philips, sáng, nguồn, ốt phát quang, đi ốt phát, pro nhãn, kích thước, chiếu, cố định, kế sử dụng",94051191,SP ĐÈN/THIẾT BỊ CHIẾU SÁNG,NC,Bộ đèn LED — đèn rọi,[OUTLIER] đèn led rọi,-1
"đèn rọi, led, nhãn hiệu, công suất, điện áp, hiệu philips, sáng, nguồn, ốt phát quang, đi ốt phát, pro nhãn, kích thước, chiếu, cố định, kế sử dụng",94051191,SP ĐÈN/THIẾT BỊ CHIẾU SÁNG,NC,Bộ đèn LED — đèn rọi,Đèn rọi LED Philips,2
"đèn rọi, led, nhãn hiệu, công suất, điện áp, hiệu philips, sáng, nguồn, ốt phát quang, đi ốt phát, pro nhãn, kích thước, chiếu, cố định, kế sử dụng",94051191,SP ĐÈN/THIẾT BỊ CHIẾU SÁNG,NC,Bộ đèn LED — đèn rọi,Đèn rọi thiết kế phát sáng,13
"đèn rọi, led, nhãn hiệu, công suất, điện áp, hiệu philips, sáng, nguồn, ốt phát quang, đi ốt phát, pro nhãn, kích thước, chiếu, cố định, kế sử dụng",94051191,SP ĐÈN/THIẾT BỊ CHIẾU SÁNG,NC,Bộ đèn LED — đèn rọi,Đèn LED,0
"đèn rọi, led, nhãn hiệu, công suất, điện áp, hiệu philips, sáng, nguồn, ốt phát quang, đi ốt phát, pro nhãn, kích thước, chiếu, cố định, kế sử dụng",94051191,SP ĐÈN/THIẾT BỊ CHIẾU SÁNG,NC,Bộ đèn LED — đèn rọi,Đèn rọi spotlight,3
"đèn rọi, led, nhãn hiệu, công suất, điện áp, hiệu philips, sáng, nguồn, ốt phát quang, đi ốt phát, pro nhãn, kích thước, chiếu, cố định, kế sử dụng",94051191,SP ĐÈN/THIẾT BỊ CHIẾU SÁNG,NC,Bộ đèn LED — đèn rọi,Đèn rọi gắn liền trần,9
"đèn rọi, led, nhãn hiệu, công suất, điện áp, hiệu philips, sáng, nguồn, ốt phát quang, đi ốt phát, pro nhãn, kích thước, chiếu, cố định, kế sử dụng",94051191,SP ĐÈN/THIẾT BỊ CHIẾU SÁNG,NC,Bộ đèn LED — đèn rọi,Đèn LED rọi,1
"đèn rọi, led, nhãn hiệu, công suất, điện áp, hiệu philips, sáng, nguồn, ốt phát quang, đi ốt phát, pro nhãn, kích thước, chiếu, cố định, kế sử dụng",94051191,SP ĐÈN/THIẾT BỊ CHIẾU SÁNG,NC,Bộ đèn LED — đèn rọi,Đèn rọi spotlight gắn trần,5
"đèn rọi, led, nhãn hiệu, công suất, điện áp, hiệu philips, sáng, nguồn, ốt phát quang, đi ốt phát, pro nhãn, kích thước, chiếu, cố định, kế sử dụng",94051191,SP ĐÈN/THIẾT BỊ CHIẾU SÁNG,NC,Bộ đèn LED — đèn rọi,Đèn LED rọi tiêu điểm,6
"đèn rọi, led, nhãn hiệu, công suất, điện áp, hiệu philips, sáng, nguồn, ốt phát quang, đi ốt phát, pro nhãn, kích thước, chiếu, cố định, kế sử dụng",94051191,SP ĐÈN/THIẾT BỊ CHIẾU SÁNG,NC,Bộ đèn LED — đèn rọi,Đèn LED rọi cố định,4
"đèn rọi, led, nhãn hiệu, công suất, điện áp, hiệu philips, sáng, nguồn, ốt phát quang, đi ốt phát, pro nhãn, kích thước, chiếu, cố định, kế sử dụng",94051191,SP ĐÈN/THIẾT BỊ CHIẾU SÁNG,NC,Bộ đèn LED — đèn rọi,Đèn LED rọi phát sáng,10
"đèn rọi, led, nhãn hiệu, công suất, điện áp, hiệu philips, sáng, nguồn, ốt phát quang, đi ốt phát, pro nhãn, kích thước, chiếu, cố định, kế sử dụng",94051191,SP ĐÈN/THIẾT BỊ CHIẾU SÁNG,NC,Bộ đèn LED — đèn rọi,Đèn LED rọi ray,11
"đèn rọi, led, nhãn hiệu, công suất, điện áp, hiệu philips, sáng, nguồn, ốt phát quang, đi ốt phát, pro nhãn, kích thước, chiếu, cố định, kế sử dụng",94051191,SP ĐÈN/THIẾT BỊ CHIẾU SÁNG,NC,Bộ đèn LED — đèn rọi,Đèn rọi đồng bộ tháo rời,12
"đèn rọi, led, nhãn hiệu, công suất, điện áp, hiệu philips, sáng, nguồn, ốt phát quang, đi ốt phát, pro nhãn, kích thước, chiếu, cố định, kế sử dụng",94051191,SP ĐÈN/THIẾT BỊ CHIẾU SÁNG,NC,Bộ đèn LED — đèn rọi,Đèn rọi LED Philips RS051B,7
"đèn rọi, led, nhãn hiệu, công suất, điện áp, hiệu philips, sáng, nguồn, ốt phát quang, đi ốt phát, pro nhãn, kích thước, chiếu, cố định, kế sử dụng",94051191,SP ĐÈN/THIẾT BỊ CHIẾU SÁNG,NC,Bộ đèn LED — đèn rọi,Đèn rọi LED GERS7095WA,8
"đèn, led, nhãn hiệu, trần, công suất, bóng, sáng, hiệu commercial electric, điện áp, dòng điện 120v, ốc vít thắp, điện 120v đuôi, kèm, sắt chụp, lighting",94051199,SP ĐÈN/THIẾT BỊ CHIẾU SÁNG,NC,Bộ đèn LED — loại khác (trần/tường),Đèn LED,0
"đèn, led, nhãn hiệu, trần, công suất, bóng, sáng, hiệu commercial electric, điện áp, dòng điện 120v, ốc vít thắp, điện 120v đuôi, kèm, sắt chụp, lighting",94051199,SP ĐÈN/THIẾT BỊ CHIẾU SÁNG,LK,Bộ đèn LED — loại khác (trần/tường),Đèn Treo,56
"đèn, led, nhãn hiệu, trần, công suất, bóng, sáng, hiệu commercial electric, điện áp, dòng điện 120v, ốc vít thắp, điện 120v đuôi, kèm, sắt chụp, lighting",94051199,SP ĐÈN/THIẾT BỊ CHIẾU SÁNG,NC,Bộ đèn LED — loại khác (trần/tường),Đèn Trần,61
"đèn, led, nhãn hiệu, trần, công suất, bóng, sáng, hiệu commercial electric, điện áp, dòng điện 120v, ốc vít thắp, điện 120v đuôi, kèm, sắt chụp, lighting",94051199,SP ĐÈN/THIẾT BỊ CHIẾU SÁNG,NC,Bộ đèn LED — loại khác (trần/tường),[OUTLIER] đèn led trần,-1
"đèn, led, nhãn hiệu, trần, công suất, bóng, sáng, hiệu commercial electric, điện áp, dòng điện 120v, ốc vít thắp, điện 120v đuôi, kèm, sắt chụp, lighting",94051199,SP ĐÈN/THIẾT BỊ CHIẾU SÁNG,NC,Bộ đèn LED — loại khác (trần/tường),Đèn tiết kiệm điện,7
"đèn, led, nhãn hiệu, trần, công suất, bóng, sáng, hiệu commercial electric, điện áp, dòng điện 120v, ốc vít thắp, điện 120v đuôi, kèm, sắt chụp, lighting",94051199,SP ĐÈN/THIẾT BỊ CHIẾU SÁNG,NC,Bộ đèn LED — loại khác (trần/tường),Đèn Treo Dây Thả,20
"đèn, led, nhãn hiệu, trần, công suất, bóng, sáng, hiệu commercial electric, điện áp, dòng điện 120v, ốc vít thắp, điện 120v đuôi, kèm, sắt chụp, lighting",94051199,SP ĐÈN/THIẾT BỊ CHIẾU SÁNG,NC,Bộ đèn LED — loại khác (trần/tường),Đèn LED gắn trần,5
"đèn, led, nhãn hiệu, trần, công suất, bóng, sáng, hiệu commercial electric, điện áp, dòng điện 120v, ốc vít thắp, điện 120v đuôi, kèm, sắt chụp, lighting",94051199,SP ĐÈN/THIẾT BỊ CHIẾU SÁNG,NC,Bộ đèn LED — loại khác (trần/tường),Đèn Chiếu Sáng,68
"đèn, led, nhãn hiệu, trần, công suất, bóng, sáng, hiệu commercial electric, điện áp, dòng điện 120v, ốc vít thắp, điện 120v đuôi, kèm, sắt chụp, lighting",94051199,SP ĐÈN/THIẾT BỊ CHIẾU SÁNG,NC,Bộ đèn LED — loại khác (trần/tường),Đèn Led Trong Nhà,58
"đèn, led, nhãn hiệu, trần, công suất, bóng, sáng, hiệu commercial electric, điện áp, dòng điện 120v, ốc vít thắp, điện 120v đuôi, kèm, sắt chụp, lighting",94051199,SP ĐÈN/THIẾT BỊ CHIẾU SÁNG,NC,Bộ đèn LED — loại khác (trần/tường),Đèn tàu,8
"đèn, led, nhãn hiệu, trần, công suất, bóng, sáng, hiệu commercial electric, điện áp, dòng điện 120v, ốc vít thắp, điện 120v đuôi, kèm, sắt chụp, lighting",94051199,SP ĐÈN/THIẾT BỊ CHIẾU SÁNG,NC,Bộ đèn LED — loại khác (trần/tường),Đèn LED âm trần,39
"đèn, led, nhãn hiệu, trần, công suất, bóng, sáng, hiệu commercial electric, điện áp, dòng điện 120v, ốc vít thắp, điện 120v đuôi, kèm, sắt chụp, lighting",94051199,SP ĐÈN/THIẾT BỊ CHIẾU SÁNG,NC,Bộ đèn LED — loại khác (trần/tường),Đèn Pha Ray Nam Châm,54
"đèn, led, nhãn hiệu, trần, công suất, bóng, sáng, hiệu commercial electric, điện áp, dòng điện 120v, ốc vít thắp, điện 120v đuôi, kèm, sắt chụp, lighting",94051199,SP ĐÈN/THIẾT BỊ CHIẾU SÁNG,NC,Bộ đèn LED — loại khác (trần/tường),Đèn LED Cố Định,27
"đèn, led, nhãn hiệu, trần, công suất, bóng, sáng, hiệu commercial electric, điện áp, dòng điện 120v, ốc vít thắp, điện 120v đuôi, kèm, sắt chụp, lighting",94051199,SP ĐÈN/THIẾT BỊ CHIẾU SÁNG,NC,Bộ đèn LED — loại khác (trần/tường),Đèn Khẩn Cấp,46
"đèn, led, nhãn hiệu, trần, công suất, bóng, sáng, hiệu commercial electric, điện áp, dòng điện 120v, ốc vít thắp, điện 120v đuôi, kèm, sắt chụp, lighting",94051199,SP ĐÈN/THIẾT BỊ CHIẾU SÁNG,NC,Bộ đèn LED — loại khác (trần/tường),Đèn Led Việt Nam,64
"đèn, led, nhãn hiệu, trần, công suất, bóng, sáng, hiệu commercial electric, điện áp, dòng điện 120v, ốc vít thắp, điện 120v đuôi, kèm, sắt chụp, lighting",94051199,SP ĐÈN/THIẾT BỊ CHIẾU SÁNG,NC,Bộ đèn LED — loại khác (trần/tường),Đèn chiếu sáng nội thất,13
"đèn, led, nhãn hiệu, trần, công suất, bóng, sáng, hiệu commercial electric, điện áp, dòng điện 120v, ốc vít thắp, điện 120v đuôi, kèm, sắt chụp, lighting",94051199,SP ĐÈN/THIẾT BỊ CHIẾU SÁNG,LK,Bộ đèn LED — loại khác (trần/tường),Đèn LED nguyên khối,11
"đèn, led, nhãn hiệu, trần, công suất, bóng, sáng, hiệu commercial electric, điện áp, dòng điện 120v, ốc vít thắp, điện 120v đuôi, kèm, sắt chụp, lighting",94051199,SP ĐÈN/THIẾT BỊ CHIẾU SÁNG,NC,Bộ đèn LED — loại khác (trần/tường),Đèn Led Âm Trần Commercial Electric,57
"đèn, led, nhãn hiệu, trần, công suất, bóng, sáng, hiệu commercial electric, điện áp, dòng điện 120v, ốc vít thắp, điện 120v đuôi, kèm, sắt chụp, lighting",94051199,SP ĐÈN/THIẾT BỊ CHIẾU SÁNG,LK,Bộ đèn LED — loại khác (trần/tường),Bộ phận đèn LED,40
"đèn, led, nhãn hiệu, trần, công suất, bóng, sáng, hiệu commercial electric, điện áp, dòng điện 120v, ốc vít thắp, điện 120v đuôi, kèm, sắt chụp, lighting",94051199,SP ĐÈN/THIẾT BỊ CHIẾU SÁNG,NC,Bộ đèn LED — loại khác (trần/tường),Bóng Đèn,49
"đèn, led, nhãn hiệu, trần, công suất, bóng, sáng, hiệu commercial electric, điện áp, dòng điện 120v, ốc vít thắp, điện 120v đuôi, kèm, sắt chụp, lighting",94051199,SP ĐÈN/THIẾT BỊ CHIẾU SÁNG,NC,Bộ đèn LED — loại khác (trần/tường),Đèn Panel Gắn Trần,65
"đèn, led, nhãn hiệu, trần, công suất, bóng, sáng, hiệu commercial electric, điện áp, dòng điện 120v, ốc vít thắp, điện 120v đuôi, kèm, sắt chụp, lighting",94051199,SP ĐÈN/THIẾT BỊ CHIẾU SÁNG,NC,Bộ đèn LED — loại khác (trần/tường),Đèn LED Trần,19
"đèn, led, nhãn hiệu, trần, công suất, bóng, sáng, hiệu commercial electric, điện áp, dòng điện 120v, ốc vít thắp, điện 120v đuôi, kèm, sắt chụp, lighting",94051199,SP ĐÈN/THIẾT BỊ CHIẾU SÁNG,NC,Bộ đèn LED — loại khác (trần/tường),Đèn trang trí thủy tinh,36
"đèn, led, nhãn hiệu, trần, công suất, bóng, sáng, hiệu commercial electric, điện áp, dòng điện 120v, ốc vít thắp, điện 120v đuôi, kèm, sắt chụp, lighting",94051199,SP ĐÈN/THIẾT BỊ CHIẾU SÁNG,NC,Bộ đèn LED — loại khác (trần/tường),Đèn Panel,62
"đèn, led, nhãn hiệu, trần, công suất, bóng, sáng, hiệu commercial electric, điện áp, dòng điện 120v, ốc vít thắp, điện 120v đuôi, kèm, sắt chụp, lighting",94051199,SP ĐÈN/THIẾT BỊ CHIẾU SÁNG,NC,Bộ đèn LED — loại khác (trần/tường),Đèn ốp trần,2
"đèn, led, nhãn hiệu, trần, công suất, bóng, sáng, hiệu commercial electric, điện áp, dòng điện 120v, ốc vít thắp, điện 120v đuôi, kèm, sắt chụp, lighting",94051199,SP ĐÈN/THIẾT BỊ CHIẾU SÁNG,NC,Bộ đèn LED — loại khác (trần/tường),Bộ đèn có vòm phản quang,6
"đèn, led, nhãn hiệu, trần, công suất, bóng, sáng, hiệu commercial electric, điện áp, dòng điện 120v, ốc vít thắp, điện 120v đuôi, kèm, sắt chụp, lighting",94051199,SP ĐÈN/THIẾT BỊ CHIẾU SÁNG,NC,Bộ đèn LED — loại khác (trần/tường),Đèn Downlight,53
"đèn, led, nhãn hiệu, trần, công suất, bóng, sáng, hiệu commercial electric, điện áp, dòng điện 120v, ốc vít thắp, điện 120v đuôi, kèm, sắt chụp, lighting",94051199,SP ĐÈN/THIẾT BỊ CHIẾU SÁNG,NC,Bộ đèn LED — loại khác (trần/tường),Đèn Tuyp,60
"đèn, led, nhãn hiệu, trần, công suất, bóng, sáng, hiệu commercial electric, điện áp, dòng điện 120v, ốc vít thắp, điện 120v đuôi, kèm, sắt chụp, lighting",94051199,SP ĐÈN/THIẾT BỊ CHIẾU SÁNG,NC,Bộ đèn LED — loại khác (trần/tường),Đèn tuýp,10
"đèn, led, nhãn hiệu, trần, công suất, bóng, sáng, hiệu commercial electric, điện áp, dòng điện 120v, ốc vít thắp, điện 120v đuôi, kèm, sắt chụp, lighting",94051199,SP ĐÈN/THIẾT BỊ CHIẾU SÁNG,NC,Bộ đèn LED — loại khác (trần/tường),Bóng Đèn Năng Lượng Mặt Trời,47
"đèn, led, nhãn hiệu, trần, công suất, bóng, sáng, hiệu commercial electric, điện áp, dòng điện 120v, ốc vít thắp, điện 120v đuôi, kèm, sắt chụp, lighting",94051199,SP ĐÈN/THIẾT BỊ CHIẾU SÁNG,NC,Bộ đèn LED — loại khác (trần/tường),Đèn Âm Trần,66
"đèn, led, nhãn hiệu, trần, công suất, bóng, sáng, hiệu commercial electric, điện áp, dòng điện 120v, ốc vít thắp, điện 120v đuôi, kèm, sắt chụp, lighting",94051199,SP ĐÈN/THIẾT BỊ CHIẾU SÁNG,LK,Bộ đèn LED — loại khác (trần/tường),Đèn Chùm,45
"đèn, led, nhãn hiệu, trần, công suất, bóng, sáng, hiệu commercial electric, điện áp, dòng điện 120v, ốc vít thắp, điện 120v đuôi, kèm, sắt chụp, lighting",94051199,SP ĐÈN/THIẾT BỊ CHIẾU SÁNG,NC,Bộ đèn LED — loại khác (trần/tường),Đèn Gắn Trần Bóng LED,21
"đèn, led, nhãn hiệu, trần, công suất, bóng, sáng, hiệu commercial electric, điện áp, dòng điện 120v, ốc vít thắp, điện 120v đuôi, kèm, sắt chụp, lighting",94051199,SP ĐÈN/THIẾT BỊ CHIẾU SÁNG,NC,Bộ đèn LED — loại khác (trần/tường),Đèn LED mẫu,38
"cá nhân, sử dụng đèn, tài sản di, sản di chuyển, dụng đèn ngủ, nhân tài sản, di chuyển sử, chuyển sử dụng, hành lý cá, đá nhân tạo, nhân tạo nhãn, tạo nhãn hiệu, đồng đá nhân, kim đồng đá, hiệu elr elr",94051199,SP ĐÈN/THIẾT BỊ CHIẾU SÁNG,NC,Bộ đèn LED — loại khác (trần/tường),Hành lý cá nhân,1
"đèn, led, nhãn hiệu, trần, công suất, bóng, sáng, hiệu commercial electric, điện áp, dòng điện 120v, ốc vít thắp, điện 120v đuôi, kèm, sắt chụp, lighting",94051199,SP ĐÈN/THIẾT BỊ CHIẾU SÁNG,NC,Bộ đèn LED — loại khác (trần/tường),Đèn LED KOWO,23
"đèn, led, nhãn hiệu, trần, công suất, bóng, sáng, hiệu commercial electric, điện áp, dòng điện 120v, ốc vít thắp, điện 120v đuôi, kèm, sắt chụp, lighting",94051199,SP ĐÈN/THIẾT BỊ CHIẾU SÁNG,NC,Bộ đèn LED — loại khác (trần/tường),Đèn Gắn Nhà Vệ Sinh,24
"đèn, led, nhãn hiệu, trần, công suất, bóng, sáng, hiệu commercial electric, điện áp, dòng điện 120v, ốc vít thắp, điện 120v đuôi, kèm, sắt chụp, lighting",94051199,SP ĐÈN/THIẾT BỊ CHIẾU SÁNG,NC,Bộ đèn LED — loại khác (trần/tường),Đèn LED cố định lắp chìm,31
"đèn, led, nhãn hiệu, trần, công suất, bóng, sáng, hiệu commercial electric, điện áp, dòng điện 120v, ốc vít thắp, điện 120v đuôi, kèm, sắt chụp, lighting",94051199,SP ĐÈN/THIẾT BỊ CHIẾU SÁNG,NC,Bộ đèn LED — loại khác (trần/tường),Bộ đèn LED lắp nổi,32
"đèn, led, nhãn hiệu, trần, công suất, bóng, sáng, hiệu commercial electric, điện áp, dòng điện 120v, ốc vít thắp, điện 120v đuôi, kèm, sắt chụp, lighting",94051199,SP ĐÈN/THIẾT BỊ CHIẾU SÁNG,NC,Bộ đèn LED — loại khác (trần/tường),Đèn LED tháo rời,34
"đèn, led, nhãn hiệu, trần, công suất, bóng, sáng, hiệu commercial electric, điện áp, dòng điện 120v, ốc vít thắp, điện 120v đuôi, kèm, sắt chụp, lighting",94051199,SP ĐÈN/THIẾT BỊ CHIẾU SÁNG,LK,Bộ đèn LED — loại khác (trần/tường),Đèn Led Âm Trần,52
"đèn, led, nhãn hiệu, trần, công suất, bóng, sáng, hiệu commercial electric, điện áp, dòng điện 120v, ốc vít thắp, điện 120v đuôi, kèm, sắt chụp, lighting",94051199,SP ĐÈN/THIẾT BỊ CHIẾU SÁNG,NC,Bộ đèn LED — loại khác (trần/tường),Đèn Tròn Hộp,48
"đèn, led, nhãn hiệu, trần, công suất, bóng, sáng, hiệu commercial electric, điện áp, dòng điện 120v, ốc vít thắp, điện 120v đuôi, kèm, sắt chụp, lighting",94051199,SP ĐÈN/THIẾT BỊ CHIẾU SÁNG,NC,Bộ đèn LED — loại khác (trần/tường),Đèn âm trần,9
"đèn, led, nhãn hiệu, trần, công suất, bóng, sáng, hiệu commercial electric, điện áp, dòng điện 120v, ốc vít thắp, điện 120v đuôi, kèm, sắt chụp, lighting",94051199,SP ĐÈN/THIẾT BỊ CHIẾU SÁNG,NC,Bộ đèn LED — loại khác (trần/tường),Đèn LED Cảm Biến,15
"đèn, led, nhãn hiệu, trần, công suất, bóng, sáng, hiệu commercial electric, điện áp, dòng điện 120v, ốc vít thắp, điện 120v đuôi, kèm, sắt chụp, lighting",94051199,SP ĐÈN/THIẾT BỊ CHIẾU SÁNG,NC,Bộ đèn LED — loại khác (trần/tường),Đèn LED Trang Trí,16
"đèn, led, nhãn hiệu, trần, công suất, bóng, sáng, hiệu commercial electric, điện áp, dòng điện 120v, ốc vít thắp, điện 120v đuôi, kèm, sắt chụp, lighting",94051199,SP ĐÈN/THIẾT BỊ CHIẾU SÁNG,NC,Bộ đèn LED — loại khác (trần/tường),Đèn Tuýp LED,18
"đèn, led, nhãn hiệu, trần, công suất, bóng, sáng, hiệu commercial electric, điện áp, dòng điện 120v, ốc vít thắp, điện 120v đuôi, kèm, sắt chụp, lighting",94051199,SP ĐÈN/THIẾT BỊ CHIẾU SÁNG,LK,Bộ đèn LED — loại khác (trần/tường),Cụm đèn LED,35
"đèn, led, nhãn hiệu, trần, công suất, bóng, sáng, hiệu commercial electric, điện áp, dòng điện 120v, ốc vít thắp, điện 120v đuôi, kèm, sắt chụp, lighting",94051199,SP ĐÈN/THIẾT BỊ CHIẾU SÁNG,NC,Bộ đèn LED — loại khác (trần/tường),Đèn LED chiếu sáng,41
"đèn, led, nhãn hiệu, trần, công suất, bóng, sáng, hiệu commercial electric, điện áp, dòng điện 120v, ốc vít thắp, điện 120v đuôi, kèm, sắt chụp, lighting",94051199,SP ĐÈN/THIẾT BỊ CHIẾU SÁNG,NC,Bộ đèn LED — loại khác (trần/tường),Đèn Tuyến Tính,69
"đèn, led, nhãn hiệu, trần, công suất, bóng, sáng, hiệu commercial electric, điện áp, dòng điện 120v, ốc vít thắp, điện 120v đuôi, kèm, sắt chụp, lighting",94051199,SP ĐÈN/THIẾT BỊ CHIẾU SÁNG,NC,Bộ đèn LED — loại khác (trần/tường),Đèn Trang Trí,70
"đèn, led, nhãn hiệu, trần, công suất, bóng, sáng, hiệu commercial electric, điện áp, dòng điện 120v, ốc vít thắp, điện 120v đuôi, kèm, sắt chụp, lighting",94051199,SP ĐÈN/THIẾT BỊ CHIẾU SÁNG,NC,Bộ đèn LED — loại khác (trần/tường),Đèn sợi đốt,4
"đèn, led, nhãn hiệu, trần, công suất, bóng, sáng, hiệu commercial electric, điện áp, dòng điện 120v, ốc vít thắp, điện 120v đuôi, kèm, sắt chụp, lighting",94051199,SP ĐÈN/THIẾT BỊ CHIẾU SÁNG,NC,Bộ đèn LED — loại khác (trần/tường),Đèn tín hiệu,14
"đèn, led, nhãn hiệu, trần, công suất, bóng, sáng, hiệu commercial electric, điện áp, dòng điện 120v, ốc vít thắp, điện 120v đuôi, kèm, sắt chụp, lighting",94051199,SP ĐÈN/THIẾT BỊ CHIẾU SÁNG,NC,Bộ đèn LED — loại khác (trần/tường),Đèn Âm Trần Dowglight,26
"đèn, led, nhãn hiệu, trần, công suất, bóng, sáng, hiệu commercial electric, điện áp, dòng điện 120v, ốc vít thắp, điện 120v đuôi, kèm, sắt chụp, lighting",94051199,SP ĐÈN/THIẾT BỊ CHIẾU SÁNG,NC,Bộ đèn LED — loại khác (trần/tường),"Đèn Thoát Hiểm, Đèn Sự Cố",29
"đèn, led, nhãn hiệu, trần, công suất, bóng, sáng, hiệu commercial electric, điện áp, dòng điện 120v, ốc vít thắp, điện 120v đuôi, kèm, sắt chụp, lighting",94051199,SP ĐÈN/THIẾT BỊ CHIẾU SÁNG,NC,Bộ đèn LED — loại khác (trần/tường),Bộ đèn trần LED,42
"đèn, led, nhãn hiệu, trần, công suất, bóng, sáng, hiệu commercial electric, điện áp, dòng điện 120v, ốc vít thắp, điện 120v đuôi, kèm, sắt chụp, lighting",94051199,SP ĐÈN/THIẾT BỊ CHIẾU SÁNG,NC,Bộ đèn LED — loại khác (trần/tường),Đèn Ghế Nha Khoa,67
"đèn, led, nhãn hiệu, trần, công suất, bóng, sáng, hiệu commercial electric, điện áp, dòng điện 120v, ốc vít thắp, điện 120v đuôi, kèm, sắt chụp, lighting",94051199,SP ĐÈN/THIẾT BỊ CHIẾU SÁNG,NC,Bộ đèn LED — loại khác (trần/tường),Đèn LED gắn tường,12
"đèn, led, nhãn hiệu, trần, công suất, bóng, sáng, hiệu commercial electric, điện áp, dòng điện 120v, ốc vít thắp, điện 120v đuôi, kèm, sắt chụp, lighting",94051199,SP ĐÈN/THIẾT BỊ CHIẾU SÁNG,NC,Bộ đèn LED — loại khác (trần/tường),Đèn LED Lắp Đặt,17
"đèn, led, nhãn hiệu, trần, công suất, bóng, sáng, hiệu commercial electric, điện áp, dòng điện 120v, ốc vít thắp, điện 120v đuôi, kèm, sắt chụp, lighting",94051199,SP ĐÈN/THIẾT BỊ CHIẾU SÁNG,NC,Bộ đèn LED — loại khác (trần/tường),Đèn LED Panel,22
"đèn, led, nhãn hiệu, trần, công suất, bóng, sáng, hiệu commercial electric, điện áp, dòng điện 120v, ốc vít thắp, điện 120v đuôi, kèm, sắt chụp, lighting",94051199,SP ĐÈN/THIẾT BỊ CHIẾU SÁNG,NC,Bộ đèn LED — loại khác (trần/tường),Đèn Dây LED Trang Trí,25
"đèn, led, nhãn hiệu, trần, công suất, bóng, sáng, hiệu commercial electric, điện áp, dòng điện 120v, ốc vít thắp, điện 120v đuôi, kèm, sắt chụp, lighting",94051199,SP ĐÈN/THIẾT BỊ CHIẾU SÁNG,NC,Bộ đèn LED — loại khác (trần/tường),Đèn LED Sử Dụng Trong Sản Xuất Tai Nghe,28
"đèn, led, nhãn hiệu, trần, công suất, bóng, sáng, hiệu commercial electric, điện áp, dòng điện 120v, ốc vít thắp, điện 120v đuôi, kèm, sắt chụp, lighting",94051199,SP ĐÈN/THIẾT BỊ CHIẾU SÁNG,NC,Bộ đèn LED — loại khác (trần/tường),Đèn LED cao áp,30
"đèn, led, nhãn hiệu, trần, công suất, bóng, sáng, hiệu commercial electric, điện áp, dòng điện 120v, ốc vít thắp, điện 120v đuôi, kèm, sắt chụp, lighting",94051199,SP ĐÈN/THIẾT BỊ CHIẾU SÁNG,NC,Bộ đèn LED — loại khác (trần/tường),Đèn LED dây,37
"đèn, led, nhãn hiệu, trần, công suất, bóng, sáng, hiệu commercial electric, điện áp, dòng điện 120v, ốc vít thắp, điện 120v đuôi, kèm, sắt chụp, lighting",94051199,SP ĐÈN/THIẾT BỊ CHIẾU SÁNG,NC,Bộ đèn LED — loại khác (trần/tường),Đèn LED chiếu sáng treo tường,43
"đèn, led, nhãn hiệu, trần, công suất, bóng, sáng, hiệu commercial electric, điện áp, dòng điện 120v, ốc vít thắp, điện 120v đuôi, kèm, sắt chụp, lighting",94051199,SP ĐÈN/THIẾT BỊ CHIẾU SÁNG,NC,Bộ đèn LED — loại khác (trần/tường),Đèn LED trang trí,44
"đèn, led, nhãn hiệu, trần, công suất, bóng, sáng, hiệu commercial electric, điện áp, dòng điện 120v, ốc vít thắp, điện 120v đuôi, kèm, sắt chụp, lighting",94051199,SP ĐÈN/THIẾT BỊ CHIẾU SÁNG,NC,Bộ đèn LED — loại khác (trần/tường),Đèn Tàu Thuỷ,50
"đèn, led, nhãn hiệu, trần, công suất, bóng, sáng, hiệu commercial electric, điện áp, dòng điện 120v, ốc vít thắp, điện 120v đuôi, kèm, sắt chụp, lighting",94051199,SP ĐÈN/THIẾT BỊ CHIẾU SÁNG,LK,Bộ đèn LED — loại khác (trần/tường),Bộ Vỏ Đèn,51
"đèn, led, nhãn hiệu, trần, công suất, bóng, sáng, hiệu commercial electric, điện áp, dòng điện 120v, ốc vít thắp, điện 120v đuôi, kèm, sắt chụp, lighting",94051199,SP ĐÈN/THIẾT BỊ CHIẾU SÁNG,NC,Bộ đèn LED — loại khác (trần/tường),Bộ Đèn LED Gắn Trần,59
"đèn, led, nhãn hiệu, trần, công suất, bóng, sáng, hiệu commercial electric, điện áp, dòng điện 120v, ốc vít thắp, điện 120v đuôi, kèm, sắt chụp, lighting",94051199,SP ĐÈN/THIẾT BỊ CHIẾU SÁNG,NC,Bộ đèn LED — loại khác (trần/tường),Đèn Gắn Tường,63
"đèn, led, nhãn hiệu, trần, công suất, bóng, sáng, hiệu commercial electric, điện áp, dòng điện 120v, ốc vít thắp, điện 120v đuôi, kèm, sắt chụp, lighting",94051199,SP ĐÈN/THIẾT BỊ CHIẾU SÁNG,LK,Bộ đèn LED — loại khác (trần/tường),Đèn trang trí,3
"đèn, led, nhãn hiệu, trần, công suất, bóng, sáng, hiệu commercial electric, điện áp, dòng điện 120v, ốc vít thắp, điện 120v đuôi, kèm, sắt chụp, lighting",94051199,SP ĐÈN/THIẾT BỊ CHIẾU SÁNG,NC,Bộ đèn LED — loại khác (trần/tường),Đèn Led Module,55
"cắm trực tiếp, trực tiếp nguồn, sạc cắm trực, pin sạc cắm, tiếp nguồn công, bóng led pin, nguồn công suất, led pin sạc, đèn rọi, công suất 200w, sago, kích thước, bóng đèn, bao gồm bóng, rọi khung bao",94051991,SP ĐÈN/THIẾT BỊ CHIẾU SÁNG,LK,Bộ đèn loại khác — đèn rọi,[OUTLIER] đèn rọi nguồn,-1
"sạc cắm trực, pin sạc cắm, tiếp nguồn công, bóng led pin, nguồn công suất, led pin sạc, công suất 200w, cắm trực tiếp, trực tiếp nguồn, sago, kích thước, bóng đèn, bao gồm bóng, đèn rọi, rọi khung bao",94051991,SP ĐÈN/THIẾT BỊ CHIẾU SÁNG,NC,Bộ đèn loại khác — đèn rọi,Bóng Led Sạc,1
"đèn rọi, kích thước, bóng đèn, bao gồm bóng, rọi khung bao, khung bao gồm, đèn 1pce, thương hiệu, hiệu wever ducre, suất tối đa, công suất tối, kèm bóng thương, kim loại, âm trần, tối đa 9w",94051991,SP ĐÈN/THIẾT BỊ CHIẾU SÁNG,NC,Bộ đèn loại khác — đèn rọi,Đèn Rọi Có Khung,2
"đèn rọi, kích thước, bóng đèn, bao gồm bóng, rọi khung bao, khung bao gồm, đèn 1pce, thương hiệu, hiệu wever ducre, suất tối đa, công suất tối, kèm bóng thương, kim loại, âm trần, tối đa 9w",94051991,SP ĐÈN/THIẾT BỊ CHIẾU SÁNG,NC,Bộ đèn loại khác — đèn rọi,Đèn Rọi Âm Trần,0
"huỳnh quang, đèn, điện áp, hỗ trợ ánh, trợ ánh sáng, ánh sáng dây, sáng hỗ trợ, sáng dây chuyền, chiếu sáng hỗ, áp 220v, cs 5w kt, dây chuyền philips, kt 600 35, quang bn058c led5, led5 l600 chiếu",94051992,SP ĐÈN/THIẾT BỊ CHIẾU SÁNG,NC,Bộ đèn loại khác — đèn huỳnh quang,[OUTLIER] đèn huỳnh quang,-1
"huỳnh quang, đèn, điện áp, hỗ trợ ánh, trợ ánh sáng, ánh sáng dây, sáng hỗ trợ, sáng dây chuyền, chiếu sáng hỗ, áp 220v, cs 5w kt, dây chuyền philips, kt 600 35, quang bn058c led5, led5 l600 chiếu",94051992,SP ĐÈN/THIẾT BỊ CHIẾU SÁNG,NC,Bộ đèn loại khác — đèn huỳnh quang,ĐÈN LED HUỂNH QUANG,0
"đèn, trang trí, bóng, nhãn hiệu, kích thước, led decorative light, trí led decorative, led trang, treo, tường, công suất, thủy tinh, điện áp, sắt, gắn",94051999,SP ĐÈN/THIẾT BỊ CHIẾU SÁNG,NC,Bộ đèn loại khác — loại khác (trần/tường),"Đèn led trang trí bằng sắt, thủy tinh",44
"đèn, trang trí, bóng, nhãn hiệu, kích thước, led decorative light, trí led decorative, led trang, treo, tường, công suất, thủy tinh, điện áp, sắt, gắn",94051999,SP ĐÈN/THIẾT BỊ CHIẾU SÁNG,LK,Bộ đèn loại khác — loại khác (trần/tường),Đèn Trang Trí Dạng Đèn,26
"đèn, trang trí, bóng, nhãn hiệu, kích thước, led decorative light, trí led decorative, led trang, treo, tường, công suất, thủy tinh, điện áp, sắt, gắn",94051999,SP ĐÈN/THIẾT BỊ CHIẾU SÁNG,NC,Bộ đèn loại khác — loại khác (trần/tường),Đèn treo tường,46
"đèn, trang trí, bóng, nhãn hiệu, kích thước, led decorative light, trí led decorative, led trang, treo, tường, công suất, thủy tinh, điện áp, sắt, gắn",94051999,SP ĐÈN/THIẾT BỊ CHIẾU SÁNG,NC,Bộ đèn loại khác — loại khác (trần/tường),[OUTLIER] đèn bóng led,-1
"đèn, trang trí, bóng, nhãn hiệu, kích thước, led decorative light, trí led decorative, led trang, treo, tường, công suất, thủy tinh, điện áp, sắt, gắn",94051999,SP ĐÈN/THIẾT BỊ CHIẾU SÁNG,NC,Bộ đèn loại khác — loại khác (trần/tường),Đèn treo không bóng đèn,50
"đèn, trang trí, bóng, nhãn hiệu, kích thước, led decorative light, trí led decorative, led trang, treo, tường, công suất, thủy tinh, điện áp, sắt, gắn",94051999,SP ĐÈN/THIẾT BỊ CHIẾU SÁNG,NC,Bộ đèn loại khác — loại khác (trần/tường),Đèn trang trí,45
"đèn, trang trí, bóng, nhãn hiệu, kích thước, led decorative light, trí led decorative, led trang, treo, tường, công suất, thủy tinh, điện áp, sắt, gắn",94051999,SP ĐÈN/THIẾT BỊ CHIẾU SÁNG,NC,Bộ đèn loại khác — loại khác (trần/tường),Đèn treo tự nhiên,51
"đèn, trang trí, bóng, nhãn hiệu, kích thước, led decorative light, trí led decorative, led trang, treo, tường, công suất, thủy tinh, điện áp, sắt, gắn",94051999,SP ĐÈN/THIẾT BỊ CHIẾU SÁNG,NC,Bộ đèn loại khác — loại khác (trần/tường),Đèn thả kim loại kính hạt,53
"đèn, trang trí, bóng, nhãn hiệu, kích thước, led decorative light, trí led decorative, led trang, treo, tường, công suất, thủy tinh, điện áp, sắt, gắn",94051999,SP ĐÈN/THIẾT BỊ CHIẾU SÁNG,NC,Bộ đèn loại khác — loại khác (trần/tường),Đèn âm trần không bóng đèn,59
"đèn, trang trí, bóng, nhãn hiệu, kích thước, led decorative light, trí led decorative, led trang, treo, tường, công suất, thủy tinh, điện áp, sắt, gắn",94051999,SP ĐÈN/THIẾT BỊ CHIẾU SÁNG,NC,Bộ đèn loại khác — loại khác (trần/tường),Đèn tường cố định,57
"đèn, trang trí, bóng, nhãn hiệu, kích thước, led decorative light, trí led decorative, led trang, treo, tường, công suất, thủy tinh, điện áp, sắt, gắn",94051999,SP ĐÈN/THIẾT BỊ CHIẾU SÁNG,NC,Bộ đèn loại khác — loại khác (trần/tường),Đèn tường cói đan,52
"đèn, trang trí, bóng, nhãn hiệu, kích thước, led decorative light, trí led decorative, led trang, treo, tường, công suất, thủy tinh, điện áp, sắt, gắn",94051999,SP ĐÈN/THIẾT BỊ CHIẾU SÁNG,NC,Bộ đèn loại khác — loại khác (trần/tường),Đèn Chùm,15
"đèn, trang trí, bóng, nhãn hiệu, kích thước, led decorative light, trí led decorative, led trang, treo, tường, công suất, thủy tinh, điện áp, sắt, gắn",94051999,SP ĐÈN/THIẾT BỊ CHIẾU SÁNG,NC,Bộ đèn loại khác — loại khác (trần/tường),Đèn thả cao cấp,39
"đèn, trang trí, bóng, nhãn hiệu, kích thước, led decorative light, trí led decorative, led trang, treo, tường, công suất, thủy tinh, điện áp, sắt, gắn",94051999,SP ĐÈN/THIẾT BỊ CHIẾU SÁNG,NC,Bộ đèn loại khác — loại khác (trần/tường),Đèn LED Tái Chế,22
"đèn, trang trí, bóng, nhãn hiệu, kích thước, led decorative light, trí led decorative, led trang, treo, tường, công suất, thủy tinh, điện áp, sắt, gắn",94051999,SP ĐÈN/THIẾT BỊ CHIẾU SÁNG,NC,Bộ đèn loại khác — loại khác (trần/tường),Đèn Đồng,17
"đèn, trang trí, bóng, nhãn hiệu, kích thước, led decorative light, trí led decorative, led trang, treo, tường, công suất, thủy tinh, điện áp, sắt, gắn",94051999,SP ĐÈN/THIẾT BỊ CHIẾU SÁNG,NC,Bộ đèn loại khác — loại khác (trần/tường),"Đèn E14, đèn E27",35
"đèn, trang trí, bóng, nhãn hiệu, kích thước, led decorative light, trí led decorative, led trang, treo, tường, công suất, thủy tinh, điện áp, sắt, gắn",94051999,SP ĐÈN/THIẾT BỊ CHIẾU SÁNG,NC,Bộ đèn loại khác — loại khác (trần/tường),Đèn gắn tường,4
"đèn, trang trí, bóng, nhãn hiệu, kích thước, led decorative light, trí led decorative, led trang, treo, tường, công suất, thủy tinh, điện áp, sắt, gắn",94051999,SP ĐÈN/THIẾT BỊ CHIẾU SÁNG,NC,Bộ đèn loại khác — loại khác (trần/tường),Đèn Trang Trí Dây Nối,24
"đèn, trang trí, bóng, nhãn hiệu, kích thước, led decorative light, trí led decorative, led trang, treo, tường, công suất, thủy tinh, điện áp, sắt, gắn",94051999,SP ĐÈN/THIẾT BỊ CHIẾU SÁNG,NC,Bộ đèn loại khác — loại khác (trần/tường),Đèn Trần Trang Trí,23
"đèn, trang trí, bóng, nhãn hiệu, kích thước, led decorative light, trí led decorative, led trang, treo, tường, công suất, thủy tinh, điện áp, sắt, gắn",94051999,SP ĐÈN/THIẾT BỊ CHIẾU SÁNG,NC,Bộ đèn loại khác — loại khác (trần/tường),Đèn chiếu sáng trong hồ cá,8
"đèn, trang trí, bóng, nhãn hiệu, kích thước, led decorative light, trí led decorative, led trang, treo, tường, công suất, thủy tinh, điện áp, sắt, gắn",94051999,SP ĐÈN/THIẾT BỊ CHIẾU SÁNG,NC,Bộ đèn loại khác — loại khác (trần/tường),Đèn chùm trang trí bằng sắt,12
"đèn, trang trí, bóng, nhãn hiệu, kích thước, led decorative light, trí led decorative, led trang, treo, tường, công suất, thủy tinh, điện áp, sắt, gắn",94051999,SP ĐÈN/THIẾT BỊ CHIẾU SÁNG,NC,Bộ đèn loại khác — loại khác (trần/tường),Đèn âm trần,49
"đèn, trang trí, bóng, nhãn hiệu, kích thước, led decorative light, trí led decorative, led trang, treo, tường, công suất, thủy tinh, điện áp, sắt, gắn",94051999,SP ĐÈN/THIẾT BỊ CHIẾU SÁNG,NC,Bộ đèn loại khác — loại khác (trần/tường),Đèn chùm đa nguồn sáng,3
"đèn, trang trí, bóng, nhãn hiệu, kích thước, led decorative light, trí led decorative, led trang, treo, tường, công suất, thủy tinh, điện áp, sắt, gắn",94051999,SP ĐÈN/THIẾT BỊ CHIẾU SÁNG,NC,Bộ đèn loại khác — loại khác (trần/tường),"Đèn treo, đèn tường",32
"đèn, trang trí, bóng, nhãn hiệu, kích thước, led decorative light, trí led decorative, led trang, treo, tường, công suất, thủy tinh, điện áp, sắt, gắn",94051999,SP ĐÈN/THIẾT BỊ CHIẾU SÁNG,NC,Bộ đèn loại khác — loại khác (trần/tường),Đèn trang trí nội thất,43
"đèn, trang trí, bóng, nhãn hiệu, kích thước, led decorative light, trí led decorative, led trang, treo, tường, công suất, thủy tinh, điện áp, sắt, gắn",94051999,SP ĐÈN/THIẾT BỊ CHIẾU SÁNG,NC,Bộ đèn loại khác — loại khác (trần/tường),Đèn LED,60
"đèn, trang trí, bóng, nhãn hiệu, kích thước, led decorative light, trí led decorative, led trang, treo, tường, công suất, thủy tinh, điện áp, sắt, gắn",94051999,SP ĐÈN/THIẾT BỊ CHIẾU SÁNG,NC,Bộ đèn loại khác — loại khác (trần/tường),Đèn tường bằng đồng,9
"đèn, trang trí, bóng, nhãn hiệu, kích thước, led decorative light, trí led decorative, led trang, treo, tường, công suất, thủy tinh, điện áp, sắt, gắn",94051999,SP ĐÈN/THIẾT BỊ CHIẾU SÁNG,NC,Bộ đèn loại khác — loại khác (trần/tường),Đèn Chùm Thủy Tinh,20
"đèn, trang trí, bóng, nhãn hiệu, kích thước, led decorative light, trí led decorative, led trang, treo, tường, công suất, thủy tinh, điện áp, sắt, gắn",94051999,SP ĐÈN/THIẾT BỊ CHIẾU SÁNG,NC,Bộ đèn loại khác — loại khác (trần/tường),Đèn chùm trang trí,1
"đèn, trang trí, bóng, nhãn hiệu, kích thước, led decorative light, trí led decorative, led trang, treo, tường, công suất, thủy tinh, điện áp, sắt, gắn",94051999,SP ĐÈN/THIẾT BỊ CHIẾU SÁNG,NC,Bộ đèn loại khác — loại khác (trần/tường),Đèn nháy trang trí,7
"đèn, trang trí, bóng, nhãn hiệu, kích thước, led decorative light, trí led decorative, led trang, treo, tường, công suất, thủy tinh, điện áp, sắt, gắn",94051999,SP ĐÈN/THIẾT BỊ CHIẾU SÁNG,NC,Bộ đèn loại khác — loại khác (trần/tường),Đèn Thả Trang Trí,25
"đèn, trang trí, bóng, nhãn hiệu, kích thước, led decorative light, trí led decorative, led trang, treo, tường, công suất, thủy tinh, điện áp, sắt, gắn",94051999,SP ĐÈN/THIẾT BỊ CHIẾU SÁNG,NC,Bộ đèn loại khác — loại khác (trần/tường),"Đèn tường, đèn thả",38
"đèn, trang trí, bóng, nhãn hiệu, kích thước, led decorative light, trí led decorative, led trang, treo, tường, công suất, thủy tinh, điện áp, sắt, gắn",94051999,SP ĐÈN/THIẾT BỊ CHIẾU SÁNG,NC,Bộ đèn loại khác — loại khác (trần/tường),Đèn sợi đốt nội thất,34
"đèn, trang trí, bóng, nhãn hiệu, kích thước, led decorative light, trí led decorative, led trang, treo, tường, công suất, thủy tinh, điện áp, sắt, gắn",94051999,SP ĐÈN/THIẾT BỊ CHIẾU SÁNG,NC,Bộ đèn loại khác — loại khác (trần/tường),Đèn treo trang trí,2
"đèn, trang trí, bóng, nhãn hiệu, kích thước, led decorative light, trí led decorative, led trang, treo, tường, công suất, thủy tinh, điện áp, sắt, gắn",94051999,SP ĐÈN/THIẾT BỊ CHIẾU SÁNG,NC,Bộ đèn loại khác — loại khác (trần/tường),Đèn Trần Trong Suất,16
"đèn, trang trí, bóng, nhãn hiệu, kích thước, led decorative light, trí led decorative, led trang, treo, tường, công suất, thủy tinh, điện áp, sắt, gắn",94051999,SP ĐÈN/THIẾT BỊ CHIẾU SÁNG,NC,Bộ đèn loại khác — loại khác (trần/tường),Đèn pha LED,42
"đèn, trang trí, bóng, nhãn hiệu, kích thước, led decorative light, trí led decorative, led trang, treo, tường, công suất, thủy tinh, điện áp, sắt, gắn",94051999,SP ĐÈN/THIẾT BỊ CHIẾU SÁNG,NC,Bộ đèn loại khác — loại khác (trần/tường),"Đèn thả, đèn chùm",31
"đèn, trang trí, bóng, nhãn hiệu, kích thước, led decorative light, trí led decorative, led trang, treo, tường, công suất, thủy tinh, điện áp, sắt, gắn",94051999,SP ĐÈN/THIẾT BỊ CHIẾU SÁNG,NC,Bộ đèn loại khác — loại khác (trần/tường),Đèn treo mây,58
"đèn, trang trí, bóng, nhãn hiệu, kích thước, led decorative light, trí led decorative, led trang, treo, tường, công suất, thủy tinh, điện áp, sắt, gắn",94051999,SP ĐÈN/THIẾT BỊ CHIẾU SÁNG,NC,Bộ đèn loại khác — loại khác (trần/tường),Đèn chiếu sáng quạt trần,11
"đèn, trang trí, bóng, nhãn hiệu, kích thước, led decorative light, trí led decorative, led trang, treo, tường, công suất, thủy tinh, điện áp, sắt, gắn",94051999,SP ĐÈN/THIẾT BỊ CHIẾU SÁNG,NC,Bộ đèn loại khác — loại khác (trần/tường),Đèn chiếu sáng tàu thủy,40
"đèn, trang trí, bóng, nhãn hiệu, kích thước, led decorative light, trí led decorative, led trang, treo, tường, công suất, thủy tinh, điện áp, sắt, gắn",94051999,SP ĐÈN/THIẾT BỊ CHIẾU SÁNG,NC,Bộ đèn loại khác — loại khác (trần/tường),Đèn Lon Vỏ Nhựa,18
"đèn, trang trí, bóng, nhãn hiệu, kích thước, led decorative light, trí led decorative, led trang, treo, tường, công suất, thủy tinh, điện áp, sắt, gắn",94051999,SP ĐÈN/THIẾT BỊ CHIẾU SÁNG,NC,Bộ đèn loại khác — loại khác (trần/tường),Đèn treo trần bằng pha lê chì,14
"đèn, trang trí, bóng, nhãn hiệu, kích thước, led decorative light, trí led decorative, led trang, treo, tường, công suất, thủy tinh, điện áp, sắt, gắn",94051999,SP ĐÈN/THIẾT BỊ CHIẾU SÁNG,NC,Bộ đèn loại khác — loại khác (trần/tường),Đèn Dây Thả,21
"đèn, trang trí, bóng, nhãn hiệu, kích thước, led decorative light, trí led decorative, led trang, treo, tường, công suất, thủy tinh, điện áp, sắt, gắn",94051999,SP ĐÈN/THIẾT BỊ CHIẾU SÁNG,NC,Bộ đèn loại khác — loại khác (trần/tường),Đèn trang trí Beacon Square,56
"đèn, trang trí, bóng, nhãn hiệu, kích thước, led decorative light, trí led decorative, led trang, treo, tường, công suất, thủy tinh, điện áp, sắt, gắn",94051999,SP ĐÈN/THIẾT BỊ CHIẾU SÁNG,NC,Bộ đèn loại khác — loại khác (trần/tường),Đèn chùm trần,5
"đèn, trang trí, bóng, nhãn hiệu, kích thước, led decorative light, trí led decorative, led trang, treo, tường, công suất, thủy tinh, điện áp, sắt, gắn",94051999,SP ĐÈN/THIẾT BỊ CHIẾU SÁNG,NC,Bộ đèn loại khác — loại khác (trần/tường),Đèn Thủ Công Mỹ Nghệ,27
"đèn, trang trí, bóng, nhãn hiệu, kích thước, led decorative light, trí led decorative, led trang, treo, tường, công suất, thủy tinh, điện áp, sắt, gắn",94051999,SP ĐÈN/THIẾT BỊ CHIẾU SÁNG,NC,Bộ đèn loại khác — loại khác (trần/tường),Đèn Chùm Trang Trí,28
"đèn, trang trí, bóng, nhãn hiệu, kích thước, led decorative light, trí led decorative, led trang, treo, tường, công suất, thủy tinh, điện áp, sắt, gắn",94051999,SP ĐÈN/THIẾT BỊ CHIẾU SÁNG,NC,Bộ đèn loại khác — loại khác (trần/tường),Đèn Chùm Trang Trí Nhựa,29
"đèn, trang trí, bóng, nhãn hiệu, kích thước, led decorative light, trí led decorative, led trang, treo, tường, công suất, thủy tinh, điện áp, sắt, gắn",94051999,SP ĐÈN/THIẾT BỊ CHIẾU SÁNG,NC,Bộ đèn loại khác — loại khác (trần/tường),Đèn trang trí không gian,55
"đèn, trang trí, bóng, nhãn hiệu, kích thước, led decorative light, trí led decorative, led trang, treo, tường, công suất, thủy tinh, điện áp, sắt, gắn",94051999,SP ĐÈN/THIẾT BỊ CHIẾU SÁNG,NC,Bộ đèn loại khác — loại khác (trần/tường),Đèn trang trí bằng thép,6
"đèn, trang trí, bóng, nhãn hiệu, kích thước, led decorative light, trí led decorative, led trang, treo, tường, công suất, thủy tinh, điện áp, sắt, gắn",94051999,SP ĐÈN/THIẾT BỊ CHIẾU SÁNG,NC,Bộ đèn loại khác — loại khác (trần/tường),Đèn chùm bằng gỗ óc chó,10
"đèn, trang trí, bóng, nhãn hiệu, kích thước, led decorative light, trí led decorative, led trang, treo, tường, công suất, thủy tinh, điện áp, sắt, gắn",94051999,SP ĐÈN/THIẾT BỊ CHIẾU SÁNG,NC,Bộ đèn loại khác — loại khác (trần/tường),Thân đèn chùm trang trí,13
"đèn, trang trí, bóng, nhãn hiệu, kích thước, led decorative light, trí led decorative, led trang, treo, tường, công suất, thủy tinh, điện áp, sắt, gắn",94051999,SP ĐÈN/THIẾT BỊ CHIẾU SÁNG,NC,Bộ đèn loại khác — loại khác (trần/tường),Đèn Vách Gắn Tường,19
"đèn, trang trí, bóng, nhãn hiệu, kích thước, led decorative light, trí led decorative, led trang, treo, tường, công suất, thủy tinh, điện áp, sắt, gắn",94051999,SP ĐÈN/THIẾT BỊ CHIẾU SÁNG,NC,Bộ đèn loại khác — loại khác (trần/tường),Đèn vách trang trí nội thất,36
"đèn, trang trí, bóng, nhãn hiệu, kích thước, led decorative light, trí led decorative, led trang, treo, tường, công suất, thủy tinh, điện áp, sắt, gắn",94051999,SP ĐÈN/THIẾT BỊ CHIẾU SÁNG,NC,Bộ đèn loại khác — loại khác (trần/tường),Đèn LED trang trí,48
"đèn, trang trí, bóng, nhãn hiệu, kích thước, led decorative light, trí led decorative, led trang, treo, tường, công suất, thủy tinh, điện áp, sắt, gắn",94051999,SP ĐÈN/THIẾT BỊ CHIẾU SÁNG,NC,Bộ đèn loại khác — loại khác (trần/tường),Đèn LED nhà xưởng,30
"đèn, trang trí, bóng, nhãn hiệu, kích thước, led decorative light, trí led decorative, led trang, treo, tường, công suất, thủy tinh, điện áp, sắt, gắn",94051999,SP ĐÈN/THIẾT BỊ CHIẾU SÁNG,NC,Bộ đèn loại khác — loại khác (trần/tường),Đèn trang trí bằng thủy tinh chì,33
"đèn, trang trí, bóng, nhãn hiệu, kích thước, led decorative light, trí led decorative, led trang, treo, tường, công suất, thủy tinh, điện áp, sắt, gắn",94051999,SP ĐÈN/THIẾT BỊ CHIẾU SÁNG,NC,Bộ đèn loại khác — loại khác (trần/tường),Đèn led trang trí nội thất,37
"đèn, trang trí, bóng, nhãn hiệu, kích thước, led decorative light, trí led decorative, led trang, treo, tường, công suất, thủy tinh, điện áp, sắt, gắn",94051999,SP ĐÈN/THIẾT BỊ CHIẾU SÁNG,NC,Bộ đèn loại khác — loại khác (trần/tường),"Đèn ốp trần, đèn tường",41
"đèn, trang trí, bóng, nhãn hiệu, kích thước, led decorative light, trí led decorative, led trang, treo, tường, công suất, thủy tinh, điện áp, sắt, gắn",94051999,SP ĐÈN/THIẾT BỊ CHIẾU SÁNG,NC,Bộ đèn loại khác — loại khác (trần/tường),Đèn treo PALANGA,47
"đèn, trang trí, bóng, nhãn hiệu, kích thước, led decorative light, trí led decorative, led trang, treo, tường, công suất, thủy tinh, điện áp, sắt, gắn",94051999,SP ĐÈN/THIẾT BỊ CHIẾU SÁNG,NC,Bộ đèn loại khác — loại khác (trần/tường),Đèn ốp trần,54
"đèn, trang trí, bóng, nhãn hiệu, kích thước, led decorative light, trí led decorative, led trang, treo, tường, công suất, thủy tinh, điện áp, sắt, gắn",94051999,SP ĐÈN/THIẾT BỊ CHIẾU SÁNG,NC,Bộ đèn loại khác — loại khác (trần/tường),Đèn trên tàu,61
"đèn mổ, di động, chủng loại, y tế, hsx, đèn cây, áp 220v công, ping an yongtai, yongtai medical equipment, an yongtai medical, shandong ping an, điện áp 220v, công suất, loại jky5l đèn, bóng điện áp",94052110,SP ĐÈN/THIẾT BỊ CHIẾU SÁNG,NC,Đèn bàn/giường/cây LED — đèn phòng mổ,[OUTLIER] đèn chủng động,-1
"đèn, led, bàn, trang trí, bóng, ốt phát quang, đi ốt phát, nguồn sáng đi, sáng đi ốt, sử dụng, nhãn hiệu, kèm, dụng nguồn sáng, điện áp, công suất",94052190,SP ĐÈN/THIẾT BỊ CHIẾU SÁNG,NC,Đèn bàn/giường/cây LED — loại khác,[OUTLIER] đèn led bàn,-1
"đèn, led, bàn, trang trí, bóng, ốt phát quang, đi ốt phát, nguồn sáng đi, sáng đi ốt, sử dụng, nhãn hiệu, kèm, dụng nguồn sáng, điện áp, công suất",94052190,SP ĐÈN/THIẾT BỊ CHIẾU SÁNG,NC,Đèn bàn/giường/cây LED — loại khác,Đèn dây,2
"đèn, led, bàn, trang trí, bóng, ốt phát quang, đi ốt phát, nguồn sáng đi, sáng đi ốt, sử dụng, nhãn hiệu, kèm, dụng nguồn sáng, điện áp, công suất",94052190,SP ĐÈN/THIẾT BỊ CHIẾU SÁNG,NC,Đèn bàn/giường/cây LED — loại khác,Đèn sofa,4
"đèn, led, bàn, trang trí, bóng, ốt phát quang, đi ốt phát, nguồn sáng đi, sáng đi ốt, sử dụng, nhãn hiệu, kèm, dụng nguồn sáng, điện áp, công suất",94052190,SP ĐÈN/THIẾT BỊ CHIẾU SÁNG,LK,Đèn bàn/giường/cây LED — loại khác,Đèn trang trí,1
"đèn, led, bàn, trang trí, bóng, ốt phát quang, đi ốt phát, nguồn sáng đi, sáng đi ốt, sử dụng, nhãn hiệu, kèm, dụng nguồn sáng, điện áp, công suất",94052190,SP ĐÈN/THIẾT BỊ CHIẾU SÁNG,NC,Đèn bàn/giường/cây LED — loại khác,Đèn đồng,11
"đèn, led, bàn, trang trí, bóng, ốt phát quang, đi ốt phát, nguồn sáng đi, sáng đi ốt, sử dụng, nhãn hiệu, kèm, dụng nguồn sáng, điện áp, công suất",94052190,SP ĐÈN/THIẾT BỊ CHIẾU SÁNG,NC,Đèn bàn/giường/cây LED — loại khác,Đèn cầu,13
"dụng giầy dép, giầy dép 20, dép 20 đôi, sử dụng giầy, đôi thùng, đèn, led, bàn, trang trí, bóng, ốt phát quang, đi ốt phát, nguồn sáng đi, sáng đi ốt, nhãn hiệu",94052190,SP ĐÈN/THIẾT BỊ CHIẾU SÁNG,NC,Đèn bàn/giường/cây LED — loại khác,Đèn di chuyển,5
"đèn, led, bàn, trang trí, bóng, ốt phát quang, đi ốt phát, nguồn sáng đi, sáng đi ốt, sử dụng, nhãn hiệu, kèm, dụng nguồn sáng, điện áp, công suất",94052190,SP ĐÈN/THIẾT BỊ CHIẾU SÁNG,NC,Đèn bàn/giường/cây LED — loại khác,Đèn bóng,29
"đèn, led, bàn, trang trí, bóng, ốt phát quang, đi ốt phát, nguồn sáng đi, sáng đi ốt, sử dụng, nhãn hiệu, kèm, dụng nguồn sáng, điện áp, công suất",94052190,SP ĐÈN/THIẾT BỊ CHIẾU SÁNG,NC,Đèn bàn/giường/cây LED — loại khác,Đèn thờ,0
"đèn, led, bàn, trang trí, bóng, ốt phát quang, đi ốt phát, nguồn sáng đi, sáng đi ốt, sử dụng, nhãn hiệu, kèm, dụng nguồn sáng, điện áp, công suất",94052190,SP ĐÈN/THIẾT BỊ CHIẾU SÁNG,LK,Đèn bàn/giường/cây LED — loại khác,Đèn nội thất,16
"đèn, led, bàn, trang trí, bóng, ốt phát quang, đi ốt phát, nguồn sáng đi, sáng đi ốt, sử dụng, nhãn hiệu, kèm, dụng nguồn sáng, điện áp, công suất",94052190,SP ĐÈN/THIẾT BỊ CHIẾU SÁNG,NC,Đèn bàn/giường/cây LED — loại khác,Đèn pin tiểu,8
"đèn, led, bàn, trang trí, bóng, ốt phát quang, đi ốt phát, nguồn sáng đi, sáng đi ốt, sử dụng, nhãn hiệu, kèm, dụng nguồn sáng, điện áp, công suất",94052190,SP ĐÈN/THIẾT BỊ CHIẾU SÁNG,NC,Đèn bàn/giường/cây LED — loại khác,Đèn bàn IKEA,28
"đèn, led, bàn, trang trí, bóng, ốt phát quang, đi ốt phát, nguồn sáng đi, sáng đi ốt, sử dụng, nhãn hiệu, kèm, dụng nguồn sáng, điện áp, công suất",94052190,SP ĐÈN/THIẾT BỊ CHIẾU SÁNG,NC,Đèn bàn/giường/cây LED — loại khác,Đèn trụ nội thất,27
"đèn, led, bàn, trang trí, bóng, ốt phát quang, đi ốt phát, nguồn sáng đi, sáng đi ốt, sử dụng, nhãn hiệu, kèm, dụng nguồn sáng, điện áp, công suất",94052190,SP ĐÈN/THIẾT BỊ CHIẾU SÁNG,NC,Đèn bàn/giường/cây LED — loại khác,Đèn gập,23
"đèn, led, bàn, trang trí, bóng, ốt phát quang, đi ốt phát, nguồn sáng đi, sáng đi ốt, sử dụng, nhãn hiệu, kèm, dụng nguồn sáng, điện áp, công suất",94052190,SP ĐÈN/THIẾT BỊ CHIẾU SÁNG,NC,Đèn bàn/giường/cây LED — loại khác,Đèn cây,12
"đèn, led, bàn, trang trí, bóng, ốt phát quang, đi ốt phát, nguồn sáng đi, sáng đi ốt, sử dụng, nhãn hiệu, kèm, dụng nguồn sáng, điện áp, công suất",94052190,SP ĐÈN/THIẾT BỊ CHIẾU SÁNG,NC,Đèn bàn/giường/cây LED — loại khác,Đèn bàn sạc,10
"đèn, led, bàn, trang trí, bóng, ốt phát quang, đi ốt phát, nguồn sáng đi, sáng đi ốt, sử dụng, nhãn hiệu, kèm, dụng nguồn sáng, điện áp, công suất",94052190,SP ĐÈN/THIẾT BỊ CHIẾU SÁNG,NC,Đèn bàn/giường/cây LED — loại khác,Đèn sàn,14
"đèn, led, bàn, trang trí, bóng, ốt phát quang, đi ốt phát, nguồn sáng đi, sáng đi ốt, sử dụng, nhãn hiệu, kèm, dụng nguồn sáng, điện áp, công suất",94052190,SP ĐÈN/THIẾT BỊ CHIẾU SÁNG,LK,Đèn bàn/giường/cây LED — loại khác,Đèn ngủ,3
"đèn, led, bàn, trang trí, bóng, ốt phát quang, đi ốt phát, nguồn sáng đi, sáng đi ốt, sử dụng, nhãn hiệu, kèm, dụng nguồn sáng, điện áp, công suất",94052190,SP ĐÈN/THIẾT BỊ CHIẾU SÁNG,NC,Đèn bàn/giường/cây LED — loại khác,Đèn thờ sắt,6
"đèn, led, bàn, trang trí, bóng, ốt phát quang, đi ốt phát, nguồn sáng đi, sáng đi ốt, sử dụng, nhãn hiệu, kèm, dụng nguồn sáng, điện áp, công suất",94052190,SP ĐÈN/THIẾT BỊ CHIẾU SÁNG,NC,Đèn bàn/giường/cây LED — loại khác,Đèn đặt bàn,20
"đèn, led, bàn, trang trí, bóng, ốt phát quang, đi ốt phát, nguồn sáng đi, sáng đi ốt, sử dụng, nhãn hiệu, kèm, dụng nguồn sáng, điện áp, công suất",94052190,SP ĐÈN/THIẾT BỊ CHIẾU SÁNG,LK,Đèn bàn/giường/cây LED — loại khác,Đèn nến,24
"đèn, led, bàn, trang trí, bóng, ốt phát quang, đi ốt phát, nguồn sáng đi, sáng đi ốt, sử dụng, nhãn hiệu, kèm, dụng nguồn sáng, điện áp, công suất",94052190,SP ĐÈN/THIẾT BỊ CHIẾU SÁNG,NC,Đèn bàn/giường/cây LED — loại khác,Đèn cây bàn,25
"đèn, led, bàn, trang trí, bóng, ốt phát quang, đi ốt phát, nguồn sáng đi, sáng đi ốt, sử dụng, nhãn hiệu, kèm, dụng nguồn sáng, điện áp, công suất",94052190,SP ĐÈN/THIẾT BỊ CHIẾU SÁNG,NC,Đèn bàn/giường/cây LED — loại khác,Đèn bàn thiếu bóng,9
"đèn, led, bàn, trang trí, bóng, ốt phát quang, đi ốt phát, nguồn sáng đi, sáng đi ốt, sử dụng, nhãn hiệu, kèm, dụng nguồn sáng, điện áp, công suất",94052190,SP ĐÈN/THIẾT BỊ CHIẾU SÁNG,NC,Đèn bàn/giường/cây LED — loại khác,Đèn dầu,19
"đèn, led, bàn, trang trí, bóng, ốt phát quang, đi ốt phát, nguồn sáng đi, sáng đi ốt, sử dụng, nhãn hiệu, kèm, dụng nguồn sáng, điện áp, công suất",94052190,SP ĐÈN/THIẾT BỊ CHIẾU SÁNG,NC,Đèn bàn/giường/cây LED — loại khác,Đèn đọc sách,21
"đèn, led, bàn, trang trí, bóng, ốt phát quang, đi ốt phát, nguồn sáng đi, sáng đi ốt, sử dụng, nhãn hiệu, kèm, dụng nguồn sáng, điện áp, công suất",94052190,SP ĐÈN/THIẾT BỊ CHIẾU SÁNG,NC,Đèn bàn/giường/cây LED — loại khác,Đèn giá bàn,26
"led, đèn, bàn, ốt phát quang, đi ốt phát, bóng, trang trí, nguồn sáng đi, sáng đi ốt, sử dụng nguồn, dụng nguồn sáng, kèm, dây, điện áp, nhãn hiệu",94052190,SP ĐÈN/THIẾT BỊ CHIẾU SÁNG,NC,Đèn bàn/giường/cây LED — loại khác,bàn ikea led,30
"đèn, led, bàn, trang trí, bóng, ốt phát quang, đi ốt phát, nguồn sáng đi, sáng đi ốt, sử dụng, nhãn hiệu, kèm, dụng nguồn sáng, điện áp, công suất",94052190,SP ĐÈN/THIẾT BỊ CHIẾU SÁNG,NC,Đèn bàn/giường/cây LED — loại khác,Đèn livestream,7
"đèn, led, bàn, trang trí, bóng, ốt phát quang, đi ốt phát, nguồn sáng đi, sáng đi ốt, sử dụng, nhãn hiệu, kèm, dụng nguồn sáng, điện áp, công suất",94052190,SP ĐÈN/THIẾT BỊ CHIẾU SÁNG,NC,Đèn bàn/giường/cây LED — loại khác,Đèn bàn làm việc,22
"hãng sx dr, dkh 50 hãng, học phẫu thuật, sạc dkh 50, phẫu thuật bao, bao gồm đèn, thuật bao gồm, đội y học, dây sạc dkh, đèn dây sạc, sx dr kim, y học phẫu, gồm đèn dây, đèn đội y",94052910,SP ĐÈN/THIẾT BỊ CHIẾU SÁNG,NC,Đèn bàn/giường/cây loại khác — đèn phòng mổ,Đèn Y Học,0
"đèn, bóng, nhãn hiệu, lamp, bàn, trang trí, kích thước, công suất, led, table, sàn, gắn, điện áp, trí dạng, suất max 60w",94052990,SP ĐÈN/THIẾT BỊ CHIẾU SÁNG,LK,Đèn bàn/giường/cây loại khác — loại khác,[OUTLIER] đèn bóng lamp,-1
"đèn bàn, công suất, gắn bóng, led bulb đèn, no led bulb, nhãn hiệu, lamp 120v 60hz, bóng công, sbled lamp 120v, lamp or 9w, or 9w sbled, suất max 60w, max 60w lamp, only nhãn, đèn gắn",94052990,SP ĐÈN/THIẾT BỊ CHIẾU SÁNG,NC,Đèn bàn/giường/cây loại khác — loại khác,suất gắn công bàn,44
"trang trí dạng, trí dạng đèn, kèm bóng, bóng đèn item, dạng đèn bàn, nhãn hiệu hàng, hàng hóa, đèn bàn kèm, led decorative light, trí dạng cây, dạng cây led, cây led decorative, led trang trí, đèn led trang, dạng đèn sàn",94052990,SP ĐÈN/THIẾT BỊ CHIẾU SÁNG,NC,Đèn bàn/giường/cây loại khác — loại khác,dạng kèm hóa hoá,40
"bóng, đèn bàn, kích thước, nhãn hiệu, led bulb đèn, no led bulb, đèn sàn, công suất, đèn trang trí, lamp 120v 60hz, gắn, sbled lamp 120v, lamp or 9w, or 9w sbled, suất max 60w",94052990,SP ĐÈN/THIẾT BỊ CHIẾU SÁNG,NC,Đèn bàn/giường/cây loại khác — loại khác,tần sàn bóng nhiên,38
"đèn, bóng, nhãn hiệu, lamp, bàn, trang trí, kích thước, công suất, led, table, sàn, gắn, điện áp, trí dạng, suất max 60w",94052990,SP ĐÈN/THIẾT BỊ CHIẾU SÁNG,NC,Đèn bàn/giường/cây loại khác — loại khác,đèn nhiên bàn bóng,39
"đèn, bóng, nhãn hiệu, lamp, bàn, trang trí, kích thước, công suất, led, table, sàn, gắn, điện áp, trí dạng, suất max 60w",94052990,SP ĐÈN/THIẾT BỊ CHIẾU SÁNG,NC,Đèn bàn/giường/cây loại khác — loại khác,Đèn nội thất,2
"trang trí, đèn trang, trí dạng, kèm bóng đèn, dạng đèn, bóng đèn item, metal table lamp, trí sàn, nlc vải polyester, bàn kèm bóng, hàng hóa, đèn bàn kèm, nhãn hiệu hàng, sàn vidja floor, vidja floor lamp",94052990,SP ĐÈN/THIẾT BỊ CHIẾU SÁNG,NC,Đèn bàn/giường/cây loại khác — loại khác,trí vải sáng nguồn,35
"công suất, gắn bóng, led bulb đèn, no led bulb, only nhãn hiệu, lamp 120v 60hz, bóng công, sbled lamp 120v, bulb đèn bàn, lamp or 9w, or 9w sbled, suất max 60w, max 60w lamp, đèn gắn, bulb đèn sàn",94052990,SP ĐÈN/THIẾT BỊ CHIẾU SÁNG,NC,Đèn bàn/giường/cây loại khác — loại khác,trụ suất gắn công,34
"đèn, bóng, nhãn hiệu, lamp, bàn, trang trí, kích thước, công suất, led, table, sàn, gắn, điện áp, trí dạng, suất max 60w",94052990,SP ĐÈN/THIẾT BỊ CHIẾU SÁNG,NC,Đèn bàn/giường/cây loại khác — loại khác,Đèn bàn,46
"đèn, bóng, nhãn hiệu, lamp, bàn, trang trí, kích thước, công suất, led, table, sàn, gắn, điện áp, trí dạng, suất max 60w",94052990,SP ĐÈN/THIẾT BỊ CHIẾU SÁNG,NC,Đèn bàn/giường/cây loại khác — loại khác,trí sàn đèn,36
"đèn, bóng, nhãn hiệu, lamp, bàn, trang trí, kích thước, công suất, led, table, sàn, gắn, điện áp, trí dạng, suất max 60w",94052990,SP ĐÈN/THIẾT BỊ CHIẾU SÁNG,NC,Đèn bàn/giường/cây loại khác — loại khác,dạng cây trí đèn,41
"đèn, bóng, nhãn hiệu, lamp, bàn, trang trí, kích thước, công suất, led, table, sàn, gắn, điện áp, trí dạng, suất max 60w",94052990,SP ĐÈN/THIẾT BỊ CHIẾU SÁNG,NC,Đèn bàn/giường/cây loại khác — loại khác,Đèn bàn kim loại,4
"đèn, bóng, nhãn hiệu, lamp, bàn, trang trí, kích thước, công suất, led, table, sàn, gắn, điện áp, trí dạng, suất max 60w",94052990,SP ĐÈN/THIẾT BỊ CHIẾU SÁNG,NC,Đèn bàn/giường/cây loại khác — loại khác,Đèn đọc sách,15
"dây, giường, công tắc, cắm, bộ đèn, đèn led gắn, dẫn điện, nhãn hiệu hh, ko nhãn hiệu, sản phẩm xuất, khẩu ko nhãn, kèm sản phẩm, phẩm xuất khẩu, tắc đèn sản, đính kèm sản",94052990,SP ĐÈN/THIẾT BỊ CHIẾU SÁNG,NC,Đèn bàn/giường/cây loại khác — loại khác,dây giường tắc dẫn,30
"đèn, bóng, nhãn hiệu, lamp, bàn, trang trí, kích thước, công suất, led, table, sàn, gắn, điện áp, trí dạng, suất max 60w",94052990,SP ĐÈN/THIẾT BỊ CHIẾU SÁNG,NC,Đèn bàn/giường/cây loại khác — loại khác,Đèn giấy,21
"đèn, bóng, nhãn hiệu, lamp, bàn, trang trí, kích thước, công suất, led, table, sàn, gắn, điện áp, trí dạng, suất max 60w",94052990,SP ĐÈN/THIẾT BỊ CHIẾU SÁNG,NC,Đèn bàn/giường/cây loại khác — loại khác,Đèn ngủ,1
"đèn, bóng, nhãn hiệu, lamp, bàn, trang trí, kích thước, công suất, led, table, sàn, gắn, điện áp, trí dạng, suất max 60w",94052990,SP ĐÈN/THIẾT BỊ CHIẾU SÁNG,NC,Đèn bàn/giường/cây loại khác — loại khác,Đèn bàn thủy tinh,13
"đèn, bóng, nhãn hiệu, lamp, bàn, trang trí, kích thước, công suất, led, table, sàn, gắn, điện áp, trí dạng, suất max 60w",94052990,SP ĐÈN/THIẾT BỊ CHIẾU SÁNG,NC,Đèn bàn/giường/cây loại khác — loại khác,Đèn bàn đồng,20
"công suất, gắn bóng, led bulb đèn, no led bulb, only nhãn hiệu, lamp 120v 60hz, bóng công, sbled lamp 120v, bulb đèn bàn, lamp or 9w, or 9w sbled, suất max 60w, max 60w lamp, đèn gắn, bulb đèn sàn",94052990,SP ĐÈN/THIẾT BỊ CHIẾU SÁNG,NC,Đèn bàn/giường/cây loại khác — loại khác,gắn suất thiện sồi,42
"đèn, bóng, nhãn hiệu, lamp, bàn, trang trí, kích thước, công suất, led, table, sàn, gắn, điện áp, trí dạng, suất max 60w",94052990,SP ĐÈN/THIẾT BỊ CHIẾU SÁNG,NC,Đèn bàn/giường/cây loại khác — loại khác,Đèn led gắn lên đồ nội thất,12
"đèn, bóng, nhãn hiệu, lamp, bàn, trang trí, kích thước, công suất, led, table, sàn, gắn, điện áp, trí dạng, suất max 60w",94052990,SP ĐÈN/THIẾT BỊ CHIẾU SÁNG,NC,Đèn bàn/giường/cây loại khác — loại khác,Đèn sàn,45
"đèn, bóng, nhãn hiệu, lamp, bàn, trang trí, kích thước, công suất, led, table, sàn, gắn, điện áp, trí dạng, suất max 60w",94052990,SP ĐÈN/THIẾT BỊ CHIẾU SÁNG,NC,Đèn bàn/giường/cây loại khác — loại khác,Đèn mây bàn,48
"công suất, gắn bóng, led bulb đèn, no led bulb, only nhãn hiệu, lamp 120v 60hz, bóng công, sbled lamp 120v, bulb đèn bàn, lamp or 9w, or 9w sbled, suất max 60w, max 60w lamp, đèn gắn, bulb đèn sàn",94052990,SP ĐÈN/THIẾT BỊ CHIẾU SÁNG,NC,Đèn bàn/giường/cây loại khác — loại khác,Vòng suất gắn công,51
"đèn, bóng, nhãn hiệu, lamp, bàn, trang trí, kích thước, công suất, led, table, sàn, gắn, điện áp, trí dạng, suất max 60w",94052990,SP ĐÈN/THIẾT BỊ CHIẾU SÁNG,NC,Đèn bàn/giường/cây loại khác — loại khác,Đèn bàn bìa cứng,5
"đèn, bóng, nhãn hiệu, lamp, bàn, trang trí, kích thước, công suất, led, table, sàn, gắn, điện áp, trí dạng, suất max 60w",94052990,SP ĐÈN/THIẾT BỊ CHIẾU SÁNG,NC,Đèn bàn/giường/cây loại khác — loại khác,Đèn bàn nhựa Poly,11
"đèn, bóng, nhãn hiệu, lamp, bàn, trang trí, kích thước, công suất, led, table, sàn, gắn, điện áp, trí dạng, suất max 60w",94052990,SP ĐÈN/THIẾT BỊ CHIẾU SÁNG,NC,Đèn bàn/giường/cây loại khác — loại khác,Đèn gốm,25
"đèn, bóng, nhãn hiệu, lamp, bàn, trang trí, kích thước, công suất, led, table, sàn, gắn, điện áp, trí dạng, suất max 60w",94052990,SP ĐÈN/THIẾT BỊ CHIẾU SÁNG,NC,Đèn bàn/giường/cây loại khác — loại khác,Đèn bàn chóa vải,22
"đèn, bóng, nhãn hiệu, lamp, bàn, trang trí, kích thước, công suất, led, table, sàn, gắn, điện áp, trí dạng, suất max 60w",94052990,SP ĐÈN/THIẾT BỊ CHIẾU SÁNG,NC,Đèn bàn/giường/cây loại khác — loại khác,Đèn cây,27
"đèn, bóng, nhãn hiệu, lamp, bàn, trang trí, kích thước, công suất, led, table, sàn, gắn, điện áp, trí dạng, suất max 60w",94052990,SP ĐÈN/THIẾT BỊ CHIẾU SÁNG,NC,Đèn bàn/giường/cây loại khác — loại khác,Đèn sàn nhựa,8
"đèn, bóng, nhãn hiệu, lamp, bàn, trang trí, kích thước, công suất, led, table, sàn, gắn, điện áp, trí dạng, suất max 60w",94052990,SP ĐÈN/THIẾT BỊ CHIẾU SÁNG,NC,Đèn bàn/giường/cây loại khác — loại khác,Đèn giường,16
"đèn, bóng, nhãn hiệu, lamp, bàn, trang trí, kích thước, công suất, led, table, sàn, gắn, điện áp, trí dạng, suất max 60w",94052990,SP ĐÈN/THIẾT BỊ CHIẾU SÁNG,NC,Đèn bàn/giường/cây loại khác — loại khác,đèn trí đồng,37
"đèn, bóng, nhãn hiệu, lamp, bàn, trang trí, kích thước, công suất, led, table, sàn, gắn, điện áp, trí dạng, suất max 60w",94052990,SP ĐÈN/THIẾT BỊ CHIẾU SÁNG,NC,Đèn bàn/giường/cây loại khác — loại khác,Đèn sàn gỗ,6
"đèn, bóng, nhãn hiệu, lamp, bàn, trang trí, kích thước, công suất, led, table, sàn, gắn, điện áp, trí dạng, suất max 60w",94052990,SP ĐÈN/THIẾT BỊ CHIẾU SÁNG,NC,Đèn bàn/giường/cây loại khác — loại khác,Đèn bàn nhựa,7
"đèn, bóng, nhãn hiệu, lamp, bàn, trang trí, kích thước, công suất, led, table, sàn, gắn, điện áp, trí dạng, suất max 60w",94052990,SP ĐÈN/THIẾT BỊ CHIẾU SÁNG,NC,Đèn bàn/giường/cây loại khác — loại khác,Đèn bàn trà,28
"đèn, bóng, nhãn hiệu, lamp, bàn, trang trí, kích thước, công suất, led, table, sàn, gắn, điện áp, trí dạng, suất max 60w",94052990,SP ĐÈN/THIẾT BỊ CHIẾU SÁNG,LK,Đèn bàn/giường/cây loại khác — loại khác,Đèn chiếu sáng,0
"đèn, bóng, nhãn hiệu, lamp, bàn, trang trí, kích thước, công suất, led, table, sàn, gắn, điện áp, trí dạng, suất max 60w",94052990,SP ĐÈN/THIẾT BỊ CHIẾU SÁNG,NC,Đèn bàn/giường/cây loại khác — loại khác,Đèn bàn gốm,10
"đèn, bóng, nhãn hiệu, lamp, bàn, trang trí, kích thước, công suất, led, table, sàn, gắn, điện áp, trí dạng, suất max 60w",94052990,SP ĐÈN/THIẾT BỊ CHIẾU SÁNG,NC,Đèn bàn/giường/cây loại khác — loại khác,Đèn thép không gỉ,14
"đèn, bóng, nhãn hiệu, lamp, bàn, trang trí, kích thước, công suất, led, table, sàn, gắn, điện áp, trí dạng, suất max 60w",94052990,SP ĐÈN/THIẾT BỊ CHIẾU SÁNG,NC,Đèn bàn/giường/cây loại khác — loại khác,thủy bàn bóng đèn,31
"kiểm tra, áp 220v 50hz, ngoại quan sản, tra ngoại quan, phẩm điện áp, cây đèn kiểm, dải nhiệt độ, đèn 27w dải, quan sản phẩm, nhiệt độ 5000k, sản phẩm điện, suất bóng đèn, bóng đèn 27w, sử bóng đèn, công suất bóng",94052990,SP ĐÈN/THIẾT BỊ CHIẾU SÁNG,NC,Đèn bàn/giường/cây loại khác — loại khác,ngoại dải nhiệt kiểm,32
"đèn, bóng, nhãn hiệu, lamp, bàn, trang trí, kích thước, công suất, led, table, sàn, gắn, điện áp, trí dạng, suất max 60w",94052990,SP ĐÈN/THIẾT BỊ CHIẾU SÁNG,NC,Đèn bàn/giường/cây loại khác — loại khác,đèn gắn bàn bóng,43
"đèn, bóng, nhãn hiệu, lamp, bàn, trang trí, kích thước, công suất, led, table, sàn, gắn, điện áp, trí dạng, suất max 60w",94052990,SP ĐÈN/THIẾT BỊ CHIẾU SÁNG,NC,Đèn bàn/giường/cây loại khác — loại khác,Đèn đặt dưới đất,49
"đèn, bóng, nhãn hiệu, lamp, bàn, trang trí, kích thước, công suất, led, table, sàn, gắn, điện áp, trí dạng, suất max 60w",94052990,SP ĐÈN/THIẾT BỊ CHIẾU SÁNG,NC,Đèn bàn/giường/cây loại khác — loại khác,Đèn bàn đa nguồn sáng,3
"đèn, bóng, nhãn hiệu, lamp, bàn, trang trí, kích thước, công suất, led, table, sàn, gắn, điện áp, trí dạng, suất max 60w",94052990,SP ĐÈN/THIẾT BỊ CHIẾU SÁNG,NC,Đèn bàn/giường/cây loại khác — loại khác,Đèn trang trí,17
"đèn, bóng, nhãn hiệu, lamp, bàn, trang trí, kích thước, công suất, led, table, sàn, gắn, điện áp, trí dạng, suất max 60w",94052990,SP ĐÈN/THIẾT BỊ CHIẾU SÁNG,NC,Đèn bàn/giường/cây loại khác — loại khác,Gắn bóng đèn bàn,47
"đèn, bóng, nhãn hiệu, lamp, bàn, trang trí, kích thước, công suất, led, table, sàn, gắn, điện áp, trí dạng, suất max 60w",94052990,SP ĐÈN/THIẾT BỊ CHIẾU SÁNG,NC,Đèn bàn/giường/cây loại khác — loại khác,Đèn nhiên bàn,50
"đèn, bóng, nhãn hiệu, lamp, bàn, trang trí, kích thước, công suất, led, table, sàn, gắn, điện áp, trí dạng, suất max 60w",94052990,SP ĐÈN/THIẾT BỊ CHIẾU SÁNG,NC,Đèn bàn/giường/cây loại khác — loại khác,Đèn gắn sàn,52
"đèn, bóng, nhãn hiệu, lamp, bàn, trang trí, kích thước, công suất, led, table, sàn, gắn, điện áp, trí dạng, suất max 60w",94052990,SP ĐÈN/THIẾT BỊ CHIẾU SÁNG,LK,Đèn bàn/giường/cây loại khác — loại khác,đèn bàn nhựa thủy,33
"đèn led, trang trí, dây, công suất, điện áp, nhãn hiệu, nhấp nháy trang, led nhấp nháy, áp 220v 50hz, sản xuất zhongshan, zhongshan juxiang lighting, juxiang lighting firm, xuất zhongshan juxiang, kích thước, hiệu philips",94053100,SP ĐÈN/THIẾT BỊ CHIẾU SÁNG,NC,Dây chiếu sáng Nô-en LED,[OUTLIER] led đèn dây,-1
"đèn led, trang trí, dây, công suất, điện áp, nhãn hiệu, nhấp nháy trang, led nhấp nháy, áp 220v 50hz, sản xuất zhongshan, zhongshan juxiang lighting, juxiang lighting firm, xuất zhongshan juxiang, kích thước, hiệu philips",94053100,SP ĐÈN/THIẾT BỊ CHIẾU SÁNG,NC,Dây chiếu sáng Nô-en LED,Đèn LED Nhấp Nháy,0
"đèn led, trang trí, dây, công suất, điện áp, nhãn hiệu, nhấp nháy trang, led nhấp nháy, áp 220v 50hz, sản xuất zhongshan, zhongshan juxiang lighting, juxiang lighting firm, xuất zhongshan juxiang, kích thước, hiệu philips",94053100,SP ĐÈN/THIẾT BỊ CHIẾU SÁNG,NC,Dây chiếu sáng Nô-en LED,Đèn LED Cây Nô-en,4
"đèn led, trang trí, dây, công suất, điện áp, nhãn hiệu, nhấp nháy trang, led nhấp nháy, áp 220v 50hz, sản xuất zhongshan, zhongshan juxiang lighting, juxiang lighting firm, xuất zhongshan juxiang, kích thước, hiệu philips",94053100,SP ĐÈN/THIẾT BỊ CHIẾU SÁNG,NC,Dây chiếu sáng Nô-en LED,Đèn LED Dây,1
"đèn led, trang trí, dây, công suất, điện áp, nhãn hiệu, nhấp nháy trang, led nhấp nháy, áp 220v 50hz, sản xuất zhongshan, zhongshan juxiang lighting, juxiang lighting firm, xuất zhongshan juxiang, kích thước, hiệu philips",94053100,SP ĐÈN/THIẾT BỊ CHIẾU SÁNG,NC,Dây chiếu sáng Nô-en LED,Đèn LED Lồng Lòng,2
"đèn led, trang trí, dây, công suất, điện áp, nhãn hiệu, nhấp nháy trang, led nhấp nháy, áp 220v 50hz, sản xuất zhongshan, zhongshan juxiang lighting, juxiang lighting firm, xuất zhongshan juxiang, kích thước, hiệu philips",94053100,SP ĐÈN/THIẾT BỊ CHIẾU SÁNG,NC,Dây chiếu sáng Nô-en LED,Đèn LED Cuộn Chiếu,3
"đèn led dây, dây trang trí, led dây trang, hangzhou qigang technology, trang trí dây, điện áp 24v, shop charles keith, erudite lighting shop, lighting shop charles, áp 24v kích, công suất, kích thước, ngôi sao, trang trí đèn, hangzhou yuyu trading",94053900,SP ĐÈN/THIẾT BỊ CHIẾU SÁNG,NC,Dây chiếu sáng Nô-en loại khác,Đèn LED Dây Trang Trí,0
"đèn led dây, dây trang trí, led dây trang, hangzhou qigang technology, trang trí dây, điện áp 24v, shop charles keith, erudite lighting shop, lighting shop charles, áp 24v kích, công suất, kích thước, ngôi sao, trang trí đèn, hangzhou yuyu trading",94053900,SP ĐÈN/THIẾT BỊ CHIẾU SÁNG,NC,Dây chiếu sáng Nô-en loại khác,[OUTLIER] led đèn dây,-1
"đèn pha, năng lượng mặt, lượng mặt trời, pha led, ngoài trời, led ngoài, trời kèm pin, mặt trời kèm, sáng, điện năng lượng, kích thước, kèm pin năng, pin năng lượng, mặt trời bóng, sử dụng nguồn",94054110,SP ĐÈN/THIẾT BỊ CHIẾU SÁNG,NC,Đèn LED — đèn pha,Đèn pha năng lượng mặt trời,0
"đèn pha, năng lượng mặt, lượng mặt trời, pha led, ngoài trời, led ngoài, trời kèm pin, mặt trời kèm, sáng, điện năng lượng, kích thước, kèm pin năng, pin năng lượng, mặt trời bóng, sử dụng nguồn",94054110,SP ĐÈN/THIẾT BỊ CHIẾU SÁNG,NC,Đèn LED — đèn pha,[OUTLIER] đèn pha led,-1
"đèn pha, năng lượng mặt, lượng mặt trời, pha led, ngoài trời, led ngoài, trời kèm pin, mặt trời kèm, sáng, điện năng lượng, kích thước, kèm pin năng, pin năng lượng, mặt trời bóng, sử dụng nguồn",94054110,SP ĐÈN/THIẾT BỊ CHIẾU SÁNG,NC,Đèn LED — đèn pha,Đèn pha LED Việt Nam,10
"đèn pha, năng lượng mặt, lượng mặt trời, pha led, ngoài trời, led ngoài, trời kèm pin, mặt trời kèm, sáng, điện năng lượng, kích thước, kèm pin năng, pin năng lượng, mặt trời bóng, sử dụng nguồn",94054110,SP ĐÈN/THIẾT BỊ CHIẾU SÁNG,NC,Đèn LED — đèn pha,Đèn pha LED ngoài trời,4
"đèn pha, năng lượng mặt, lượng mặt trời, pha led, ngoài trời, led ngoài, trời kèm pin, mặt trời kèm, sáng, điện năng lượng, kích thước, kèm pin năng, pin năng lượng, mặt trời bóng, sử dụng nguồn",94054110,SP ĐÈN/THIẾT BỊ CHIẾU SÁNG,NC,Đèn LED — đèn pha,Đèn pha LED nguồn điện,11
"đèn pha, năng lượng mặt, lượng mặt trời, pha led, ngoài trời, led ngoài, trời kèm pin, mặt trời kèm, sáng, điện năng lượng, kích thước, kèm pin năng, pin năng lượng, mặt trời bóng, sử dụng nguồn",94054110,SP ĐÈN/THIẾT BỊ CHIẾU SÁNG,NC,Đèn LED — đèn pha,Đèn pha LED,1
"đèn pha, năng lượng mặt, lượng mặt trời, pha led, ngoài trời, led ngoài, trời kèm pin, mặt trời kèm, sáng, điện năng lượng, kích thước, kèm pin năng, pin năng lượng, mặt trời bóng, sử dụng nguồn",94054110,SP ĐÈN/THIẾT BỊ CHIẾU SÁNG,NC,Đèn LED — đèn pha,Bộ đèn pha năng lượng mặt trời,6
"đèn pha, năng lượng mặt, lượng mặt trời, pha led, ngoài trời, led ngoài, trời kèm pin, mặt trời kèm, sáng, điện năng lượng, kích thước, kèm pin năng, pin năng lượng, mặt trời bóng, sử dụng nguồn",94054110,SP ĐÈN/THIẾT BỊ CHIẾU SÁNG,NC,Đèn LED — đèn pha,Đèn pha năng lượng mặt trời hình chữ nhật,2
"đèn pha, năng lượng mặt, lượng mặt trời, pha led, ngoài trời, led ngoài, trời kèm pin, mặt trời kèm, sáng, điện năng lượng, kích thước, kèm pin năng, pin năng lượng, mặt trời bóng, sử dụng nguồn",94054110,SP ĐÈN/THIẾT BỊ CHIẾU SÁNG,NC,Đèn LED — đèn pha,Đèn pha năng lượng mặt trời sáng trắng,7
"đèn pha, năng lượng mặt, lượng mặt trời, pha led, ngoài trời, led ngoài, trời kèm pin, mặt trời kèm, sáng, điện năng lượng, kích thước, kèm pin năng, pin năng lượng, mặt trời bóng, sử dụng nguồn",94054110,SP ĐÈN/THIẾT BỊ CHIẾU SÁNG,NC,Đèn LED — đèn pha,Đèn pha năng lượng mặt trời sân vườn,3
"đèn pha, năng lượng mặt, lượng mặt trời, pha led, ngoài trời, led ngoài, trời kèm pin, mặt trời kèm, sáng, điện năng lượng, kích thước, kèm pin năng, pin năng lượng, mặt trời bóng, sử dụng nguồn",94054110,SP ĐÈN/THIẾT BỊ CHIẾU SÁNG,NC,Đèn LED — đèn pha,Bộ đèn pha năng lượng mặt trời không dùng bóng LED,8
"đèn pha, năng lượng mặt, lượng mặt trời, pha led, ngoài trời, led ngoài, trời kèm pin, mặt trời kèm, sáng, điện năng lượng, kích thước, kèm pin năng, pin năng lượng, mặt trời bóng, sử dụng nguồn",94054110,SP ĐÈN/THIẾT BỊ CHIẾU SÁNG,NC,Đèn LED — đèn pha,Đèn pha LED công suất cao,9
"đèn, led, rọi, công suất, tủ dây adapter, nhà xưởng, mối hàn, kiện điện tử, tiết độ hoàn, tấm mạch in, chi tiết độ, in sản xuất, mẫu th2 100x100rd, sản xuất linh, mạch in sản",94054120,SP ĐÈN/THIẾT BỊ CHIẾU SÁNG,NC,Đèn LED — đèn rọi,[OUTLIER] đèn led rọi,-1
"đèn tín hiệu, hiệu nhấp nháy, tín hiệu nhấp, tàu, đèn led, hiệu hàng hải, tín hiệu hàng, led nhựa l160, hàng hải đèn, nhựa l160 24v, thuỷ, hãng, máy, bay, báo",94054130,SP ĐÈN/THIẾT BỊ CHIẾU SÁNG,NC,Đèn LED — tín hiệu sân bay / đường sắt / tàu thủy,[OUTLIER] đèn tín tàu,-1
"năng lượng mặt, lượng mặt trời, đèn led, chiếu sáng, sáng sân vườn, quang điện, led năng lượng, mặt trời quang, chip 3014smd chiếu, sân vườn đường, nhựa, sắt, sơn tĩnh điện, vườn đường cs, cao cấp",94054140,SP ĐÈN/THIẾT BỊ CHIẾU SÁNG,NC,Đèn LED — chiếu sáng công cộng / ngoài trời,Đèn năng lượng mặt trời sắt,5
"năng lượng mặt, lượng mặt trời, đèn led, chiếu sáng, sáng sân vườn, quang điện, led năng lượng, mặt trời quang, chip 3014smd chiếu, sân vườn đường, nhựa, sắt, sơn tĩnh điện, vườn đường cs, cao cấp",94054140,SP ĐÈN/THIẾT BỊ CHIẾU SÁNG,NC,Đèn LED — chiếu sáng công cộng / ngoài trời,Đèn LED Sân Vườn,38
"năng lượng mặt, lượng mặt trời, đèn led, chiếu sáng, sáng sân vườn, quang điện, led năng lượng, mặt trời quang, chip 3014smd chiếu, sân vườn đường, nhựa, sắt, sơn tĩnh điện, vườn đường cs, cao cấp",94054140,SP ĐÈN/THIẾT BỊ CHIẾU SÁNG,NC,Đèn LED — chiếu sáng công cộng / ngoài trời,[OUTLIER] đèn trời lượng,-1
"năng lượng mặt, lượng mặt trời, đèn led, chiếu sáng, sáng sân vườn, quang điện, led năng lượng, mặt trời quang, chip 3014smd chiếu, sân vườn đường, nhựa, sắt, sơn tĩnh điện, vườn đường cs, cao cấp",94054140,SP ĐÈN/THIẾT BỊ CHIẾU SÁNG,NC,Đèn LED — chiếu sáng công cộng / ngoài trời,Đèn LED gắn vườn năng lượng mặt trời,45
"năng lượng mặt, lượng mặt trời, đèn led, chiếu sáng, sáng sân vườn, quang điện, led năng lượng, mặt trời quang, chip 3014smd chiếu, sân vườn đường, nhựa, sắt, sơn tĩnh điện, vườn đường cs, cao cấp",94054140,SP ĐÈN/THIẾT BỊ CHIẾU SÁNG,NC,Đèn LED — chiếu sáng công cộng / ngoài trời,Đèn đường năng lượng mặt trời,2
"năng lượng mặt, lượng mặt trời, đèn led, chiếu sáng, sáng sân vườn, quang điện, led năng lượng, mặt trời quang, chip 3014smd chiếu, sân vườn đường, nhựa, sắt, sơn tĩnh điện, vườn đường cs, cao cấp",94054140,SP ĐÈN/THIẾT BỊ CHIẾU SÁNG,NC,Đèn LED — chiếu sáng công cộng / ngoài trời,Đèn LED sân vườn,29
"năng lượng mặt, lượng mặt trời, đèn led, chiếu sáng, sáng sân vườn, quang điện, led năng lượng, mặt trời quang, chip 3014smd chiếu, sân vườn đường, nhựa, sắt, sơn tĩnh điện, vườn đường cs, cao cấp",94054140,SP ĐÈN/THIẾT BỊ CHIẾU SÁNG,NC,Đèn LED — chiếu sáng công cộng / ngoài trời,Đèn LED Tường,39
"năng lượng mặt, lượng mặt trời, đèn led, chiếu sáng, sáng sân vườn, quang điện, led năng lượng, mặt trời quang, chip 3014smd chiếu, sân vườn đường, nhựa, sắt, sơn tĩnh điện, vườn đường cs, cao cấp",94054140,SP ĐÈN/THIẾT BỊ CHIẾU SÁNG,NC,Đèn LED — chiếu sáng công cộng / ngoài trời,Đèn LED chiếu sáng ngoài trời,48
"năng lượng mặt, lượng mặt trời, đèn led, chiếu sáng, sáng sân vườn, quang điện, led năng lượng, mặt trời quang, chip 3014smd chiếu, sân vườn đường, nhựa, sắt, sơn tĩnh điện, vườn đường cs, cao cấp",94054140,SP ĐÈN/THIẾT BỊ CHIẾU SÁNG,NC,Đèn LED — chiếu sáng công cộng / ngoài trời,Đèn năng lượng mặt trời,17
"năng lượng mặt, lượng mặt trời, đèn led, chiếu sáng, sáng sân vườn, quang điện, led năng lượng, mặt trời quang, chip 3014smd chiếu, sân vườn đường, nhựa, sắt, sơn tĩnh điện, vườn đường cs, cao cấp",94054140,SP ĐÈN/THIẾT BỊ CHIẾU SÁNG,NC,Đèn LED — chiếu sáng công cộng / ngoài trời,Đèn công cộng,11
"năng lượng mặt, lượng mặt trời, đèn led, chiếu sáng, sáng sân vườn, quang điện, led năng lượng, mặt trời quang, chip 3014smd chiếu, sân vườn đường, nhựa, sắt, sơn tĩnh điện, vườn đường cs, cao cấp",94054140,SP ĐÈN/THIẾT BỊ CHIẾU SÁNG,NC,Đèn LED — chiếu sáng công cộng / ngoài trời,Đèn LED Dây Tóc,36
"năng lượng mặt, lượng mặt trời, đèn led, chiếu sáng, sáng sân vườn, quang điện, led năng lượng, mặt trời quang, chip 3014smd chiếu, sân vườn đường, nhựa, sắt, sơn tĩnh điện, vườn đường cs, cao cấp",94054140,SP ĐÈN/THIẾT BỊ CHIẾU SÁNG,NC,Đèn LED — chiếu sáng công cộng / ngoài trời,Đèn trụ cổng,18
"năng lượng mặt, lượng mặt trời, đèn led, chiếu sáng, sáng sân vườn, quang điện, led năng lượng, mặt trời quang, chip 3014smd chiếu, sân vườn đường, nhựa, sắt, sơn tĩnh điện, vườn đường cs, cao cấp",94054140,SP ĐÈN/THIẾT BỊ CHIẾU SÁNG,LK,Đèn LED — chiếu sáng công cộng / ngoài trời,Đèn năng lượng mặt trời vít,7
"năng lượng mặt, lượng mặt trời, đèn led, chiếu sáng, sáng sân vườn, quang điện, led năng lượng, mặt trời quang, chip 3014smd chiếu, sân vườn đường, nhựa, sắt, sơn tĩnh điện, vườn đường cs, cao cấp",94054140,SP ĐÈN/THIẾT BỊ CHIẾU SÁNG,NC,Đèn LED — chiếu sáng công cộng / ngoài trời,Đèn LED chống giật,10
"năng lượng mặt, lượng mặt trời, đèn led, chiếu sáng, sáng sân vườn, quang điện, led năng lượng, mặt trời quang, chip 3014smd chiếu, sân vườn đường, nhựa, sắt, sơn tĩnh điện, vườn đường cs, cao cấp",94054140,SP ĐÈN/THIẾT BỊ CHIẾU SÁNG,NC,Đèn LED — chiếu sáng công cộng / ngoài trời,Bộ đèn led năng lượng mặt trời,24
"năng lượng mặt, lượng mặt trời, đèn led, chiếu sáng, sáng sân vườn, quang điện, led năng lượng, mặt trời quang, chip 3014smd chiếu, sân vườn đường, nhựa, sắt, sơn tĩnh điện, vườn đường cs, cao cấp",94054140,SP ĐÈN/THIẾT BỊ CHIẾU SÁNG,NC,Đèn LED — chiếu sáng công cộng / ngoài trời,Bộ Đèn LED Cảm Ứng,35
"năng lượng mặt, lượng mặt trời, đèn led, chiếu sáng, sáng sân vườn, quang điện, led năng lượng, mặt trời quang, chip 3014smd chiếu, sân vườn đường, nhựa, sắt, sơn tĩnh điện, vườn đường cs, cao cấp",94054140,SP ĐÈN/THIẾT BỊ CHIẾU SÁNG,NC,Đèn LED — chiếu sáng công cộng / ngoài trời,Đèn LED Gắn Vườn,44
"năng lượng mặt, lượng mặt trời, đèn led, chiếu sáng, sáng sân vườn, quang điện, led năng lượng, mặt trời quang, chip 3014smd chiếu, sân vườn đường, nhựa, sắt, sơn tĩnh điện, vườn đường cs, cao cấp",94054140,SP ĐÈN/THIẾT BỊ CHIẾU SÁNG,NC,Đèn LED — chiếu sáng công cộng / ngoài trời,Đèn ngoài trời,13
"năng lượng mặt, lượng mặt trời, đèn led, chiếu sáng, sáng sân vườn, quang điện, led năng lượng, mặt trời quang, chip 3014smd chiếu, sân vườn đường, nhựa, sắt, sơn tĩnh điện, vườn đường cs, cao cấp",94054140,SP ĐÈN/THIẾT BỊ CHIẾU SÁNG,NC,Đèn LED — chiếu sáng công cộng / ngoài trời,Đèn led năng lượng mặt trời,19
"năng lượng mặt, lượng mặt trời, đèn led, chiếu sáng, sáng sân vườn, quang điện, led năng lượng, mặt trời quang, chip 3014smd chiếu, sân vườn đường, nhựa, sắt, sơn tĩnh điện, vườn đường cs, cao cấp",94054140,SP ĐÈN/THIẾT BỊ CHIẾU SÁNG,NC,Đèn LED — chiếu sáng công cộng / ngoài trời,Đèn năng lượng mặt trời công cộng,12
"năng lượng mặt, lượng mặt trời, đèn led, chiếu sáng, sáng sân vườn, quang điện, led năng lượng, mặt trời quang, chip 3014smd chiếu, sân vườn đường, nhựa, sắt, sơn tĩnh điện, vườn đường cs, cao cấp",94054140,SP ĐÈN/THIẾT BỊ CHIẾU SÁNG,NC,Đèn LED — chiếu sáng công cộng / ngoài trời,Đèn đường,16
"năng lượng mặt, lượng mặt trời, đèn led, chiếu sáng, sáng sân vườn, quang điện, led năng lượng, mặt trời quang, chip 3014smd chiếu, sân vườn đường, nhựa, sắt, sơn tĩnh điện, vườn đường cs, cao cấp",94054140,SP ĐÈN/THIẾT BỊ CHIẾU SÁNG,NC,Đèn LED — chiếu sáng công cộng / ngoài trời,Đèn LED trụ năng lượng mặt trời,21
"năng lượng mặt, lượng mặt trời, đèn led, chiếu sáng, sáng sân vườn, quang điện, led năng lượng, mặt trời quang, chip 3014smd chiếu, sân vườn đường, nhựa, sắt, sơn tĩnh điện, vườn đường cs, cao cấp",94054140,SP ĐÈN/THIẾT BỊ CHIẾU SÁNG,NC,Đèn LED — chiếu sáng công cộng / ngoài trời,Đèn rọi ngoài đường,6
"năng lượng mặt, lượng mặt trời, đèn led, chiếu sáng, sáng sân vườn, quang điện, led năng lượng, mặt trời quang, chip 3014smd chiếu, sân vườn đường, nhựa, sắt, sơn tĩnh điện, vườn đường cs, cao cấp",94054140,SP ĐÈN/THIẾT BỊ CHIẾU SÁNG,NC,Đèn LED — chiếu sáng công cộng / ngoài trời,Đèn led sân vườn,25
"đèn led, chiếu sáng, sáng sân vườn, led năng lượng, quang điện, lượng mặt trời, năng lượng mặt, mặt trời quang, chip 3014smd chiếu, sân vườn đường, sắt, sơn tĩnh điện, nhựa cao cấp, vườn đường cs, điện nhựa",94054140,SP ĐÈN/THIẾT BỊ CHIẾU SÁNG,NC,Đèn LED — chiếu sáng công cộng / ngoài trời,Module LED quảng cáo,9
"năng lượng mặt, lượng mặt trời, đèn led, chiếu sáng, sáng sân vườn, quang điện, led năng lượng, mặt trời quang, chip 3014smd chiếu, sân vườn đường, nhựa, sắt, sơn tĩnh điện, vườn đường cs, cao cấp",94054140,SP ĐÈN/THIẾT BỊ CHIẾU SÁNG,NC,Đèn LED — chiếu sáng công cộng / ngoài trời,Đèn gắn trụ cổng,8
"năng lượng mặt, lượng mặt trời, đèn led, chiếu sáng, sáng sân vườn, quang điện, led năng lượng, mặt trời quang, chip 3014smd chiếu, sân vườn đường, nhựa, sắt, sơn tĩnh điện, vườn đường cs, cao cấp",94054140,SP ĐÈN/THIẾT BỊ CHIẾU SÁNG,NC,Đèn LED — chiếu sáng công cộng / ngoài trời,Đèn chiếu sáng đường đi,3
"năng lượng mặt, lượng mặt trời, đèn led, chiếu sáng, sáng sân vườn, quang điện, led năng lượng, mặt trời quang, chip 3014smd chiếu, sân vườn đường, nhựa, sắt, sơn tĩnh điện, vườn đường cs, cao cấp",94054140,SP ĐÈN/THIẾT BỊ CHIẾU SÁNG,NC,Đèn LED — chiếu sáng công cộng / ngoài trời,Đèn LED tích điện,14
"năng lượng mặt, lượng mặt trời, đèn led, chiếu sáng, sáng sân vườn, quang điện, led năng lượng, mặt trời quang, chip 3014smd chiếu, sân vườn đường, nhựa, sắt, sơn tĩnh điện, vườn đường cs, cao cấp",94054140,SP ĐÈN/THIẾT BỊ CHIẾU SÁNG,NC,Đèn LED — chiếu sáng công cộng / ngoài trời,Đèn cao áp,15
"năng lượng mặt, lượng mặt trời, đèn led, chiếu sáng, sáng sân vườn, quang điện, led năng lượng, mặt trời quang, chip 3014smd chiếu, sân vườn đường, nhựa, sắt, sơn tĩnh điện, vườn đường cs, cao cấp",94054140,SP ĐÈN/THIẾT BỊ CHIẾU SÁNG,NC,Đèn LED — chiếu sáng công cộng / ngoài trời,Đèn chiếu sáng công cộng,20
"năng lượng mặt, lượng mặt trời, đèn led, chiếu sáng, sáng sân vườn, quang điện, led năng lượng, mặt trời quang, chip 3014smd chiếu, sân vườn đường, nhựa, sắt, sơn tĩnh điện, vườn đường cs, cao cấp",94054140,SP ĐÈN/THIẾT BỊ CHIẾU SÁNG,NC,Đèn LED — chiếu sáng công cộng / ngoài trời,Bộ đèn đường năng lượng mặt trời,23
"năng lượng mặt, lượng mặt trời, đèn led, chiếu sáng, sáng sân vườn, quang điện, led năng lượng, mặt trời quang, chip 3014smd chiếu, sân vườn đường, nhựa, sắt, sơn tĩnh điện, vườn đường cs, cao cấp",94054140,SP ĐÈN/THIẾT BỊ CHIẾU SÁNG,NC,Đèn LED — chiếu sáng công cộng / ngoài trời,Đèn Led năng lượng mặt trời,27
"năng lượng mặt, lượng mặt trời, đèn led, chiếu sáng, sáng sân vườn, quang điện, led năng lượng, mặt trời quang, chip 3014smd chiếu, sân vườn đường, nhựa, sắt, sơn tĩnh điện, vườn đường cs, cao cấp",94054140,SP ĐÈN/THIẾT BỊ CHIẾU SÁNG,NC,Đèn LED — chiếu sáng công cộng / ngoài trời,Đèn cảnh báo chiếu sáng hoạt động,50
"đèn led, điện áp, led hình nến, công suất, sử dụng, hình nến inch, bộ đèn, lượng mặt trời, năng lượng mặt, đèn báo, báo trạng thái, sản xuất, trạng thái hoạt, thái hoạt động, hoạt động bản",94054190,SP ĐÈN/THIẾT BỊ CHIẾU SÁNG,NC,Đèn LED — loại khác,[OUTLIER] đèn led công,-1
"đèn led, điện áp, led hình nến, công suất, sử dụng, hình nến inch, bộ đèn, lượng mặt trời, năng lượng mặt, đèn báo, báo trạng thái, sản xuất, trạng thái hoạt, thái hoạt động, hoạt động bản",94054190,SP ĐÈN/THIẾT BỊ CHIẾU SÁNG,NC,Đèn LED — loại khác,Đèn LED Hình Nến,48
"đèn led, điện áp, led hình nến, công suất, sử dụng, hình nến inch, bộ đèn, lượng mặt trời, năng lượng mặt, đèn báo, báo trạng thái, sản xuất, trạng thái hoạt, thái hoạt động, hoạt động bản",94054190,SP ĐÈN/THIẾT BỊ CHIẾU SÁNG,NC,Đèn LED — loại khác,Đèn báo trạng thái mạch,14
"đèn led, điện áp, led hình nến, công suất, sử dụng, hình nến inch, bộ đèn, lượng mặt trời, năng lượng mặt, đèn báo, báo trạng thái, sản xuất, trạng thái hoạt, thái hoạt động, hoạt động bản",94054190,SP ĐÈN/THIẾT BỊ CHIẾU SÁNG,NC,Đèn LED — loại khác,"Cụm đèn máy in, máy photocopy",6
"đèn led, điện áp, led hình nến, công suất, sử dụng, hình nến inch, bộ đèn, lượng mặt trời, năng lượng mặt, đèn báo, báo trạng thái, sản xuất, trạng thái hoạt, thái hoạt động, hoạt động bản",94054190,SP ĐÈN/THIẾT BỊ CHIẾU SÁNG,NC,Đèn LED — loại khác,Đèn LED Tấm Phẳng,45
"đèn led, điện áp, led hình nến, công suất, sử dụng, hình nến inch, bộ đèn, lượng mặt trời, năng lượng mặt, đèn báo, báo trạng thái, sản xuất, trạng thái hoạt, thái hoạt động, hoạt động bản",94054190,SP ĐÈN/THIẾT BỊ CHIẾU SÁNG,NC,Đèn LED — loại khác,Đèn năng lượng tấm pin,4
"đèn led, điện áp, led hình nến, công suất, sử dụng, hình nến inch, bộ đèn, lượng mặt trời, năng lượng mặt, đèn báo, báo trạng thái, sản xuất, trạng thái hoạt, thái hoạt động, hoạt động bản",94054190,SP ĐÈN/THIẾT BỊ CHIẾU SÁNG,NC,Đèn LED — loại khác,Đèn dây gắn vào nội thất,1
"đèn led, điện áp, led hình nến, công suất, sử dụng, hình nến inch, bộ đèn, lượng mặt trời, năng lượng mặt, đèn báo, báo trạng thái, sản xuất, trạng thái hoạt, thái hoạt động, hoạt động bản",94054190,SP ĐÈN/THIẾT BỊ CHIẾU SÁNG,NC,Đèn LED — loại khác,Đèn Led Điện Thoại Di Động,23
"đèn led, điện áp, led hình nến, công suất, sử dụng, hình nến inch, bộ đèn, lượng mặt trời, năng lượng mặt, đèn báo, báo trạng thái, sản xuất, trạng thái hoạt, thái hoạt động, hoạt động bản",94054190,SP ĐÈN/THIẾT BỊ CHIẾU SÁNG,NC,Đèn LED — loại khác,Đèn LED Trang Trí Cắm Vườn,53
"đèn led, điện áp, led hình nến, công suất, sử dụng, hình nến inch, bộ đèn, lượng mặt trời, năng lượng mặt, đèn báo, báo trạng thái, sản xuất, trạng thái hoạt, thái hoạt động, hoạt động bản",94054190,SP ĐÈN/THIẾT BỊ CHIẾU SÁNG,NC,Đèn LED — loại khác,Đèn LED Cảnh Cá,47
"đèn led, điện áp, led hình nến, công suất, sử dụng, hình nến inch, bộ đèn, lượng mặt trời, năng lượng mặt, đèn báo, báo trạng thái, sản xuất, trạng thái hoạt, thái hoạt động, hoạt động bản",94054190,SP ĐÈN/THIẾT BỊ CHIẾU SÁNG,NC,Đèn LED — loại khác,Đèn LED Multi-Volt,46
"đèn led, điện áp, led hình nến, công suất, sử dụng, hình nến inch, bộ đèn, lượng mặt trời, năng lượng mặt, đèn báo, báo trạng thái, sản xuất, trạng thái hoạt, thái hoạt động, hoạt động bản",94054190,SP ĐÈN/THIẾT BỊ CHIẾU SÁNG,LK,Đèn LED — loại khác,Đèn phát ánh trợ chụp,12
"đèn led, điện áp, led hình nến, công suất, sử dụng, hình nến inch, bộ đèn, lượng mặt trời, năng lượng mặt, đèn báo, báo trạng thái, sản xuất, trạng thái hoạt, thái hoạt động, hoạt động bản",94054190,SP ĐÈN/THIẾT BỊ CHIẾU SÁNG,NC,Đèn LED — loại khác,Đèn LED Cảm Ứng,49
"đèn led, điện áp, led hình nến, công suất, sử dụng, hình nến inch, bộ đèn, lượng mặt trời, năng lượng mặt, đèn báo, báo trạng thái, sản xuất, trạng thái hoạt, thái hoạt động, hoạt động bản",94054190,SP ĐÈN/THIẾT BỊ CHIẾU SÁNG,NC,Đèn LED — loại khác,Đèn Led Dây Đồ Nội Thất,24
"đèn led, điện áp, led hình nến, công suất, sử dụng, hình nến inch, bộ đèn, lượng mặt trời, năng lượng mặt, đèn báo, báo trạng thái, sản xuất, trạng thái hoạt, thái hoạt động, hoạt động bản",94054190,SP ĐÈN/THIẾT BỊ CHIẾU SÁNG,NC,Đèn LED — loại khác,Đèn trang trí DC12V,5
"đèn led, điện áp, led hình nến, công suất, sử dụng, hình nến inch, bộ đèn, lượng mặt trời, năng lượng mặt, đèn báo, báo trạng thái, sản xuất, trạng thái hoạt, thái hoạt động, hoạt động bản",94054190,SP ĐÈN/THIẾT BỊ CHIẾU SÁNG,NC,Đèn LED — loại khác,Đèn Chiếu Sáng Công Việc,58
"đèn led, điện áp, led hình nến, công suất, sử dụng, hình nến inch, bộ đèn, lượng mặt trời, năng lượng mặt, đèn báo, báo trạng thái, sản xuất, trạng thái hoạt, thái hoạt động, hoạt động bản",94054190,SP ĐÈN/THIẾT BỊ CHIẾU SÁNG,NC,Đèn LED — loại khác,Đèn LED Tấm Phẳng SUNCO,59
"đèn led, điện áp, led hình nến, công suất, sử dụng, hình nến inch, bộ đèn, lượng mặt trời, năng lượng mặt, đèn báo, báo trạng thái, sản xuất, trạng thái hoạt, thái hoạt động, hoạt động bản",94054190,SP ĐÈN/THIẾT BỊ CHIẾU SÁNG,NC,Đèn LED — loại khác,Cụm đèn chổi bảng,2
"đèn led, điện áp, led hình nến, công suất, sử dụng, hình nến inch, bộ đèn, lượng mặt trời, năng lượng mặt, đèn báo, báo trạng thái, sản xuất, trạng thái hoạt, thái hoạt động, hoạt động bản",94054190,SP ĐÈN/THIẾT BỊ CHIẾU SÁNG,NC,Đèn LED — loại khác,Đèn Led Kiểm Thử Ngoại Quan,25
"máy, photocopy, kiện, đèn led linh, hút bụi dây, bụi dây đèn, đèn led kt, led kt 129, kt 129 105, phụ, đèn rọi laser, đèn led head, led head assy, áp 220v 20hz, cắt laser",94054190,SP ĐÈN/THIẾT BỊ CHIẾU SÁNG,NC,Đèn LED — loại khác,Phụ Kiện Máy Hút Bụi,15
"đèn led, điện áp, led hình nến, công suất, sử dụng, hình nến inch, bộ đèn, lượng mặt trời, năng lượng mặt, đèn báo, báo trạng thái, sản xuất, trạng thái hoạt, thái hoạt động, hoạt động bản",94054190,SP ĐÈN/THIẾT BỊ CHIẾU SÁNG,NC,Đèn LED — loại khác,Đèn Làm Việc Dạng Dải,52
"đèn led, điện áp, led hình nến, công suất, sử dụng, hình nến inch, bộ đèn, lượng mặt trời, năng lượng mặt, đèn báo, báo trạng thái, sản xuất, trạng thái hoạt, thái hoạt động, hoạt động bản",94054190,SP ĐÈN/THIẾT BỊ CHIẾU SÁNG,NC,Đèn LED — loại khác,Đèn Led Tủ Rượu,61
"đèn led, điện áp, led hình nến, công suất, sử dụng, hình nến inch, bộ đèn, lượng mặt trời, năng lượng mặt, đèn báo, báo trạng thái, sản xuất, trạng thái hoạt, thái hoạt động, hoạt động bản",94054190,SP ĐÈN/THIẾT BỊ CHIẾU SÁNG,NC,Đèn LED — loại khác,Cụm đèn assy lamp,10
"đèn led, điện áp, led hình nến, công suất, sử dụng, hình nến inch, bộ đèn, lượng mặt trời, năng lượng mặt, đèn báo, báo trạng thái, sản xuất, trạng thái hoạt, thái hoạt động, hoạt động bản",94054190,SP ĐÈN/THIẾT BỊ CHIẾU SÁNG,NC,Đèn LED — loại khác,Đèn Lồng Trang Trí,62
"đèn led, điện áp, led hình nến, công suất, sử dụng, hình nến inch, bộ đèn, lượng mặt trời, năng lượng mặt, đèn báo, báo trạng thái, sản xuất, trạng thái hoạt, thái hoạt động, hoạt động bản",94054190,SP ĐÈN/THIẾT BỊ CHIẾU SÁNG,NC,Đèn LED — loại khác,Đèn rọi laser máy cắt,11
"bể cá cảnh, cái carton, bộ phận thay, thay thế bể, thế bể cá, phận thay thế, led bộ phận, đèn led bộ, sáng chụp, cá cảnh bcl, cảnh bcl 48, bcl 48 cái, trợ, giá, công việc chiếu",94054190,SP ĐÈN/THIẾT BỊ CHIẾU SÁNG,NC,Đèn LED — loại khác,ảnh trợ giá chụp,34
"đèn led, điện áp, led hình nến, công suất, sử dụng, hình nến inch, bộ đèn, lượng mặt trời, năng lượng mặt, đèn báo, báo trạng thái, sản xuất, trạng thái hoạt, thái hoạt động, hoạt động bản",94054190,SP ĐÈN/THIẾT BỊ CHIẾU SÁNG,NC,Đèn LED — loại khác,Đèn Cảm Biến Tia Hồng Ngoại,50
"đèn led, điện áp, led hình nến, công suất, sử dụng, hình nến inch, bộ đèn, lượng mặt trời, năng lượng mặt, đèn báo, báo trạng thái, sản xuất, trạng thái hoạt, thái hoạt động, hoạt động bản",94054190,SP ĐÈN/THIẾT BỊ CHIẾU SÁNG,LK,Đèn LED — loại khác,Đèn LED Giá Chân,55
"đèn bàn, bán nguyệt, led hình bán, bàn led hình, nail móng chân, móng chân móng, nguyệt bàn nail, chân móng tay, bàn nail móng, bàn máy, đèn led bán, máy may siêu, hiệu haimu hm, haimu hm 27t, sáng nhãn hiệu",94054190,SP ĐÈN/THIẾT BỊ CHIẾU SÁNG,NC,Đèn LED — loại khác,bàn móng bán nguyệt,44
"đèn led hình, led hình nến, hình nến inch, lắp, hình nến 11, nến 11 inch, hình nến kích, nến kích thước, nến inch 124411601, nến inch 124411602, ráp, cây nấm, nến inch 124411599, áp 120v 60, điện áp 2v",94054190,SP ĐÈN/THIẾT BỊ CHIẾU SÁNG,NC,Đèn LED — loại khác,màn ráp hình lắp,31
"sáng chụp, chụp hình quay, hình quay phim, kèm chân đế, led trợ sáng, kèm giá đỡ, ngoài trời kèm, livestream ngoài trời, sáng đa năng, đa năng quang, giá đỡ kí, trời kèm giá, năng quang điện, trợ sáng đa, chụp ảnh livestream",94054190,SP ĐÈN/THIẾT BỊ CHIẾU SÁNG,LK,Đèn LED — loại khác,Chụp nút ấn tàu thủy,8
"đèn led, điện áp, led hình nến, công suất, sử dụng, hình nến inch, bộ đèn, lượng mặt trời, năng lượng mặt, đèn báo, báo trạng thái, sản xuất, trạng thái hoạt, thái hoạt động, hoạt động bản",94054190,SP ĐÈN/THIẾT BỊ CHIẾU SÁNG,NC,Đèn LED — loại khác,Đèn Làm Việc Hyper Tough,51
"đèn led, điện áp, led hình nến, công suất, sử dụng, hình nến inch, bộ đèn, lượng mặt trời, năng lượng mặt, đèn báo, báo trạng thái, sản xuất, trạng thái hoạt, thái hoạt động, hoạt động bản",94054190,SP ĐÈN/THIẾT BỊ CHIẾU SÁNG,NC,Đèn LED — loại khác,Đèn neon/led bản mạch công suất,3
"đèn led, điện áp, led hình nến, công suất, sử dụng, hình nến inch, bộ đèn, lượng mặt trời, năng lượng mặt, đèn báo, báo trạng thái, sản xuất, trạng thái hoạt, thái hoạt động, hoạt động bản",94054190,SP ĐÈN/THIẾT BỊ CHIẾU SÁNG,NC,Đèn LED — loại khác,Bóng Đèn Led Tủ Lạnh,17
"đèn led, điện áp, led hình nến, công suất, sử dụng, hình nến inch, bộ đèn, lượng mặt trời, năng lượng mặt, đèn báo, báo trạng thái, sản xuất, trạng thái hoạt, thái hoạt động, hoạt động bản",94054190,SP ĐÈN/THIẾT BỊ CHIẾU SÁNG,NC,Đèn LED — loại khác,Đèn Led Sử Dụng Năng Lượng Mặt Trời,18
"đèn led, điện áp, led hình nến, công suất, sử dụng, hình nến inch, bộ đèn, lượng mặt trời, năng lượng mặt, đèn báo, báo trạng thái, sản xuất, trạng thái hoạt, thái hoạt động, hoạt động bản",94054190,SP ĐÈN/THIẾT BỊ CHIẾU SÁNG,NC,Đèn LED — loại khác,Đèn Led Làm Việc,63
"đèn led, điện áp, led hình nến, công suất, sử dụng, hình nến inch, bộ đèn, lượng mặt trời, năng lượng mặt, đèn báo, báo trạng thái, sản xuất, trạng thái hoạt, thái hoạt động, hoạt động bản",94054190,SP ĐÈN/THIẾT BỊ CHIẾU SÁNG,NC,Đèn LED — loại khác,Đèn Gập Chiếu Sáng,56
"đèn led, điện áp, led hình nến, công suất, sử dụng, hình nến inch, bộ đèn, lượng mặt trời, năng lượng mặt, đèn báo, báo trạng thái, sản xuất, trạng thái hoạt, thái hoạt động, hoạt động bản",94054190,SP ĐÈN/THIẾT BỊ CHIẾU SÁNG,NC,Đèn LED — loại khác,Đèn LED Làm Việc Tiện Ích,57
"đèn led, điện áp, led hình nến, công suất, sử dụng, hình nến inch, bộ đèn, lượng mặt trời, năng lượng mặt, đèn báo, báo trạng thái, sản xuất, trạng thái hoạt, thái hoạt động, hoạt động bản",94054190,SP ĐÈN/THIẾT BỊ CHIẾU SÁNG,NC,Đèn LED — loại khác,Đèn Báo Hiệu Đường Kính,19
"đèn led, điện áp, led hình nến, công suất, sử dụng, hình nến inch, bộ đèn, lượng mặt trời, năng lượng mặt, đèn báo, báo trạng thái, sản xuất, trạng thái hoạt, thái hoạt động, hoạt động bản",94054190,SP ĐÈN/THIẾT BỊ CHIẾU SÁNG,NC,Đèn LED — loại khác,Đèn Led Nhà Xưởng,20
"đèn led, điện áp, led hình nến, công suất, sử dụng, hình nến inch, bộ đèn, lượng mặt trời, năng lượng mặt, đèn báo, báo trạng thái, sản xuất, trạng thái hoạt, thái hoạt động, hoạt động bản",94054190,SP ĐÈN/THIẾT BỊ CHIẾU SÁNG,NC,Đèn LED — loại khác,Đèn Led Tủ Điện,27
"sáng, chiếu, công việc, việc thông số, sử dụng nguồn, ánh, nhà xưởng, trợ, sx2025 công ty, quang điện, thông số 120v, cấp 48vdc 22a, ufpsf000 fc up, nguồn cấp 48vdc, fc up floodlight",94054190,SP ĐÈN/THIẾT BỊ CHIẾU SÁNG,NC,Đèn LED — loại khác,sáng chiếu khẩn cấp,30
"sáng, chiếu, công việc, việc thông số, sử dụng nguồn, ánh, đổi, trợ, sx2025 công ty, quang điện, thông số 120v, nhà xưởng, giá, số 120v 60hz, chụp hình quay",94054190,SP ĐÈN/THIẾT BỊ CHIẾU SÁNG,NC,Đèn LED — loại khác,bơi ánh sáng đổi,32
"đèn led, điện áp, led hình nến, công suất, sử dụng, hình nến inch, bộ đèn, lượng mặt trời, năng lượng mặt, đèn báo, báo trạng thái, sản xuất, trạng thái hoạt, thái hoạt động, hoạt động bản",94054190,SP ĐÈN/THIẾT BỊ CHIẾU SÁNG,NC,Đèn LED — loại khác,Đèn công suất xưởng nhôm,7
"lượng mặt trời, năng lượng mặt, pin năng lượng, ngoài trời, sử dụng ngoài, led năng lượng, bao gồm đèn, tấm pin năng, đèn led năng, mặt trời bao, pin tấm pin, gồm đèn pin, trời bao gồm, đèn pin tấm, lượng công suất",94054190,SP ĐÈN/THIẾT BỊ CHIẾU SÁNG,NC,Đèn LED — loại khác,vườn lượng năng trời,37
"quang điện, đèn led quang, điện sử dụng, sử dụng nguồn, nguồn sáng led, dụng nguồn sáng, thiết bị kiểm, bị kiểm tra, điện áp dc24v, điện áp 12, sử dụng máy, sáng chụp, điện điện áp, ngoại quan sản, tra ngoại quan",94054190,SP ĐÈN/THIẾT BỊ CHIẾU SÁNG,NC,Đèn LED — loại khác,Chưa phân loại,42
"đèn led, điện áp, led hình nến, công suất, sử dụng, hình nến inch, bộ đèn, lượng mặt trời, năng lượng mặt, đèn báo, báo trạng thái, sản xuất, trạng thái hoạt, thái hoạt động, hoạt động bản",94054190,SP ĐÈN/THIẾT BỊ CHIẾU SÁNG,NC,Đèn LED — loại khác,Đèn Led Tủ Lạnh,60
"đèn led, điện áp, led hình nến, công suất, sử dụng, hình nến inch, bộ đèn, lượng mặt trời, năng lượng mặt, đèn báo, báo trạng thái, sản xuất, trạng thái hoạt, thái hoạt động, hoạt động bản",94054190,SP ĐÈN/THIẾT BỊ CHIẾU SÁNG,NC,Đèn LED — loại khác,Đèn trang trí gắn lên ghế,0
"đèn led, điện áp, led hình nến, công suất, sử dụng, hình nến inch, bộ đèn, lượng mặt trời, năng lượng mặt, đèn báo, báo trạng thái, sản xuất, trạng thái hoạt, thái hoạt động, hoạt động bản",94054190,SP ĐÈN/THIẾT BỊ CHIẾU SÁNG,NC,Đèn LED — loại khác,Đèn báo bảng nhiệt,13
"nội thất, đồ gỗ nội, đèn led dây, sản phẩm đồ, gắn sản phẩm, phẩm đồ gỗ, thất xuất khẩu, led dây gn7214a, đồ nội, dây quang điện, suất 5w đồ, led dây đèn, áp 12v công, led đèn led, dây gn7214a 24",94054190,SP ĐÈN/THIẾT BỊ CHIẾU SÁNG,NC,Đèn LED — loại khác,cuộn nội thất ngành,33
"máy, bóng, gỗ nội thất, đồ gỗ nội, gắn sản phẩm, sản phẩm đồ, phẩm đồ gỗ, photocopy, nội thất xuất, thất xuất khẩu, led dây gn7214a, led linh kiện, đèn led linh, linh kiện sản, kiện sản xuất",94054190,SP ĐÈN/THIẾT BỊ CHIẾU SÁNG,NC,Đèn LED — loại khác,máy nghiệp bóng gắn,35
"nội thất, đồ gỗ nội, đèn led dây, sản phẩm đồ, gắn sản phẩm, phẩm đồ gỗ, thất xuất khẩu, led dây gn7214a, đồ nội, dây quang điện, suất 5w đồ, led dây đèn, áp 12v công, led đèn led, dây gn7214a 24",94054190,SP ĐÈN/THIẾT BỊ CHIẾU SÁNG,NC,Đèn LED — loại khác,cuộn nội thất cáp,39
"đèn led, điện áp, led hình nến, công suất, sử dụng, hình nến inch, bộ đèn, lượng mặt trời, năng lượng mặt, đèn báo, báo trạng thái, sản xuất, trạng thái hoạt, thái hoạt động, hoạt động bản",94054190,SP ĐÈN/THIẾT BỊ CHIẾU SÁNG,NC,Đèn LED — loại khác,đèn ngoại,40
"đèn led, điện áp, led hình nến, công suất, sử dụng, hình nến inch, bộ đèn, lượng mặt trời, năng lượng mặt, đèn báo, báo trạng thái, sản xuất, trạng thái hoạt, thái hoạt động, hoạt động bản",94054190,SP ĐÈN/THIẾT BỊ CHIẾU SÁNG,NC,Đèn LED — loại khác,Đèn phát quang ghế sofa,9
"đèn led, điện áp, led hình nến, công suất, sử dụng, hình nến inch, bộ đèn, lượng mặt trời, năng lượng mặt, đèn báo, báo trạng thái, sản xuất, trạng thái hoạt, thái hoạt động, hoạt động bản",94054190,SP ĐÈN/THIẾT BỊ CHIẾU SÁNG,NC,Đèn LED — loại khác,Đèn Quang Điện Nhà Xưởng,16
"đèn led, điện áp, led hình nến, công suất, sử dụng, hình nến inch, bộ đèn, lượng mặt trời, năng lượng mặt, đèn báo, báo trạng thái, sản xuất, trạng thái hoạt, thái hoạt động, hoạt động bản",94054190,SP ĐÈN/THIẾT BỊ CHIẾU SÁNG,NC,Đèn LED — loại khác,Đèn Led Dây Neon Văn Phòng,21
"đèn led, điện áp, led hình nến, công suất, sử dụng, hình nến inch, bộ đèn, lượng mặt trời, năng lượng mặt, đèn báo, báo trạng thái, sản xuất, trạng thái hoạt, thái hoạt động, hoạt động bản",94054190,SP ĐÈN/THIẾT BỊ CHIẾU SÁNG,NC,Đèn LED — loại khác,Đèn Cây Trang Trí Ngoài Trời,22
"đèn led, điện áp, led hình nến, công suất, sử dụng, hình nến inch, bộ đèn, lượng mặt trời, năng lượng mặt, đèn báo, báo trạng thái, sản xuất, trạng thái hoạt, thái hoạt động, hoạt động bản",94054190,SP ĐÈN/THIẾT BỊ CHIẾU SÁNG,NC,Đèn LED — loại khác,Đèn Led Tín Hiệu,26
"đèn led, điện áp, led hình nến, công suất, sử dụng, hình nến inch, bộ đèn, lượng mặt trời, năng lượng mặt, đèn báo, báo trạng thái, sản xuất, trạng thái hoạt, thái hoạt động, hoạt động bản",94054190,SP ĐÈN/THIẾT BỊ CHIẾU SÁNG,NC,Đèn LED — loại khác,Đèn Cao Áp Nhà Xưởng,28
"đèn led, điện áp, led hình nến, công suất, sử dụng, hình nến inch, bộ đèn, lượng mặt trời, năng lượng mặt, đèn báo, báo trạng thái, sản xuất, trạng thái hoạt, thái hoạt động, hoạt động bản",94054190,SP ĐÈN/THIẾT BỊ CHIẾU SÁNG,NC,Đèn LED — loại khác,Bóng Đèn Máng Chóa Đôi,29
"tầng, lift ab jiaxing, ncc cibes lift, áp 24vdc ncc, jiaxing limited mơi, ab jiaxing limited, chỉnh dây điện, nối nguồn chiếu, cibes lift ab, hoàn chỉnh dây, nguồn chiếu sáng, đế nhôm nhãn, nhôm nhãn hiệu, báo nhựa đế, nhựa đế nhôm",94054190,SP ĐÈN/THIẾT BỊ CHIẾU SÁNG,NC,Đèn LED — loại khác,mơi giếng dừng tầng,36
"nến inch 124411602, led hình nến, đèn led hình, nến inch 124411569, hình nến inch, hình nến kích, nến kích thước, nến inch 124411563, hình nến 11, nến 11 inch, inch 124411573, nến inch 124411567, nến 13 inch, hình nến 13, sóng",94054190,SP ĐÈN/THIẾT BỊ CHIẾU SÁNG,NC,Đèn LED — loại khác,bước sóng đóng rắn,38
"bóng, gồm1 pin aaa, hoa cúc pin, aaa 2v item, hình con bướm, cao70cm 6led vỏ, con bướm cây, pin aaa 2v, item 7250378v 13776171, đất cao70cm 6led, nấm hoa cúc, cắm đất cao70cm, mặt trời gồm1, cúc pin năng, bướm cây nấm",94054190,SP ĐÈN/THIẾT BỊ CHIẾU SÁNG,NC,Đèn LED — loại khác,bóng cool white,41
"dây, nội thất, đồ gỗ nội, sản phẩm đồ, gắn sản phẩm, phẩm đồ gỗ, thất xuất khẩu, đồ nội, gn7214a, máy hút bụi, phụ kiện máy, kiện máy hút, suất 5w đồ, áp 12v công, đèn led kt",94054190,SP ĐÈN/THIẾT BỊ CHIẾU SÁNG,NC,Đèn LED — loại khác,nguyên nội thất dây,43
"đèn led, điện áp, led hình nến, công suất, sử dụng, hình nến inch, bộ đèn, lượng mặt trời, năng lượng mặt, đèn báo, báo trạng thái, sản xuất, trạng thái hoạt, thái hoạt động, hoạt động bản",94054190,SP ĐÈN/THIẾT BỊ CHIẾU SÁNG,NC,Đèn LED — loại khác,Đèn LED Chạy Pin Năng Lượng Mặt Trời,54
"đèn led, điện áp, led hình nến, công suất, sử dụng, hình nến inch, bộ đèn, lượng mặt trời, năng lượng mặt, đèn báo, báo trạng thái, sản xuất, trạng thái hoạt, thái hoạt động, hoạt động bản",94054190,SP ĐÈN/THIẾT BỊ CHIẾU SÁNG,NC,Đèn LED — loại khác,Bảng Đèn Led,64
"đèn, pha, led, chiếu sáng, công suất, sáng sân vườn, điện áp, ngoài trời, áp 220v, sân vườn cs, chip, quang điện, sử dụng, tần số 50, số 50 60hz",94054210,SP ĐÈN/THIẾT BỊ CHIẾU SÁNG,NC,Đèn điện LED khác — đèn pha,Đèn pha LED,0
"đèn, pha, led, chiếu sáng, công suất, sáng sân vườn, điện áp, ngoài trời, áp 220v, sân vườn cs, chip, quang điện, sử dụng, tần số 50, số 50 60hz",94054210,SP ĐÈN/THIẾT BỊ CHIẾU SÁNG,NC,Đèn điện LED khác — đèn pha,[OUTLIER] led đèn pha,-1
"đèn, pha, led, chiếu sáng, công suất, sáng sân vườn, điện áp, ngoài trời, áp 220v, sân vườn cs, chip, quang điện, sử dụng, tần số 50, số 50 60hz",94054210,SP ĐÈN/THIẾT BỊ CHIẾU SÁNG,NC,Đèn điện LED khác — đèn pha,Đèn pha LED ngoài trời,1
"đèn, pha, led, chiếu sáng, công suất, sáng sân vườn, điện áp, ngoài trời, áp 220v, sân vườn cs, chip, quang điện, sử dụng, tần số 50, số 50 60hz",94054210,SP ĐÈN/THIẾT BỊ CHIẾU SÁNG,NC,Đèn điện LED khác — đèn pha,Đèn pha sân vườn,3
"đèn, pha, led, chiếu sáng, công suất, sáng sân vườn, điện áp, ngoài trời, áp 220v, sân vườn cs, chip, quang điện, sử dụng, tần số 50, số 50 60hz",94054210,SP ĐÈN/THIẾT BỊ CHIẾU SÁNG,NC,Đèn điện LED khác — đèn pha,Đèn pha công suất cao,12
"đèn, pha, led, chiếu sáng, công suất, sáng sân vườn, điện áp, ngoài trời, áp 220v, sân vườn cs, chip, quang điện, sử dụng, tần số 50, số 50 60hz",94054210,SP ĐÈN/THIẾT BỊ CHIẾU SÁNG,LK,Đèn điện LED khác — đèn pha,Đèn pha công nghiệp,2
"đèn, pha, led, chiếu sáng, công suất, sáng sân vườn, điện áp, ngoài trời, áp 220v, sân vườn cs, chip, quang điện, sử dụng, tần số 50, số 50 60hz",94054210,SP ĐÈN/THIẾT BỊ CHIẾU SÁNG,NC,Đèn điện LED khác — đèn pha,Đèn pha flood light,7
"đèn, pha, led, chiếu sáng, công suất, sáng sân vườn, điện áp, ngoài trời, áp 220v, sân vườn cs, chip, quang điện, sử dụng, tần số 50, số 50 60hz",94054210,SP ĐÈN/THIẾT BỊ CHIẾU SÁNG,NC,Đèn điện LED khác — đèn pha,Đèn pha hắt sân vườn,6
"đèn, pha, led, chiếu sáng, công suất, sáng sân vườn, điện áp, ngoài trời, áp 220v, sân vườn cs, chip, quang điện, sử dụng, tần số 50, số 50 60hz",94054210,SP ĐÈN/THIẾT BỊ CHIẾU SÁNG,NC,Đèn điện LED khác — đèn pha,Đèn Led Pha Công Cộng,17
"đèn, pha, led, chiếu sáng, công suất, sáng sân vườn, điện áp, ngoài trời, áp 220v, sân vườn cs, chip, quang điện, sử dụng, tần số 50, số 50 60hz",94054210,SP ĐÈN/THIẾT BỊ CHIẾU SÁNG,NC,Đèn điện LED khác — đèn pha,Đèn pha DSY,8
"đèn, pha, led, chiếu sáng, công suất, sáng sân vườn, điện áp, ngoài trời, áp 220v, sân vườn cs, chip, quang điện, sử dụng, tần số 50, số 50 60hz",94054210,SP ĐÈN/THIẾT BỊ CHIẾU SÁNG,NC,Đèn điện LED khác — đèn pha,Đèn pha Led nhiệt độ màu,14
"đèn, pha, led, chiếu sáng, công suất, sáng sân vườn, điện áp, ngoài trời, áp 220v, sân vườn cs, chip, quang điện, sử dụng, tần số 50, số 50 60hz",94054210,SP ĐÈN/THIẾT BỊ CHIẾU SÁNG,NC,Đèn điện LED khác — đèn pha,Đèn pha trang trí,10
"đèn, pha, led, chiếu sáng, công suất, sáng sân vườn, điện áp, ngoài trời, áp 220v, sân vườn cs, chip, quang điện, sử dụng, tần số 50, số 50 60hz",94054210,SP ĐÈN/THIẾT BỊ CHIẾU SÁNG,NC,Đèn điện LED khác — đèn pha,Đèn pha năng lượng mặt trời,13
"đèn, pha, led, chiếu sáng, công suất, sáng sân vườn, điện áp, ngoài trời, áp 220v, sân vườn cs, chip, quang điện, sử dụng, tần số 50, số 50 60hz",94054210,SP ĐÈN/THIẾT BỊ CHIẾU SÁNG,NC,Đèn điện LED khác — đèn pha,Đèn Led Pha,15
"đèn, pha, led, chiếu sáng, công suất, sáng sân vườn, điện áp, ngoài trời, áp 220v, sân vườn cs, chip, quang điện, sử dụng, tần số 50, số 50 60hz",94054210,SP ĐÈN/THIẾT BỊ CHIẾU SÁNG,NC,Đèn điện LED khác — đèn pha,Đèn Led Pha Ngoài Trời,16
"đèn, pha, led, chiếu sáng, công suất, sáng sân vườn, điện áp, ngoài trời, áp 220v, sân vườn cs, chip, quang điện, sử dụng, tần số 50, số 50 60hz",94054210,SP ĐÈN/THIẾT BỊ CHIẾU SÁNG,LK,Đèn điện LED khác — đèn pha,Đèn pha góc ánh sáng,4
"đèn, pha, led, chiếu sáng, công suất, sáng sân vườn, điện áp, ngoài trời, áp 220v, sân vườn cs, chip, quang điện, sử dụng, tần số 50, số 50 60hz",94054210,SP ĐÈN/THIẾT BỊ CHIẾU SÁNG,NC,Đèn điện LED khác — đèn pha,Đèn pha sân vườn ánh sáng trắng,11
"đèn, pha, led, chiếu sáng, công suất, sáng sân vườn, điện áp, ngoài trời, áp 220v, sân vườn cs, chip, quang điện, sử dụng, tần số 50, số 50 60hz",94054210,SP ĐÈN/THIẾT BỊ CHIẾU SÁNG,NC,Đèn điện LED khác — đèn pha,Đèn Led Pha Sân Vườn,18
"đèn, led, chiếu sáng, rọi, công suất, điện áp, sử dụng, ngoài trời, sân khấu, thiết bị khác, trời thiết bị, bị khác wdwl, dụng ngoài, sáng sử, quang điện",94054220,SP ĐÈN/THIẾT BỊ CHIẾU SÁNG,NC,Đèn điện LED khác — đèn rọi,[OUTLIER] đèn rọi led,-1
"đèn, led, chiếu sáng, rọi, công suất, điện áp, sử dụng, ngoài trời, sân khấu, thiết bị khác, trời thiết bị, bị khác wdwl, dụng ngoài, sáng sử, quang điện",94054220,SP ĐÈN/THIẾT BỊ CHIẾU SÁNG,NC,Đèn điện LED khác — đèn rọi,Đèn Chiếu Sáng Thiết Bị Khác,9
"đèn, led, chiếu sáng, rọi, công suất, điện áp, sử dụng, ngoài trời, sân khấu, thiết bị khác, trời thiết bị, bị khác wdwl, dụng ngoài, sáng sử, quang điện",94054220,SP ĐÈN/THIẾT BỊ CHIẾU SÁNG,NC,Đèn điện LED khác — đèn rọi,Đèn LED Sofa,0
"đèn, led, chiếu sáng, rọi, công suất, điện áp, sử dụng, ngoài trời, sân khấu, thiết bị khác, trời thiết bị, bị khác wdwl, dụng ngoài, sáng sử, quang điện",94054220,SP ĐÈN/THIẾT BỊ CHIẾU SÁNG,NC,Đèn điện LED khác — đèn rọi,Đèn Chiếu Sáng Hãng HUSKY,8
"đèn, led, chiếu sáng, rọi, công suất, điện áp, sử dụng, ngoài trời, sân khấu, thiết bị khác, trời thiết bị, bị khác wdwl, dụng ngoài, sáng sử, quang điện",94054220,SP ĐÈN/THIẾT BỊ CHIẾU SÁNG,NC,Đèn điện LED khác — đèn rọi,Đèn Sân Khấu,1
"đèn, led, chiếu sáng, rọi, công suất, điện áp, sử dụng, ngoài trời, sân khấu, thiết bị khác, trời thiết bị, bị khác wdwl, dụng ngoài, sáng sử, quang điện",94054220,SP ĐÈN/THIẾT BỊ CHIẾU SÁNG,NC,Đèn điện LED khác — đèn rọi,Đèn Sân Khấu Hãng KB,4
"đèn, led, chiếu sáng, rọi, công suất, điện áp, sử dụng, ngoài trời, sân khấu, thiết bị khác, trời thiết bị, bị khác wdwl, dụng ngoài, sáng sử, quang điện",94054220,SP ĐÈN/THIẾT BỊ CHIẾU SÁNG,NC,Đèn điện LED khác — đèn rọi,Đèn Sân Khấu Bình Khấu,5
"đèn, led, chiếu sáng, rọi, công suất, điện áp, sử dụng, ngoài trời, sân khấu, thiết bị khác, trời thiết bị, bị khác wdwl, dụng ngoài, sáng sử, quang điện",94054220,SP ĐÈN/THIẾT BỊ CHIẾU SÁNG,NC,Đèn điện LED khác — đèn rọi,Đèn Phong Cảnh Công Suất Lớn,10
"đèn, led, chiếu sáng, rọi, công suất, điện áp, sử dụng, ngoài trời, sân khấu, thiết bị khác, trời thiết bị, bị khác wdwl, dụng ngoài, sáng sử, quang điện",94054220,SP ĐÈN/THIẾT BỊ CHIẾU SÁNG,NC,Đèn điện LED khác — đèn rọi,Đèn Sân Vườn,2
"đèn, led, chiếu sáng, rọi, công suất, điện áp, sử dụng, ngoài trời, sân khấu, thiết bị khác, trời thiết bị, bị khác wdwl, dụng ngoài, sáng sử, quang điện",94054220,SP ĐÈN/THIẾT BỊ CHIẾU SÁNG,NC,Đèn điện LED khác — đèn rọi,Đèn Sân Khấu Công Suất Cao,3
"đèn, led, chiếu sáng, rọi, công suất, điện áp, sử dụng, ngoài trời, sân khấu, thiết bị khác, trời thiết bị, bị khác wdwl, dụng ngoài, sáng sử, quang điện",94054220,SP ĐÈN/THIẾT BỊ CHIẾU SÁNG,NC,Đèn điện LED khác — đèn rọi,Đèn Sân Vườn Nhôm Đúc,6
"đèn, led, chiếu sáng, rọi, công suất, điện áp, sử dụng, ngoài trời, sân khấu, thiết bị khác, trời thiết bị, bị khác wdwl, dụng ngoài, sáng sử, quang điện",94054220,SP ĐÈN/THIẾT BỊ CHIẾU SÁNG,NC,Đèn điện LED khác — đèn rọi,Đèn Sân Khấu Phát Quang Điốt,7
"đèn, tín hiệu, led, nhãn hiệu philips, báo 4w xgp500, rd 240v nhãn, cảnh báo 4w, bay, máy, phụ tùng, công suất, nhấp nháy, thuộc chương, pn 1n5005, đường lăn sân",94054230,SP ĐÈN/THIẾT BỊ CHIẾU SÁNG,NC,Đèn điện LED khác — tín hiệu sân bay / đường sắt,[OUTLIER] đèn bay led,-1
"tín hiệu, bay, máy, đèn tín, phụ tùng, thuộc chương, pn 1n5005, hiệu nhấp nháy, đèn led tín, đường lăn sân, mã hiệu, báo hiệu, công suất, coc 8616567 00, tlkt hs 9820",94054230,SP ĐÈN/THIẾT BỊ CHIẾU SÁNG,NC,Đèn điện LED khác — tín hiệu sân bay / đường sắt,Phụ Tùng Máy Bay,0
"đèn, tín hiệu, led, nhãn hiệu philips, báo 4w xgp500, rd 240v nhãn, cảnh báo 4w, bay, máy, phụ tùng, công suất, nhấp nháy, thuộc chương, pn 1n5005, đường lăn sân",94054230,SP ĐÈN/THIẾT BỊ CHIẾU SÁNG,NC,Đèn điện LED khác — tín hiệu sân bay / đường sắt,Đèn Cảnh Báo,1
"đèn báo, linh kiện, hoạt động, nồi, đèn led, điện áp, báo hiệu, công suất, hiển thị, điện 16a 24v, dòng điện 16a, guangdong, đã gắn, báo nhấp nháy, báo lte 1001",94054240,SP ĐÈN/THIẾT BỊ CHIẾU SÁNG,LK,Đèn LED — báo hiệu thiết bị gia dụng 85.16,[OUTLIER] đèn báo kiện,-1
"đèn, led, chiếu sáng, công, đường, suất, trời, nguồn, phố, điện áp, sử dụng, kích thước, sáng ngoài, nhôm, đi ốt phát",94054250,SP ĐÈN/THIẾT BỊ CHIẾU SÁNG,NC,Đèn điện LED khác — chiếu sáng công cộng,[OUTLIER] đèn led công,-1
"đèn, led, chiếu sáng, công, đường, suất, trời, nguồn, phố, điện áp, sử dụng, kích thước, sáng ngoài, nhôm, đi ốt phát",94054250,SP ĐÈN/THIẾT BỊ CHIẾU SÁNG,NC,Đèn điện LED khác — chiếu sáng công cộng,Đèn Đường LED,7
"đèn, led, chiếu sáng, công, đường, suất, trời, nguồn, phố, điện áp, sử dụng, kích thước, sáng ngoài, nhôm, đi ốt phát",94054250,SP ĐÈN/THIẾT BỊ CHIẾU SÁNG,NC,Đèn điện LED khác — chiếu sáng công cộng,Đèn Pha LED,1
"đèn, led, chiếu sáng, công, đường, suất, trời, nguồn, phố, điện áp, sử dụng, kích thước, sáng ngoài, nhôm, đi ốt phát",94054250,SP ĐÈN/THIẾT BỊ CHIẾU SÁNG,NC,Đèn điện LED khác — chiếu sáng công cộng,Đèn Trang Trí LED,4
"đèn, led, chiếu sáng, công, đường, suất, trời, nguồn, phố, điện áp, sử dụng, kích thước, sáng ngoài, nhôm, đi ốt phát",94054250,SP ĐÈN/THIẾT BỊ CHIẾU SÁNG,NC,Đèn điện LED khác — chiếu sáng công cộng,Đèn LED công cộng,18
"đèn, led, chiếu sáng, công, đường, suất, trời, nguồn, phố, điện áp, sử dụng, kích thước, sáng ngoài, nhôm, đi ốt phát",94054250,SP ĐÈN/THIẾT BỊ CHIẾU SÁNG,NC,Đèn điện LED khác — chiếu sáng công cộng,Đèn năng lượng mặt trời,16
"đèn, led, chiếu sáng, công, đường, suất, trời, nguồn, phố, điện áp, sử dụng, kích thước, sáng ngoài, nhôm, đi ốt phát",94054250,SP ĐÈN/THIẾT BỊ CHIẾU SÁNG,NC,Đèn điện LED khác — chiếu sáng công cộng,Đèn Vườn LED,0
"đèn, led, chiếu sáng, công, đường, suất, trời, nguồn, phố, điện áp, sử dụng, kích thước, sáng ngoài, nhôm, đi ốt phát",94054250,SP ĐÈN/THIẾT BỊ CHIẾU SÁNG,NC,Đèn điện LED khác — chiếu sáng công cộng,Đèn giao thông,19
"đèn, led, chiếu sáng, công, đường, suất, trời, nguồn, phố, điện áp, sử dụng, kích thước, sáng ngoài, nhôm, đi ốt phát",94054250,SP ĐÈN/THIẾT BỊ CHIẾU SÁNG,NC,Đèn điện LED khác — chiếu sáng công cộng,Đèn Đường Philips,10
"đèn, led, chiếu sáng, công, đường, suất, trời, nguồn, phố, điện áp, sử dụng, kích thước, sáng ngoài, nhôm, đi ốt phát",94054250,SP ĐÈN/THIẾT BỊ CHIẾU SÁNG,NC,Đèn điện LED khác — chiếu sáng công cộng,Đèn Dây LED,2
"đèn, led, chiếu sáng, công, đường, suất, trời, nguồn, phố, điện áp, sử dụng, kích thước, sáng ngoài, nhôm, đi ốt phát",94054250,SP ĐÈN/THIẾT BỊ CHIẾU SÁNG,NC,Đèn điện LED khác — chiếu sáng công cộng,Đèn Máng LED,3
"đèn, led, chiếu sáng, công, đường, suất, trời, nguồn, phố, điện áp, sử dụng, kích thước, sáng ngoài, nhôm, đi ốt phát",94054250,SP ĐÈN/THIẾT BỊ CHIẾU SÁNG,NC,Đèn điện LED khác — chiếu sáng công cộng,Đèn Tín Hiệu LED,11
"đèn, led, chiếu sáng, công, đường, suất, trời, nguồn, phố, điện áp, sử dụng, kích thước, sáng ngoài, nhôm, đi ốt phát",94054250,SP ĐÈN/THIẾT BỊ CHIẾU SÁNG,NC,Đèn điện LED khác — chiếu sáng công cộng,Đèn Công Cổ LED,9
"đèn, led, chiếu sáng, công, đường, suất, trời, nguồn, phố, điện áp, sử dụng, kích thước, sáng ngoài, nhôm, đi ốt phát",94054250,SP ĐÈN/THIẾT BỊ CHIẾU SÁNG,LK,Đèn điện LED khác — chiếu sáng công cộng,Đèn LED,15
"đèn, led, chiếu sáng, công, đường, suất, trời, nguồn, phố, điện áp, sử dụng, kích thước, sáng ngoài, nhôm, đi ốt phát",94054250,SP ĐÈN/THIẾT BỊ CHIẾU SÁNG,NC,Đèn điện LED khác — chiếu sáng công cộng,Đèn đường,17
"đèn led, ngoài trời, chiếu sáng, điện áp, công suất, sân vườn, sáng sân, áp 220v, trang trí, sử dụng, nhãn hiệu, led chiếu, bộ đèn, sáng ngoài, quang điện",94054260,SP ĐÈN/THIẾT BỊ CHIẾU SÁNG,NC,Đèn điện LED khác — chiếu sáng ngoài trời,[OUTLIER] đèn led sáng,-1
"đèn led, ngoài trời, chiếu sáng, điện áp, công suất, sân vườn, sáng sân, áp 220v, trang trí, sử dụng, nhãn hiệu, led chiếu, bộ đèn, sáng ngoài, quang điện",94054260,SP ĐÈN/THIẾT BỊ CHIẾU SÁNG,LK,Đèn điện LED khác — chiếu sáng ngoài trời,Đèn LED đồng bộ tháo rời,0
"đèn led, ngoài trời, chiếu sáng, điện áp, công suất, sân vườn, sáng sân, trang trí, áp 220v, nhãn hiệu, sử dụng, led chiếu, bộ đèn, sáng ngoài, quang điện",94054260,SP ĐÈN/THIẾT BỊ CHIẾU SÁNG,NC,Đèn điện LED khác — chiếu sáng ngoài trời,Đèn chiếu sáng sân vườn liền chíp,4
"đèn led, ngoài trời, chiếu sáng, điện áp, công suất, sân vườn, sáng sân, áp 220v, trang trí, sử dụng, nhãn hiệu, led chiếu, bộ đèn, sáng ngoài, quang điện",94054260,SP ĐÈN/THIẾT BỊ CHIẾU SÁNG,NC,Đèn điện LED khác — chiếu sáng ngoài trời,Đèn LED sân vườn,23
"đèn led, ngoài trời, chiếu sáng, điện áp, công suất, sân vườn, sáng sân, áp 220v, trang trí, sử dụng, nhãn hiệu, led chiếu, bộ đèn, sáng ngoài, quang điện",94054260,SP ĐÈN/THIẾT BỊ CHIẾU SÁNG,NC,Đèn điện LED khác — chiếu sáng ngoài trời,Đèn LED chịu chuẩn bụi lực,8
"đèn led, ngoài trời, chiếu sáng, điện áp, công suất, sân vườn, sáng sân, áp 220v, trang trí, sử dụng, nhãn hiệu, led chiếu, bộ đèn, sáng ngoài, quang điện",94054260,SP ĐÈN/THIẾT BỊ CHIẾU SÁNG,NC,Đèn điện LED khác — chiếu sáng ngoài trời,Đèn LED ngoài trời thương hiệu Satco,52
"đèn led, ngoài trời, chiếu sáng, điện áp, công suất, sân vườn, sáng sân, áp 220v, trang trí, sử dụng, nhãn hiệu, led chiếu, bộ đèn, sáng ngoài, quang điện",94054260,SP ĐÈN/THIẾT BỊ CHIẾU SÁNG,NC,Đèn điện LED khác — chiếu sáng ngoài trời,Đèn LED chờ nguồn,24
"đèn led, ngoài trời, chiếu sáng, điện áp, công suất, sân vườn, sáng sân, áp 220v, trang trí, sử dụng, nhãn hiệu, led chiếu, bộ đèn, sáng ngoài, quang điện",94054260,SP ĐÈN/THIẾT BỊ CHIẾU SÁNG,NC,Đèn điện LED khác — chiếu sáng ngoài trời,Đèn LED âm sàn,29
"đèn led, ngoài trời, chiếu sáng, điện áp, công suất, sân vườn, sáng sân, áp 220v, trang trí, sử dụng, nhãn hiệu, led chiếu, bộ đèn, sáng ngoài, quang điện",94054260,SP ĐÈN/THIẾT BỊ CHIẾU SÁNG,NC,Đèn điện LED khác — chiếu sáng ngoài trời,Bộ đèn LED sân vườn,22
"đèn led, ngoài trời, chiếu sáng, điện áp, công suất, sân vườn, sáng sân, áp 220v, trang trí, sử dụng, nhãn hiệu, led chiếu, bộ đèn, sáng ngoài, quang điện",94054260,SP ĐÈN/THIẾT BỊ CHIẾU SÁNG,NC,Đèn điện LED khác — chiếu sáng ngoài trời,Đèn LED gắn tường,28
"đèn led, ngoài trời, chiếu sáng, điện áp, công suất, sân vườn, sáng sân, áp 220v, trang trí, sử dụng, nhãn hiệu, led chiếu, bộ đèn, sáng ngoài, quang điện",94054260,SP ĐÈN/THIẾT BỊ CHIẾU SÁNG,NC,Đèn điện LED khác — chiếu sáng ngoài trời,Đèn LED bể bơi,19
"đèn led, ngoài trời, chiếu sáng, điện áp, công suất, sân vườn, sáng sân, áp 220v, trang trí, sử dụng, nhãn hiệu, led chiếu, bộ đèn, sáng ngoài, quang điện",94054260,SP ĐÈN/THIẾT BỊ CHIẾU SÁNG,NC,Đèn điện LED khác — chiếu sáng ngoài trời,Đèn LED tường chiếu sáng ngoài trời,12
"đèn led, ngoài trời, chiếu sáng, điện áp, công suất, sân vườn, sáng sân, áp 220v, trang trí, sử dụng, nhãn hiệu, led chiếu, bộ đèn, sáng ngoài, quang điện",94054260,SP ĐÈN/THIẾT BỊ CHIẾU SÁNG,NC,Đèn điện LED khác — chiếu sáng ngoài trời,Đèn LED Lắp Ngoài Trời,37
"đèn led, ngoài trời, chiếu sáng, điện áp, công suất, sân vườn, sáng sân, áp 220v, trang trí, sử dụng, nhãn hiệu, led chiếu, bộ đèn, sáng ngoài, quang điện",94054260,SP ĐÈN/THIẾT BỊ CHIẾU SÁNG,NC,Đèn điện LED khác — chiếu sáng ngoài trời,Đèn LED Dây Ánh Tính,38
"đèn led, ngoài trời, chiếu sáng, điện áp, công suất, sân vườn, sáng sân, áp 220v, trang trí, sử dụng, nhãn hiệu, led chiếu, bộ đèn, sáng ngoài, quang điện",94054260,SP ĐÈN/THIẾT BỊ CHIẾU SÁNG,NC,Đèn điện LED khác — chiếu sáng ngoài trời,Dây đèn LED nhấp nháy,1
"đèn led, ngoài trời, chiếu sáng, điện áp, công suất, sân vườn, sáng sân, áp 220v, trang trí, sử dụng, nhãn hiệu, led chiếu, bộ đèn, sáng ngoài, quang điện",94054260,SP ĐÈN/THIẾT BỊ CHIẾU SÁNG,NC,Đèn điện LED khác — chiếu sáng ngoài trời,Đèn LED tòa nhà,26
"đèn led, ngoài trời, chiếu sáng, điện áp, công suất, sân vườn, sáng sân, áp 220v, trang trí, sử dụng, nhãn hiệu, led chiếu, bộ đèn, sáng ngoài, quang điện",94054260,SP ĐÈN/THIẾT BỊ CHIẾU SÁNG,NC,Đèn điện LED khác — chiếu sáng ngoài trời,Đèn LED Ngoài Trời,30
"đèn led, ngoài trời, chiếu sáng, điện áp, công suất, sân vườn, sáng sân, trang trí, áp 220v, nhãn hiệu, led chiếu, bộ đèn, sử dụng, quang điện, light",94054260,SP ĐÈN/THIẾT BỊ CHIẾU SÁNG,NC,Đèn điện LED khác — chiếu sáng ngoài trời,Đèn treo tường,50
"đèn led, ngoài trời, chiếu sáng, điện áp, công suất, sân vườn, sáng sân, áp 220v, trang trí, sử dụng, nhãn hiệu, led chiếu, bộ đèn, sáng ngoài, quang điện",94054260,SP ĐÈN/THIẾT BỊ CHIẾU SÁNG,NC,Đèn điện LED khác — chiếu sáng ngoài trời,Đèn LED Phát Quang,36
"đèn led, ngoài trời, chiếu sáng, điện áp, công suất, sân vườn, sáng sân, áp 220v, trang trí, sử dụng, nhãn hiệu, led chiếu, bộ đèn, sáng ngoài, quang điện",94054260,SP ĐÈN/THIẾT BỊ CHIẾU SÁNG,NC,Đèn điện LED khác — chiếu sáng ngoài trời,Bộ Đèn LED Tăng Phô,41
"đèn led, ngoài trời, chiếu sáng, điện áp, công suất, sân vườn, sáng sân, trang trí, áp 220v, nhãn hiệu, sử dụng, led chiếu, bộ đèn, sáng ngoài, quang điện",94054260,SP ĐÈN/THIẾT BỊ CHIẾU SÁNG,NC,Đèn điện LED khác — chiếu sáng ngoài trời,Đèn Chiếu Điểm Năng Lượng Mặt Trời,39
"đèn led, ngoài trời, chiếu sáng, điện áp, công suất, sân vườn, sáng sân, áp 220v, trang trí, sử dụng, nhãn hiệu, led chiếu, bộ đèn, sáng ngoài, quang điện",94054260,SP ĐÈN/THIẾT BỊ CHIẾU SÁNG,NC,Đèn điện LED khác — chiếu sáng ngoài trời,Đèn LED Tường Ngoài Trời,43
"đèn led, ngoài trời, chiếu sáng, điện áp, công suất, sân vườn, sáng sân, áp 220v, trang trí, sử dụng, nhãn hiệu, led chiếu, bộ đèn, sáng ngoài, quang điện",94054260,SP ĐÈN/THIẾT BỊ CHIẾU SÁNG,NC,Đèn điện LED khác — chiếu sáng ngoài trời,Dây đèn nháy dùng đi ốt LED,3
"đèn led, ngoài trời, chiếu sáng, điện áp, công suất, sân vườn, sáng sân, áp 220v, trang trí, sử dụng, nhãn hiệu, led chiếu, bộ đèn, sáng ngoài, quang điện",94054260,SP ĐÈN/THIẾT BỊ CHIẾU SÁNG,NC,Đèn điện LED khác — chiếu sáng ngoài trời,Bộ đèn LED dây sử dụng ngoài trời,7
"đèn led, ngoài trời, chiếu sáng, điện áp, công suất, sân vườn, sáng sân, áp 220v, trang trí, sử dụng, nhãn hiệu, led chiếu, bộ đèn, sáng ngoài, quang điện",94054260,SP ĐÈN/THIẾT BỊ CHIẾU SÁNG,NC,Đèn điện LED khác — chiếu sáng ngoài trời,Đèn LED đường phố,25
"đèn led, ngoài trời, chiếu sáng, điện áp, công suất, sân vườn, sáng sân, áp 220v, trang trí, sử dụng, nhãn hiệu, led chiếu, bộ đèn, sáng ngoài, quang điện",94054260,SP ĐÈN/THIẾT BỊ CHIẾU SÁNG,NC,Đèn điện LED khác — chiếu sáng ngoài trời,Đèn LED biển quảng cáo,20
"đèn led, ngoài trời, chiếu sáng, điện áp, công suất, sân vườn, sáng sân, áp 220v, trang trí, sử dụng, nhãn hiệu, led chiếu, bộ đèn, sáng ngoài, quang điện",94054260,SP ĐÈN/THIẾT BỊ CHIẾU SÁNG,NC,Đèn điện LED khác — chiếu sáng ngoài trời,Đèn LED sân vườn nhôm,21
"đèn led, ngoài trời, chiếu sáng, điện áp, công suất, sân vườn, sáng sân, áp 220v, trang trí, sử dụng, nhãn hiệu, led chiếu, bộ đèn, sáng ngoài, quang điện",94054260,SP ĐÈN/THIẾT BỊ CHIẾU SÁNG,NC,Đèn điện LED khác — chiếu sáng ngoài trời,Đèn LED Trang Trí,32
"đèn led, ngoài trời, chiếu sáng, điện áp, công suất, sân vườn, sáng sân, áp 220v, trang trí, sử dụng, nhãn hiệu, led chiếu, bộ đèn, sáng ngoài, quang điện",94054260,SP ĐÈN/THIẾT BỊ CHIẾU SÁNG,NC,Đèn điện LED khác — chiếu sáng ngoài trời,Đèn LED Âm Cầu Thang,33
"đèn led, ngoài trời, chiếu sáng, điện áp, công suất, sân vườn, sáng sân, áp 220v, trang trí, sử dụng, nhãn hiệu, led chiếu, bộ đèn, sáng ngoài, quang điện",94054260,SP ĐÈN/THIẾT BỊ CHIẾU SÁNG,NC,Đèn điện LED khác — chiếu sáng ngoài trời,Đèn LED dây thông minh,53
"đèn led, ngoài trời, chiếu sáng, điện áp, công suất, sân vườn, sáng sân, áp 220v, trang trí, sử dụng, nhãn hiệu, led chiếu, bộ đèn, sáng ngoài, quang điện",94054260,SP ĐÈN/THIẾT BỊ CHIẾU SÁNG,NC,Đèn điện LED khác — chiếu sáng ngoài trời,Đèn LED mỹ thuật,47
"đèn led, ngoài trời, chiếu sáng, điện áp, công suất, sân vườn, sáng sân, áp 220v, trang trí, sử dụng, nhãn hiệu, led chiếu, bộ đèn, sáng ngoài, quang điện",94054260,SP ĐÈN/THIẾT BỊ CHIẾU SÁNG,LK,Đèn điện LED khác — chiếu sáng ngoài trời,Đèn LED sân vườn nguyên khối,10
"đèn led, ngoài trời, chiếu sáng, điện áp, công suất, sân vườn, sáng sân, áp 220v, trang trí, sử dụng, nhãn hiệu, led chiếu, bộ đèn, sáng ngoài, quang điện",94054260,SP ĐÈN/THIẾT BỊ CHIẾU SÁNG,NC,Đèn điện LED khác — chiếu sáng ngoài trời,Đèn LED trang trí,17
"đèn led, ngoài trời, chiếu sáng, điện áp, công suất, sân vườn, sáng sân, áp 220v, trang trí, sử dụng, nhãn hiệu, led chiếu, bộ đèn, sáng ngoài, quang điện",94054260,SP ĐÈN/THIẾT BỊ CHIẾU SÁNG,NC,Đèn điện LED khác — chiếu sáng ngoài trời,Đèn LED dây trang trí kèm phụ kiện,9
"đèn led, ngoài trời, chiếu sáng, điện áp, công suất, sân vườn, sáng sân, áp 220v, trang trí, sử dụng, nhãn hiệu, led chiếu, bộ đèn, sáng ngoài, quang điện",94054260,SP ĐÈN/THIẾT BỊ CHIẾU SÁNG,NC,Đèn điện LED khác — chiếu sáng ngoài trời,"Đèn LED âm sàn, thanh, nước ngoài trời",14
"đèn led, ngoài trời, chiếu sáng, điện áp, công suất, sân vườn, sáng sân, áp 220v, trang trí, sử dụng, nhãn hiệu, led chiếu, bộ đèn, sáng ngoài, quang điện",94054260,SP ĐÈN/THIẾT BỊ CHIẾU SÁNG,NC,Đèn điện LED khác — chiếu sáng ngoài trời,Đèn LED công nghiệp,16
"đèn led, ngoài trời, chiếu sáng, điện áp, công suất, sân vườn, sáng sân, áp 220v, trang trí, sử dụng, nhãn hiệu, led chiếu, bộ đèn, sáng ngoài, quang điện",94054260,SP ĐÈN/THIẾT BỊ CHIẾU SÁNG,NC,Đèn điện LED khác — chiếu sáng ngoài trời,Đèn LED âm đất ngoài trời,2
"đèn led, ngoài trời, chiếu sáng, điện áp, công suất, sân vườn, sáng sân, áp 220v, trang trí, sử dụng, nhãn hiệu, led chiếu, bộ đèn, sáng ngoài, quang điện",94054260,SP ĐÈN/THIẾT BỊ CHIẾU SÁNG,NC,Đèn điện LED khác — chiếu sáng ngoài trời,Đèn LED phát quang,27
"đèn led, ngoài trời, chiếu sáng, điện áp, công suất, sân vườn, sáng sân, áp 220v, trang trí, sử dụng, nhãn hiệu, led chiếu, bộ đèn, sáng ngoài, quang điện",94054260,SP ĐÈN/THIẾT BỊ CHIẾU SÁNG,NC,Đèn điện LED khác — chiếu sáng ngoài trời,Đèn LED Công Nghiệp,44
"đèn led, ngoài trời, chiếu sáng, điện áp, công suất, sân vườn, sáng sân, áp 220v, trang trí, sử dụng, nhãn hiệu, led chiếu, bộ đèn, sáng ngoài, quang điện",94054260,SP ĐÈN/THIẾT BỊ CHIẾU SÁNG,NC,Đèn điện LED khác — chiếu sáng ngoài trời,Đèn LED chiếu hắt điểm,11
"đèn led, ngoài trời, chiếu sáng, điện áp, công suất, sân vườn, sáng sân, áp 220v, trang trí, sử dụng, nhãn hiệu, led chiếu, bộ đèn, sáng ngoài, quang điện",94054260,SP ĐÈN/THIẾT BỊ CHIẾU SÁNG,NC,Đèn điện LED khác — chiếu sáng ngoài trời,Đèn LED chiếu sáng,45
"đèn led, ngoài trời, chiếu sáng, điện áp, công suất, sân vườn, sáng sân, áp 220v, trang trí, sử dụng, nhãn hiệu, led chiếu, bộ đèn, sáng ngoài, quang điện",94054260,SP ĐÈN/THIẾT BỊ CHIẾU SÁNG,NC,Đèn điện LED khác — chiếu sáng ngoài trời,Đèn LED ngoài trời,51
"đèn led, ngoài trời, chiếu sáng, điện áp, công suất, sân vườn, sáng sân, trang trí, áp 220v, nhãn hiệu, sử dụng, led chiếu, bộ đèn, sáng ngoài, quang điện",94054260,SP ĐÈN/THIẾT BỊ CHIẾU SÁNG,NC,Đèn điện LED khác — chiếu sáng ngoài trời,Đèn sân vườn năng lượng mặt trời,6
"đèn led, ngoài trời, chiếu sáng, điện áp, công suất, sân vườn, sáng sân, áp 220v, trang trí, sử dụng, nhãn hiệu, led chiếu, bộ đèn, sáng ngoài, quang điện",94054260,SP ĐÈN/THIẾT BỊ CHIẾU SÁNG,NC,Đèn điện LED khác — chiếu sáng ngoài trời,Đèn LED cổng,18
"đèn led, ngoài trời, chiếu sáng, điện áp, công suất, sân vườn, sáng sân, trang trí, áp 220v, nhãn hiệu, sử dụng, led chiếu, bộ đèn, sáng ngoài, quang điện",94054260,SP ĐÈN/THIẾT BỊ CHIẾU SÁNG,NC,Đèn điện LED khác — chiếu sáng ngoài trời,Đèn Năng Lượng Mặt Trời,35
"đèn led, ngoài trời, chiếu sáng, điện áp, công suất, sân vườn, sáng sân, áp 220v, trang trí, sử dụng, nhãn hiệu, led chiếu, bộ đèn, sáng ngoài, quang điện",94054260,SP ĐÈN/THIẾT BỊ CHIẾU SÁNG,NC,Đèn điện LED khác — chiếu sáng ngoài trời,Đèn LED Bể Bơi,40
"đèn led, ngoài trời, chiếu sáng, điện áp, công suất, sân vườn, sáng sân, áp 220v, trang trí, sử dụng, nhãn hiệu, led chiếu, bộ đèn, sáng ngoài, quang điện",94054260,SP ĐÈN/THIẾT BỊ CHIẾU SÁNG,NC,Đèn điện LED khác — chiếu sáng ngoài trời,Đèn LED Dây Ánh Dương,42
"đèn led, ngoài trời, chiếu sáng, điện áp, công suất, sân vườn, sáng sân, áp 220v, trang trí, sử dụng, nhãn hiệu, led chiếu, bộ đèn, sáng ngoài, quang điện",94054260,SP ĐÈN/THIẾT BỊ CHIẾU SÁNG,NC,Đèn điện LED khác — chiếu sáng ngoài trời,Đèn LED dây chiếu sáng,5
"đèn led, ngoài trời, chiếu sáng, điện áp, công suất, sân vườn, sáng sân, áp 220v, trang trí, sử dụng, nhãn hiệu, led chiếu, bộ đèn, sáng ngoài, quang điện",94054260,SP ĐÈN/THIẾT BỊ CHIẾU SÁNG,NC,Đèn điện LED khác — chiếu sáng ngoài trời,Đèn LED có nguồn thả chìm,13
"đèn led, chiếu sáng, ngoài trời, điện áp, công suất, sân vườn, sáng sân, áp 220v, led chiếu, nhãn hiệu, bộ đèn, trang trí, sử dụng, light, sáng ngoài",94054260,SP ĐÈN/THIẾT BỊ CHIẾU SÁNG,NC,Đèn điện LED khác — chiếu sáng ngoài trời,Dải bóng LED,15
"đèn led, ngoài trời, chiếu sáng, điện áp, công suất, sân vườn, sáng sân, áp 220v, trang trí, sử dụng, nhãn hiệu, led chiếu, bộ đèn, sáng ngoài, quang điện",94054260,SP ĐÈN/THIẾT BỊ CHIẾU SÁNG,NC,Đèn điện LED khác — chiếu sáng ngoài trời,Đèn LED Dây,31
"đèn led, ngoài trời, chiếu sáng, điện áp, công suất, sân vườn, sáng sân, áp 220v, trang trí, sử dụng, nhãn hiệu, led chiếu, bộ đèn, sáng ngoài, quang điện",94054260,SP ĐÈN/THIẾT BỊ CHIẾU SÁNG,NC,Đèn điện LED khác — chiếu sáng ngoài trời,Đèn LED Ngoài Trời Công Suất,34
"đèn led, ngoài trời, chiếu sáng, điện áp, công suất, sân vườn, sáng sân, áp 220v, trang trí, sử dụng, nhãn hiệu, led chiếu, bộ đèn, sáng ngoài, quang điện",94054260,SP ĐÈN/THIẾT BỊ CHIẾU SÁNG,NC,Đèn điện LED khác — chiếu sáng ngoài trời,Đèn LED trang trí ngoài trời,49
"đèn led, ngoài trời, chiếu sáng, điện áp, công suất, sân vườn, sáng sân, áp 220v, trang trí, sử dụng, nhãn hiệu, led chiếu, bộ đèn, sáng ngoài, quang điện",94054260,SP ĐÈN/THIẾT BỊ CHIẾU SÁNG,NC,Đèn điện LED khác — chiếu sáng ngoài trời,Đèn LED lối đi,54
"đèn, led, điện áp, công suất, trang trí, sáng, dây, quang điện, đi ốt phát, ốt phát quang, sử dụng, nguồn, chiếu, bóng, áp 220v",94054290,SP ĐÈN/THIẾT BỊ CHIẾU SÁNG,NC,Đèn điện LED khác — loại khác,Đèn trang trí LED,1
"đèn, led, điện áp, công suất, sáng, trang trí, dây, quang điện, đi ốt phát, ốt phát quang, sử dụng, nguồn, nghiệp xm rbm, công nghiệp xm, chiếu",94054290,SP ĐÈN/THIẾT BỊ CHIẾU SÁNG,LK,Đèn điện LED khác — loại khác,[OUTLIER] đèn led sáng,-1
"đèn, led, điện áp, công suất, trang trí, sáng, dây, quang điện, đi ốt phát, ốt phát quang, sử dụng, nguồn, chiếu, bóng, áp 220v",94054290,SP ĐÈN/THIẾT BỊ CHIẾU SÁNG,NC,Đèn điện LED khác — loại khác,Đèn LED Đã Lắp Ráp,87
"đèn, led, điện áp, công suất, trang trí, dây, sáng, quang điện, đi ốt phát, ốt phát quang, sử dụng, nguồn, chiếu, bóng, áp 220v",94054290,SP ĐÈN/THIẾT BỊ CHIẾU SÁNG,NC,Đèn điện LED khác — loại khác,Dây đèn nháy bóng điốt cuộn,14
"đèn, led, điện áp, công suất, trang trí, dây, sáng, quang điện, đi ốt phát, ốt phát quang, sử dụng, nguồn, chiếu, bóng, áp 220v",94054290,SP ĐÈN/THIẾT BỊ CHIẾU SÁNG,NC,Đèn điện LED khác — loại khác,Đèn lồng trang trí,18
"đèn, led, điện áp, công suất, sáng, trang trí, dây, quang điện, đi ốt phát, ốt phát quang, sử dụng, nguồn, nghiệp xm rbm, công nghiệp xm, chiếu",94054290,SP ĐÈN/THIẾT BỊ CHIẾU SÁNG,NC,Đèn điện LED khác — loại khác,Dây đèn LED chiếu sáng,4
"đèn, led, điện áp, công suất, trang trí, sáng, dây, quang điện, đi ốt phát, ốt phát quang, sử dụng, nguồn, chiếu, bóng, áp 220v",94054290,SP ĐÈN/THIẾT BỊ CHIẾU SÁNG,NC,Đèn điện LED khác — loại khác,Đèn Led ngoài trời,26
"đèn, led, điện áp, công suất, trang trí, sáng, dây, quang điện, đi ốt phát, ốt phát quang, sử dụng, nguồn, chiếu, bóng, áp 220v",94054290,SP ĐÈN/THIẾT BỊ CHIẾU SÁNG,NC,Đèn điện LED khác — loại khác,Đèn LED dây Led Italy,10
"đèn, led, điện áp, công suất, trang trí, dây, sáng, quang điện, đi ốt phát, ốt phát quang, sử dụng, nguồn, chiếu, bóng, áp 220v",94054290,SP ĐÈN/THIẾT BỊ CHIẾU SÁNG,NC,Đèn điện LED khác — loại khác,Dây đèn nháy bóng điốt,9
"đèn, led, điện áp, công suất, sáng, trang trí, dây, quang điện, đi ốt phát, ốt phát quang, sử dụng, nguồn, nghiệp xm rbm, công nghiệp xm, chiếu",94054290,SP ĐÈN/THIẾT BỊ CHIẾU SÁNG,NC,Đèn điện LED khác — loại khác,Đèn LED chiếu sáng,95
"đèn, led, điện áp, công suất, trang trí, sáng, dây, quang điện, đi ốt phát, ốt phát quang, sử dụng, nguồn, chiếu, bóng, áp 220v",94054290,SP ĐÈN/THIẾT BỊ CHIẾU SÁNG,LK,Đèn điện LED khác — loại khác,Đèn LED Trên Khung Thép,47
"đèn, led, điện áp, công suất, sáng, quang điện, đi ốt phát, ốt phát quang, dây, sử dụng, trang trí, nghiệp xm rbm, công nghiệp xm, chiếu, nguồn",94054290,SP ĐÈN/THIẾT BỊ CHIẾU SÁNG,NC,Đèn điện LED khác — loại khác,Đèn chiếu sáng,104
"đèn, led, điện áp, công suất, trang trí, sáng, dây, quang điện, đi ốt phát, ốt phát quang, sử dụng, nguồn, chiếu, bóng, áp 220v",94054290,SP ĐÈN/THIẾT BỊ CHIẾU SÁNG,NC,Đèn điện LED khác — loại khác,Đèn LED trang trí,105
"đèn, led, điện áp, công suất, trang trí, sáng, dây, quang điện, đi ốt phát, ốt phát quang, sử dụng, nguồn, chiếu, bóng, áp 220v",94054290,SP ĐÈN/THIẾT BỊ CHIẾU SÁNG,NC,Đèn điện LED khác — loại khác,Đèn LED High Bay,98
"đèn, led, điện áp, công suất, sáng, quang điện, đi ốt phát, ốt phát quang, dây, trang trí, sử dụng, chiếu, dụng nguồn, bóng, nhãn hiệu",94054290,SP ĐÈN/THIẾT BỊ CHIẾU SÁNG,NC,Đèn điện LED khác — loại khác,Đèn lồng sân vườn,27
"đèn, led, điện áp, công suất, trang trí, sáng, dây, quang điện, đi ốt phát, ốt phát quang, sử dụng, nguồn, chiếu, bóng, áp 220v",94054290,SP ĐÈN/THIẾT BỊ CHIẾU SÁNG,NC,Đèn điện LED khác — loại khác,Đèn LED Dây Cuộn,79
"đèn led, điện áp, sáng, dây, trang trí, công suất, quang điện, nguồn, đi ốt phát, ốt phát quang, nghiệp xm rbm, công nghiệp xm, chiếu, sử dụng, led trang",94054290,SP ĐÈN/THIẾT BỊ CHIẾU SÁNG,LK,Đèn điện LED khác — loại khác,Nguồn sáng LED,93
"đèn, led, điện áp, công suất, trang trí, sáng, dây, quang điện, đi ốt phát, ốt phát quang, sử dụng, nguồn, chiếu, bóng, áp 220v",94054290,SP ĐÈN/THIẾT BỊ CHIẾU SÁNG,NC,Đèn điện LED khác — loại khác,Đèn Led nhà xưởng,24
"đèn, led, điện áp, công suất, trang trí, sáng, dây, quang điện, đi ốt phát, ốt phát quang, sử dụng, nguồn, chiếu, bóng, áp 220v",94054290,SP ĐÈN/THIẾT BỊ CHIẾU SÁNG,NC,Đèn điện LED khác — loại khác,Bộ Đèn LED Đĩa,48
"đèn, led, điện áp, công suất, sáng, trang trí, dây, quang điện, đi ốt phát, ốt phát quang, sử dụng, nguồn, nghiệp xm rbm, công nghiệp xm, chiếu",94054290,SP ĐÈN/THIẾT BỊ CHIẾU SÁNG,NC,Đèn điện LED khác — loại khác,Đèn LED Công Nghiệp,52
"đèn, led, điện áp, công suất, trang trí, sáng, dây, quang điện, đi ốt phát, ốt phát quang, sử dụng, nguồn, chiếu, bóng, áp 220v",94054290,SP ĐÈN/THIẾT BỊ CHIẾU SÁNG,NC,Đèn điện LED khác — loại khác,Đèn LED Dây,53
"đèn, led, điện áp, công suất, trang trí, sáng, dây, quang điện, đi ốt phát, ốt phát quang, sử dụng, nguồn, chiếu, bóng, áp 220v",94054290,SP ĐÈN/THIẾT BỊ CHIẾU SÁNG,NC,Đèn điện LED khác — loại khác,Bộ Đèn LED Dây,56
"đèn, led, điện áp, công suất, trang trí, sáng, dây, quang điện, đi ốt phát, ốt phát quang, sử dụng, nguồn, chiếu, bóng, áp 220v",94054290,SP ĐÈN/THIẾT BỊ CHIẾU SÁNG,NC,Đèn điện LED khác — loại khác,Đèn LED nhà tắm,99
"đèn, led, điện áp, công suất, sáng, trang trí, dây, quang điện, đi ốt phát, ốt phát quang, sử dụng, nguồn, nghiệp xm rbm, công nghiệp xm, chiếu",94054290,SP ĐÈN/THIẾT BỊ CHIẾU SÁNG,NC,Đèn điện LED khác — loại khác,Đèn Led kiểm tra điện thoại,29
"đèn, led, điện áp, công suất, trang trí, sáng, dây, quang điện, đi ốt phát, ốt phát quang, sử dụng, nguồn, chiếu, bóng, áp 220v",94054290,SP ĐÈN/THIẾT BỊ CHIẾU SÁNG,NC,Đèn điện LED khác — loại khác,Đèn Led module chữ nổi,21
"đèn, led, điện áp, công suất, sáng, quang điện, đi ốt phát, ốt phát quang, dây, sử dụng, trang trí, chiếu, dụng nguồn, bóng, kích thước",94054290,SP ĐÈN/THIẾT BỊ CHIẾU SÁNG,NC,Đèn điện LED khác — loại khác,Đèn UV chiếu tia,16
"đèn, led, điện áp, công suất, trang trí, sáng, dây, quang điện, đi ốt phát, ốt phát quang, sử dụng, nguồn, chiếu, bóng, áp 220v",94054290,SP ĐÈN/THIẾT BỊ CHIẾU SÁNG,NC,Đèn điện LED khác — loại khác,Đèn LED hoàn thiện,31
"đèn, led, điện áp, công suất, trang trí, sáng, dây, quang điện, đi ốt phát, ốt phát quang, sử dụng, nguồn, chiếu, bóng, áp 220v",94054290,SP ĐÈN/THIẾT BỊ CHIẾU SÁNG,NC,Đèn điện LED khác — loại khác,Đèn LED dạng dây,8
"đèn led, điện áp, trang trí, công suất, dây, sáng, quang điện, chiếu, led trang, nguồn, bóng, phát quang, đi ốt phát, nhãn hiệu, sử dụng",94054290,SP ĐÈN/THIẾT BỊ CHIẾU SÁNG,NC,Đèn điện LED khác — loại khác,Nến sáp LED,103
"đèn, led, điện áp, công suất, trang trí, sáng, dây, quang điện, đi ốt phát, ốt phát quang, sử dụng, nguồn, chiếu, bóng, áp 220v",94054290,SP ĐÈN/THIẾT BỊ CHIẾU SÁNG,NC,Đèn điện LED khác — loại khác,Đèn LED Dây Trang Trí,54
"đèn, led, điện áp, công suất, trang trí, sáng, dây, quang điện, đi ốt phát, ốt phát quang, sử dụng, nguồn, chiếu, bóng, áp 220v",94054290,SP ĐÈN/THIẾT BỊ CHIẾU SÁNG,NC,Đèn điện LED khác — loại khác,Đèn LED bóng tròn,101
"đèn, led, điện áp, công suất, trang trí, sáng, dây, quang điện, đi ốt phát, ốt phát quang, sử dụng, nguồn, chiếu, bóng, áp 220v",94054290,SP ĐÈN/THIẾT BỊ CHIẾU SÁNG,NC,Đèn điện LED khác — loại khác,Dải đèn LED silicon,32
"đèn, led, điện áp, công suất, sáng, quang điện, đi ốt phát, ốt phát quang, sử dụng, dây, trang trí, chiếu, dụng nguồn, bóng, nhãn hiệu",94054290,SP ĐÈN/THIẾT BỊ CHIẾU SÁNG,NC,Đèn điện LED khác — loại khác,Đèn lồng nhấp nháy,30
"đèn, led, điện áp, công suất, trang trí, sáng, dây, quang điện, đi ốt phát, ốt phát quang, sử dụng, nguồn, chiếu, bóng, áp 220v",94054290,SP ĐÈN/THIẾT BỊ CHIẾU SÁNG,NC,Đèn điện LED khác — loại khác,Đèn LED Bể Cá,57
"đèn, led, điện áp, công suất, trang trí, dây, sáng, quang điện, đi ốt phát, ốt phát quang, sử dụng, nguồn, chiếu, bóng, áp 220v",94054290,SP ĐÈN/THIẾT BỊ CHIẾU SÁNG,LK,Đèn điện LED khác — loại khác,Đèn Trang Trí Hình Lò Sưởi,86
"đèn, led, điện áp, công suất, trang trí, sáng, dây, quang điện, đi ốt phát, ốt phát quang, sử dụng, nguồn, chiếu, bóng, áp 220v",94054290,SP ĐÈN/THIẾT BỊ CHIẾU SÁNG,NC,Đèn điện LED khác — loại khác,Đèn LED kính lúp,39
"đèn, led, điện áp, công suất, trang trí, dây, sáng, quang điện, đi ốt phát, ốt phát quang, sử dụng, nguồn, chiếu, bóng, áp 220v",94054290,SP ĐÈN/THIẾT BỊ CHIẾU SÁNG,NC,Đèn điện LED khác — loại khác,Bóng Đèn Trang Trí,74
"đèn, led, điện áp, công suất, sáng, quang điện, dây, trang trí, đi ốt phát, ốt phát quang, sử dụng, nghiệp xm rbm, công nghiệp xm, chiếu, nguồn",94054290,SP ĐÈN/THIẾT BỊ CHIẾU SÁNG,NC,Đèn điện LED khác — loại khác,Đèn báo sáng tủ điện,13
"đèn, led, điện áp, công suất, trang trí, sáng, dây, quang điện, đi ốt phát, ốt phát quang, sử dụng, nguồn, chiếu, bóng, áp 220v",94054290,SP ĐÈN/THIẾT BỊ CHIẾU SÁNG,NC,Đèn điện LED khác — loại khác,Đèn LED Trí Não,50
"đèn, led, điện áp, công suất, trang trí, sáng, dây, quang điện, đi ốt phát, ốt phát quang, sử dụng, nguồn, chiếu, bóng, áp 220v",94054290,SP ĐÈN/THIẾT BỊ CHIẾU SÁNG,NC,Đèn điện LED khác — loại khác,Đèn LED giả nến,0
"đèn, led, điện áp, công suất, trang trí, sáng, dây, quang điện, đi ốt phát, ốt phát quang, sử dụng, nguồn, chiếu, bóng, áp 220v",94054290,SP ĐÈN/THIẾT BỊ CHIẾU SÁNG,NC,Đèn điện LED khác — loại khác,Đèn LED ốp trần,94
"đèn, led, điện áp, công suất, trang trí, sáng, dây, quang điện, đi ốt phát, ốt phát quang, sử dụng, nguồn, chiếu, bóng, áp 220v",94054290,SP ĐÈN/THIẾT BỊ CHIẾU SÁNG,NC,Đèn điện LED khác — loại khác,Đèn LED vòm,110
"đèn, led, điện áp, công suất, trang trí, sáng, dây, quang điện, đi ốt phát, ốt phát quang, sử dụng, nguồn, chiếu, bóng, áp 220v",94054290,SP ĐÈN/THIẾT BỊ CHIẾU SÁNG,NC,Đèn điện LED khác — loại khác,Đèn Led trang trí ghế,17
"đèn, led, điện áp, công suất, trang trí, sáng, dây, quang điện, đi ốt phát, ốt phát quang, sử dụng, nguồn, chiếu, bóng, áp 220v",94054290,SP ĐÈN/THIẾT BỊ CHIẾU SÁNG,NC,Đèn điện LED khác — loại khác,Dây đèn nháy Led,28
"đèn, led, điện áp, công suất, sáng, quang điện, đi ốt phát, ốt phát quang, dây, sử dụng, trang trí, nghiệp xm rbm, công nghiệp xm, chiếu, nguồn",94054290,SP ĐÈN/THIẾT BỊ CHIẾU SÁNG,NC,Đèn điện LED khác — loại khác,Đèn hiển thị phát sáng,38
"đèn, led, điện áp, công suất, trang trí, sáng, dây, quang điện, đi ốt phát, ốt phát quang, sử dụng, nguồn, chiếu, bóng, áp 220v",94054290,SP ĐÈN/THIẾT BỊ CHIẾU SÁNG,NC,Đèn điện LED khác — loại khác,Đèn LED Dây Chuyền,66
"đèn, led, điện áp, công suất, trang trí, sáng, dây, quang điện, đi ốt phát, ốt phát quang, sử dụng, nguồn, chiếu, bóng, áp 220v",94054290,SP ĐÈN/THIẾT BỊ CHIẾU SÁNG,NC,Đèn điện LED khác — loại khác,Đèn LED Trang Trí Dạng Tròn,82
"đèn, led, điện áp, công suất, trang trí, sáng, dây, quang điện, đi ốt phát, ốt phát quang, sử dụng, nguồn, chiếu, bóng, áp 220v",94054290,SP ĐÈN/THIẾT BỊ CHIẾU SÁNG,NC,Đèn điện LED khác — loại khác,Đèn LED,90
"đèn, led, điện áp, công suất, sáng, quang điện, đi ốt phát, ốt phát quang, sử dụng, dây, trang trí, chiếu, dụng nguồn, bóng, nhãn hiệu",94054290,SP ĐÈN/THIẾT BỊ CHIẾU SÁNG,NC,Đèn điện LED khác — loại khác,Đèn ngủ cảm quang,109
"đèn, led, điện áp, công suất, sáng, trang trí, dây, quang điện, đi ốt phát, ốt phát quang, sử dụng, nguồn, nghiệp xm rbm, công nghiệp xm, chiếu",94054290,SP ĐÈN/THIẾT BỊ CHIẾU SÁNG,NC,Đèn điện LED khác — loại khác,Đèn LED trong sạc điện thoại,2
"đèn, led, điện áp, công suất, trang trí, sáng, dây, quang điện, đi ốt phát, ốt phát quang, sử dụng, nguồn, chiếu, bóng, áp 220v",94054290,SP ĐÈN/THIẾT BỊ CHIẾU SÁNG,NC,Đèn điện LED khác — loại khác,Dải đèn LED hiệu ứng,12
"đèn, led, điện áp, công suất, trang trí, dây, sáng, quang điện, đi ốt phát, ốt phát quang, sử dụng, nguồn, chiếu, bóng, áp 220v",94054290,SP ĐÈN/THIẾT BỊ CHIẾU SÁNG,NC,Đèn điện LED khác — loại khác,Đèn Nháy Trang Trí,49
"đèn, led, điện áp, công suất, trang trí, sáng, dây, quang điện, đi ốt phát, ốt phát quang, sử dụng, nguồn, chiếu, bóng, áp 220v",94054290,SP ĐÈN/THIẾT BỊ CHIẾU SÁNG,LK,Đèn điện LED khác — loại khác,Mô Đun Mạch Đèn LED,61
"đèn, led, điện áp, công suất, trang trí, sáng, dây, quang điện, đi ốt phát, ốt phát quang, sử dụng, nguồn, chiếu, bóng, áp 220v",94054290,SP ĐÈN/THIẾT BỊ CHIẾU SÁNG,LK,Đèn điện LED khác — loại khác,Đèn LED tủ mát,20
"đèn, led, điện áp, công suất, trang trí, sáng, dây, quang điện, đi ốt phát, ốt phát quang, sử dụng, nguồn, chiếu, bóng, áp 220v",94054290,SP ĐÈN/THIẾT BỊ CHIẾU SÁNG,NC,Đèn điện LED khác — loại khác,Đèn Led sửa chữa,25
"đèn, led, điện áp, công suất, trang trí, sáng, dây, quang điện, đi ốt phát, ốt phát quang, sử dụng, nguồn, chiếu, bóng, áp 220v",94054290,SP ĐÈN/THIẾT BỊ CHIẾU SÁNG,NC,Đèn điện LED khác — loại khác,Đèn LED quạt trần,33
"đèn, led, điện áp, công suất, trang trí, sáng, dây, quang điện, đi ốt phát, ốt phát quang, sử dụng, nguồn, chiếu, bóng, áp 220v",94054290,SP ĐÈN/THIẾT BỊ CHIẾU SÁNG,NC,Đèn điện LED khác — loại khác,Đèn LED Báo Hiệu,68
"đèn, led, điện áp, công suất, trang trí, sáng, dây, quang điện, đi ốt phát, ốt phát quang, sử dụng, nguồn, chiếu, bóng, áp 220v",94054290,SP ĐÈN/THIẾT BỊ CHIẾU SÁNG,NC,Đèn điện LED khác — loại khác,Dây Đèn LED Cắt Đoạn,73
"đèn, led, điện áp, công suất, trang trí, sáng, dây, quang điện, đi ốt phát, ốt phát quang, sử dụng, nguồn, chiếu, bóng, áp 220v",94054290,SP ĐÈN/THIẾT BỊ CHIẾU SÁNG,NC,Đèn điện LED khác — loại khác,Đèn LED chân xoay,96
"đèn, led, điện áp, công suất, sáng, trang trí, dây, quang điện, đi ốt phát, ốt phát quang, sử dụng, nguồn, nghiệp xm rbm, công nghiệp xm, chiếu",94054290,SP ĐÈN/THIẾT BỊ CHIẾU SÁNG,LK,Đèn điện LED khác — loại khác,Đèn LED công nghiệp,107
"đèn, led, điện áp, công suất, sáng, quang điện, đi ốt phát, ốt phát quang, sử dụng, dây, trang trí, chiếu, dụng nguồn, bóng, nhãn hiệu",94054290,SP ĐÈN/THIẾT BỊ CHIẾU SÁNG,NC,Đèn điện LED khác — loại khác,Bộ đèn đọc sách,40
"đèn, led, điện áp, công suất, trang trí, sáng, dây, quang điện, đi ốt phát, ốt phát quang, sử dụng, nguồn, chiếu, bóng, áp 220v",94054290,SP ĐÈN/THIẾT BỊ CHIẾU SÁNG,NC,Đèn điện LED khác — loại khác,Đèn LED Tủ Lạnh,58
"đèn, led, điện áp, công suất, trang trí, sáng, dây, quang điện, đi ốt phát, ốt phát quang, sử dụng, nguồn, chiếu, bóng, áp 220v",94054290,SP ĐÈN/THIẾT BỊ CHIẾU SÁNG,NC,Đèn điện LED khác — loại khác,Dây Đèn LED Giường Tủ,59
"đèn led, điện áp, trang trí, dây, sáng, quang điện, công suất, đi ốt phát, ốt phát quang, sử dụng, nguồn, chiếu, led trang, bóng, nhãn hiệu",94054290,SP ĐÈN/THIẾT BỊ CHIẾU SÁNG,NC,Đèn điện LED khác — loại khác,Điốt Phát Quang LED,67
"đèn, led, điện áp, công suất, trang trí, sáng, dây, quang điện, đi ốt phát, ốt phát quang, sử dụng, nguồn, chiếu, bóng, áp 220v",94054290,SP ĐÈN/THIẾT BỊ CHIẾU SÁNG,NC,Đèn điện LED khác — loại khác,Đèn LED Chống Thấm,77
"đèn, led, điện áp, công suất, trang trí, sáng, dây, quang điện, đi ốt phát, ốt phát quang, sử dụng, nguồn, chiếu, bóng, áp 220v",94054290,SP ĐÈN/THIẾT BỊ CHIẾU SÁNG,NC,Đèn điện LED khác — loại khác,Đèn LED treo màn hình,106
"đèn, led, điện áp, công suất, trang trí, sáng, dây, quang điện, đi ốt phát, ốt phát quang, sử dụng, nguồn, chiếu, bóng, áp 220v",94054290,SP ĐÈN/THIẾT BỊ CHIẾU SÁNG,NC,Đèn điện LED khác — loại khác,Đèn LED dây cho gương kính,11
"đèn, led, điện áp, công suất, sáng, quang điện, đi ốt phát, ốt phát quang, sử dụng, dây, trang trí, chiếu, dụng nguồn, bóng, nhãn hiệu",94054290,SP ĐÈN/THIẾT BỊ CHIẾU SÁNG,NC,Đèn điện LED khác — loại khác,Đèn thoát hiểm,22
"đèn, led, điện áp, công suất, trang trí, sáng, dây, quang điện, đi ốt phát, ốt phát quang, sử dụng, nguồn, chiếu, bóng, áp 220v",94054290,SP ĐÈN/THIẾT BỊ CHIẾU SÁNG,NC,Đèn điện LED khác — loại khác,Dải đèn LED trang trí nội thất,41
"đèn, led, điện áp, công suất, trang trí, sáng, dây, quang điện, đi ốt phát, ốt phát quang, sử dụng, nguồn, chiếu, bóng, áp 220v",94054290,SP ĐÈN/THIẾT BỊ CHIẾU SÁNG,LK,Đèn điện LED khác — loại khác,Dải Đèn LED SMD,46
"đèn, led, điện áp, công suất, sáng, quang điện, đi ốt phát, ốt phát quang, sử dụng, dây, trang trí, chiếu, dụng nguồn, bóng, nhãn hiệu",94054290,SP ĐÈN/THIẾT BỊ CHIẾU SÁNG,NC,Đèn điện LED khác — loại khác,Linh Kiện Đèn Lồng,65
"đèn, led, điện áp, công suất, trang trí, sáng, dây, quang điện, đi ốt phát, ốt phát quang, sử dụng, nguồn, chiếu, bóng, áp 220v",94054290,SP ĐÈN/THIẾT BỊ CHIẾU SÁNG,LK,Đèn điện LED khác — loại khác,Đèn LED Rót Sữa,70
"đèn, led, điện áp, công suất, trang trí, sáng, dây, quang điện, đi ốt phát, ốt phát quang, sử dụng, nguồn, chiếu, bóng, áp 220v",94054290,SP ĐÈN/THIẾT BỊ CHIẾU SÁNG,NC,Đèn điện LED khác — loại khác,Đèn LED Lắp Riêng,78
"đèn, led, điện áp, công suất, trang trí, sáng, dây, quang điện, đi ốt phát, ốt phát quang, sử dụng, nguồn, chiếu, bóng, áp 220v",94054290,SP ĐÈN/THIẾT BỊ CHIẾU SÁNG,NC,Đèn điện LED khác — loại khác,Đèn LED Tạo Hiệu Ứng,81
"đèn, led, điện áp, công suất, sáng, quang điện, đi ốt phát, ốt phát quang, dây, trang trí, sử dụng, chiếu, dụng nguồn, bóng, nhãn hiệu",94054290,SP ĐÈN/THIẾT BỊ CHIẾU SÁNG,NC,Đèn điện LED khác — loại khác,Đèn sân khấu,92
"đèn, led, điện áp, công suất, trang trí, sáng, dây, quang điện, đi ốt phát, ốt phát quang, sử dụng, nguồn, chiếu, bóng, áp 220v",94054290,SP ĐÈN/THIẾT BỊ CHIẾU SÁNG,NC,Đèn điện LED khác — loại khác,Đèn LED trang trí không hiệu,112
"đèn, led, điện áp, công suất, trang trí, sáng, dây, quang điện, đi ốt phát, ốt phát quang, sử dụng, nguồn, chiếu, bóng, áp 220v",94054290,SP ĐÈN/THIẾT BỊ CHIẾU SÁNG,NC,Đèn điện LED khác — loại khác,Đèn LED thanh nhôm ốp trần,35
"đèn, led, điện áp, công suất, trang trí, sáng, dây, quang điện, đi ốt phát, ốt phát quang, sử dụng, nguồn, chiếu, bóng, áp 220v",94054290,SP ĐÈN/THIẾT BỊ CHIẾU SÁNG,LK,Đèn điện LED khác — loại khác,Đèn LED cảm biến,37
"đèn, led, điện áp, công suất, sáng, trang trí, dây, quang điện, đi ốt phát, ốt phát quang, sử dụng, nguồn, nghiệp xm rbm, công nghiệp xm, chiếu",94054290,SP ĐÈN/THIẾT BỊ CHIẾU SÁNG,NC,Đèn điện LED khác — loại khác,Đèn LED Cấp Ánh Sáng,45
"đèn, led, điện áp, công suất, trang trí, sáng, dây, quang điện, đi ốt phát, ốt phát quang, sử dụng, nguồn, chiếu, bóng, áp 220v",94054290,SP ĐÈN/THIẾT BỊ CHIẾU SÁNG,NC,Đèn điện LED khác — loại khác,Đèn LED Không Dây,85
"đèn led, điện áp, trang trí, công suất, dây, sáng, quang điện, chiếu, led trang, nguồn, bóng, phát quang, đi ốt phát, nhãn hiệu, sử dụng",94054290,SP ĐÈN/THIẾT BỊ CHIẾU SÁNG,NC,Đèn điện LED khác — loại khác,Tấm bảng LED bằng nhôm,42
"đèn, led, điện áp, công suất, sáng, quang điện, đi ốt phát, ốt phát quang, sử dụng, dây, trang trí, chiếu, dụng nguồn, bóng, nhãn hiệu",94054290,SP ĐÈN/THIẾT BỊ CHIẾU SÁNG,NC,Đèn điện LED khác — loại khác,Đèn đi-ốt phát quang ghế sofa,43
"đèn, led, điện áp, công suất, sáng, quang điện, đi ốt phát, ốt phát quang, dây, sử dụng, trang trí, chiếu, dụng nguồn, bóng, kích thước",94054290,SP ĐÈN/THIẾT BỊ CHIẾU SÁNG,NC,Đèn điện LED khác — loại khác,Đèn Chiếu Logo,64
"đèn, led, điện áp, công suất, trang trí, sáng, dây, quang điện, đi ốt phát, ốt phát quang, sử dụng, nguồn, chiếu, bóng, áp 220v",94054290,SP ĐÈN/THIẾT BỊ CHIẾU SÁNG,NC,Đèn điện LED khác — loại khác,Đèn LED USB,71
"đèn, led, điện áp, công suất, trang trí, sáng, dây, quang điện, đi ốt phát, ốt phát quang, sử dụng, nguồn, chiếu, bóng, áp 220v",94054290,SP ĐÈN/THIẾT BỊ CHIẾU SÁNG,NC,Đèn điện LED khác — loại khác,Đèn Bàn LED,72
"đèn, led, điện áp, công suất, sáng, trang trí, dây, quang điện, đi ốt phát, ốt phát quang, sử dụng, nguồn, nghiệp xm rbm, công nghiệp xm, chiếu",94054290,SP ĐÈN/THIẾT BỊ CHIẾU SÁNG,NC,Đèn điện LED khác — loại khác,Đèn LED Công Nghiệp Móc,84
"đèn, led, điện áp, công suất, trang trí, sáng, dây, quang điện, đi ốt phát, ốt phát quang, sử dụng, nguồn, chiếu, bóng, áp 220v",94054290,SP ĐÈN/THIẾT BỊ CHIẾU SÁNG,NC,Đèn điện LED khác — loại khác,Đèn LED Dây Ánh Trời,89
"đèn led, điện áp, trang trí, công suất, dây, sáng, quang điện, chiếu, led trang, nguồn, bóng, phát quang, đi ốt phát, nhãn hiệu, sử dụng",94054290,SP ĐÈN/THIẾT BỊ CHIẾU SÁNG,NC,Đèn điện LED khác — loại khác,Nến LED,97
"đèn, led, điện áp, công suất, trang trí, sáng, dây, quang điện, đi ốt phát, ốt phát quang, sử dụng, nguồn, chiếu, bóng, áp 220v",94054290,SP ĐÈN/THIẾT BỊ CHIẾU SÁNG,LK,Đèn điện LED khác — loại khác,Đèn LED không phát quang,3
"đèn, led, điện áp, công suất, trang trí, sáng, dây, quang điện, đi ốt phát, ốt phát quang, sử dụng, nguồn, chiếu, bóng, áp 220v",94054290,SP ĐÈN/THIẾT BỊ CHIẾU SÁNG,NC,Đèn điện LED khác — loại khác,Dây đèn LED gắn vào ghế,5
"đèn, led, điện áp, công suất, trang trí, dây, sáng, quang điện, đi ốt phát, ốt phát quang, sử dụng, nguồn, chiếu, bóng, áp 220v",94054290,SP ĐÈN/THIẾT BỊ CHIẾU SÁNG,NC,Đèn điện LED khác — loại khác,Dây đèn nháy hình băng pháo,6
"đèn, led, điện áp, công suất, trang trí, sáng, dây, quang điện, đi ốt phát, ốt phát quang, sử dụng, nguồn, chiếu, bóng, áp 220v",94054290,SP ĐÈN/THIẾT BỊ CHIẾU SÁNG,NC,Đèn điện LED khác — loại khác,Đèn Led tự động hóa,15
"đèn, led, điện áp, công suất, trang trí, sáng, dây, quang điện, đi ốt phát, ốt phát quang, sử dụng, nguồn, chiếu, bóng, áp 220v",94054290,SP ĐÈN/THIẾT BỊ CHIẾU SÁNG,NC,Đèn điện LED khác — loại khác,Dây đèn Led Neon,19
"đèn, led, điện áp, công suất, trang trí, sáng, dây, quang điện, đi ốt phát, ốt phát quang, sử dụng, nguồn, chiếu, bóng, áp 220v",94054290,SP ĐÈN/THIẾT BỊ CHIẾU SÁNG,NC,Đèn điện LED khác — loại khác,Đèn LED thanh tỏa,34
"đèn, led, điện áp, công suất, trang trí, sáng, dây, quang điện, đi ốt phát, ốt phát quang, sử dụng, nguồn, chiếu, bóng, áp 220v",94054290,SP ĐÈN/THIẾT BỊ CHIẾU SÁNG,LK,Đèn điện LED khác — loại khác,Đèn LED phụ tùng camera,44
"đèn, led, điện áp, công suất, sáng, quang điện, đi ốt phát, ốt phát quang, dây, trang trí, sử dụng, chiếu, dụng nguồn, bóng, nhãn hiệu",94054290,SP ĐÈN/THIẾT BỊ CHIẾU SÁNG,LK,Đèn điện LED khác — loại khác,Đèn Cảnh Báo Cao Thế,51
"đèn, led, điện áp, công suất, trang trí, sáng, dây, quang điện, đi ốt phát, ốt phát quang, sử dụng, nguồn, chiếu, bóng, áp 220v",94054290,SP ĐÈN/THIẾT BỊ CHIẾU SÁNG,NC,Đèn điện LED khác — loại khác,Đèn LED Hào Quang,55
"đèn, led, điện áp, công suất, trang trí, sáng, dây, quang điện, đi ốt phát, ốt phát quang, sử dụng, nguồn, chiếu, bóng, áp 220v",94054290,SP ĐÈN/THIẾT BỊ CHIẾU SÁNG,NC,Đèn điện LED khác — loại khác,Dải Đèn LED Âm Thanh,62
"đèn, led, điện áp, công suất, trang trí, sáng, dây, quang điện, đi ốt phát, ốt phát quang, sử dụng, nguồn, chiếu, bóng, áp 220v",94054290,SP ĐÈN/THIẾT BỊ CHIẾU SÁNG,NC,Đèn điện LED khác — loại khác,Đèn LED Dạng Thanh,80
"đèn, led, điện áp, công suất, sáng, trang trí, dây, quang điện, đi ốt phát, ốt phát quang, sử dụng, nguồn, nghiệp xm rbm, công nghiệp xm, chiếu",94054290,SP ĐÈN/THIẾT BỊ CHIẾU SÁNG,NC,Đèn điện LED khác — loại khác,Đèn LED dây chiếu sáng quầy hàng,7
"đèn, led, điện áp, công suất, sáng, trang trí, dây, quang điện, đi ốt phát, ốt phát quang, sử dụng, nguồn, nghiệp xm rbm, công nghiệp xm, chiếu",94054290,SP ĐÈN/THIẾT BỊ CHIẾU SÁNG,NC,Đèn điện LED khác — loại khác,Đèn Led chuyển đổi nguồn,23
"lắp, ráp màn hình, hình điện tử, đèn led đã, màn hình điện, điện tử la389hq1, tử la389hq1 sp01, đặt, led công nghiệp, la389hq1 sp01 left, la389hq1 sp01 right, kiện, tự động hóa, công nghiệp ánh, nghiệp ánh sáng",94054290,SP ĐÈN/THIẾT BỊ CHIẾU SÁNG,NC,Đèn điện LED khác — loại khác,Phụ Kiện Lắp Đặt,60
"đèn, led, điện áp, công suất, trang trí, sáng, dây, quang điện, đi ốt phát, ốt phát quang, sử dụng, nguồn, chiếu, bóng, áp 220v",94054290,SP ĐÈN/THIẾT BỊ CHIẾU SÁNG,NC,Đèn điện LED khác — loại khác,Đèn LED Cảm Biến,69
"đèn, led, điện áp, công suất, sáng, trang trí, dây, quang điện, đi ốt phát, ốt phát quang, sử dụng, nguồn, chiếu, bóng, áp 220v",94054290,SP ĐÈN/THIẾT BỊ CHIẾU SÁNG,NC,Đèn điện LED khác — loại khác,Đèn LED Chiếu Điểm,83
"đèn, led, điện áp, công suất, trang trí, sáng, dây, quang điện, đi ốt phát, ốt phát quang, sử dụng, nguồn, chiếu, bóng, áp 220v",94054290,SP ĐÈN/THIẾT BỊ CHIẾU SÁNG,NC,Đèn điện LED khác — loại khác,Đèn LED Đội Đầu,88
"đèn, led, điện áp, công suất, trang trí, sáng, dây, quang điện, đi ốt phát, ốt phát quang, sử dụng, nguồn, chiếu, bóng, nhãn hiệu",94054290,SP ĐÈN/THIẾT BỊ CHIẾU SÁNG,NC,Đèn điện LED khác — loại khác,Đèn tín hiệu,91
"đèn, led, điện áp, công suất, sáng, trang trí, dây, quang điện, đi ốt phát, ốt phát quang, sử dụng, nguồn, nghiệp xm rbm, công nghiệp xm, chiếu",94054290,SP ĐÈN/THIẾT BỊ CHIẾU SÁNG,NC,Đèn điện LED khác — loại khác,Đèn LED kiểm tra điện thoại,102
"đèn, led, điện áp, công suất, trang trí, sáng, dây, quang điện, đi ốt phát, ốt phát quang, sử dụng, nguồn, chiếu, bóng, áp 220v",94054290,SP ĐÈN/THIẾT BỊ CHIẾU SÁNG,NC,Đèn điện LED khác — loại khác,Đèn LED đổi màu,108
"đèn, pha, công suất, lượng mặt trời, lingzhao chiếu sáng, năng lượng mặt, mặt trời solar, light lz, kèm bóng, tàu thủy, led, trời solar projection, solar projection light, sx daeyang electric, bóng thép sơn",94054910,SP ĐÈN/THIẾT BỊ CHIẾU SÁNG,NC,Đèn điện loại khác — đèn pha,Đèn năng lượng mặt trời,0
"đèn, pha, công suất, lượng mặt trời, lingzhao chiếu sáng, năng lượng mặt, mặt trời solar, light lz, kèm bóng, tàu thủy, led, trời solar projection, solar projection light, sx daeyang electric, bóng thép sơn",94054910,SP ĐÈN/THIẾT BỊ CHIẾU SÁNG,NC,Đèn điện loại khác — đèn pha,[OUTLIER] đèn pha công,-1
"đèn, pha, công suất, lượng mặt trời, lingzhao chiếu sáng, năng lượng mặt, mặt trời solar, light lz, kèm bóng, tàu thủy, led, trời solar projection, solar projection light, sx daeyang electric, bóng thép sơn",94054910,SP ĐÈN/THIẾT BỊ CHIẾU SÁNG,NC,Đèn điện loại khác — đèn pha,Đèn pha tàu thủy thép,2
"đèn, pha, công suất, lượng mặt trời, lingzhao chiếu sáng, năng lượng mặt, mặt trời solar, light lz, kèm bóng, tàu thủy, led, trời solar projection, solar projection light, sx daeyang electric, bóng thép sơn",94054910,SP ĐÈN/THIẾT BỊ CHIẾU SÁNG,NC,Đèn điện loại khác — đèn pha,Đèn pha tàu thủy,1
"đèn, điện áp, hiệu mitek hbk, nhãn hiệu mitek, sân khấu, cs tiêu thụ, sử dụng, khấu điện, led, rọi, sáng, công suất, áp 240v 50, đường kính 60mm, dụng nhiều nguồn",94054920,SP ĐÈN/THIẾT BỊ CHIẾU SÁNG,NC,Đèn điện loại khác — đèn rọi,[OUTLIER] đèn sân khấu,-1
"đèn, điện áp, hiệu mitek hbk, nhãn hiệu mitek, sân khấu, cs tiêu thụ, sử dụng, khấu điện, led, rọi, sáng, công suất, áp 240v 50, đường kính 60mm, dụng nhiều nguồn",94054920,SP ĐÈN/THIẾT BỊ CHIẾU SÁNG,LK,Đèn điện loại khác — đèn rọi,Đèn Sân Khấu,0
"đèn, điện áp, hiệu mitek hbk, nhãn hiệu mitek, sân khấu, cs tiêu thụ, sử dụng, khấu điện, led, rọi, sáng, công suất, áp 240v 50, đường kính 60mm, dụng nhiều nguồn",94054920,SP ĐÈN/THIẾT BỊ CHIẾU SÁNG,NC,Đèn điện loại khác — đèn rọi,Đèn Rọi,1
"đèn tín hiệu, hiệu nhấp nháy, tín hiệu nhấp, kèm bóng, tàu thủy, đèn hành trình, nhấp nháy kèm, shanghai liangzhou lamp, liangzhou lamp manufacturer, bóng đèn, sợi đốt chống, đèn sợi đốt, đốt chống rung, chống rung tàu, sx daeyang electric",94054930,SP ĐÈN/THIẾT BỊ CHIẾU SÁNG,NC,Đèn điện loại khác — tín hiệu sân bay / đường sắt,[OUTLIER] đèn tín tàu,-1
"đèn tín hiệu, hiệu nhấp nháy, tín hiệu nhấp, kèm bóng, tàu thủy, đèn hành trình, nhấp nháy kèm, shanghai liangzhou lamp, liangzhou lamp manufacturer, bóng đèn, sợi đốt chống, đèn sợi đốt, đốt chống rung, chống rung tàu, sx daeyang electric",94054930,SP ĐÈN/THIẾT BỊ CHIẾU SÁNG,NC,Đèn điện loại khác — tín hiệu sân bay / đường sắt,Đèn Hành Trình Tàu Thủy,2
"đèn tín hiệu, hiệu nhấp nháy, tín hiệu nhấp, kèm bóng, tàu thủy, đèn hành trình, nhấp nháy kèm, shanghai liangzhou lamp, liangzhou lamp manufacturer, bóng đèn, sợi đốt chống, đèn sợi đốt, đốt chống rung, chống rung tàu, sx daeyang electric",94054930,SP ĐÈN/THIẾT BỊ CHIẾU SÁNG,NC,Đèn điện loại khác — tín hiệu sân bay / đường sắt,Đèn Tín Hiệu Tàu Thủy,1
"đèn tín hiệu, hiệu nhấp nháy, tín hiệu nhấp, kèm bóng, tàu thủy, đèn hành trình, nhấp nháy kèm, shanghai liangzhou lamp, liangzhou lamp manufacturer, bóng đèn, sợi đốt chống, đèn sợi đốt, đốt chống rung, chống rung tàu, sx daeyang electric",94054930,SP ĐÈN/THIẾT BỊ CHIẾU SÁNG,NC,Đèn điện loại khác — tín hiệu sân bay / đường sắt,Đèn Tín Hiệu Hàng Hải,0
"đèn, tín hiệu, linh kiện, nồi cơm điện, báo, điện áp, led, light, sản xuất nồi, jiang shi xinshji, lian jiang shi, q3 06 lian, cơm điện vỉ, xuất nồi cơm, hiệu q3 06",94054940,SP ĐÈN/THIẾT BỊ CHIẾU SÁNG,NC,Đèn điện loại khác — báo hiệu thiết bị gia dụng,[OUTLIER] đèn tín kiện,-1
"chiếu sáng, đèn, bao gồm module, sáng nơi công, nơi công cộng, led phát sáng, led chip led, sáng bộ nguồn, gồm module led, chip led phát, phát sáng bộ, module led chip, cộng bao gồm, công cộng bao, làm bằng nhôm",94054950,SP ĐÈN/THIẾT BỊ CHIẾU SÁNG,LK,Đèn điện loại khác — chiếu sáng công cộng,[OUTLIER] led sáng đèn,-1
"chiếu sáng, đèn, bao gồm module, sáng nơi công, nơi công cộng, led phát sáng, led chip led, sáng bộ nguồn, gồm module led, chip led phát, phát sáng bộ, module led chip, cộng bao gồm, công cộng bao, làm bằng nhôm",94054950,SP ĐÈN/THIẾT BỊ CHIẾU SÁNG,NC,Đèn điện loại khác — chiếu sáng công cộng,ĐÈN ĐƯỜNG LED,0
"ngoài trời, đèn, chiếu sáng, sáng ngoài, năng lượng mặt, lượng mặt trời, kích thước, sử dụng, abm solar dongguan, solar dongguan wanlihua, mặt trời abm, tấm năng lượng, wanlihua trade chiếu, điều khiển abm, khiển abm solar",94054960,SP ĐÈN/THIẾT BỊ CHIẾU SÁNG,NC,Đèn điện loại khác — chiếu sáng ngoài trời,[OUTLIER] đèn sáng chiếu,-1
"ngoài trời, đèn, chiếu sáng, sáng ngoài, năng lượng mặt, lượng mặt trời, kích thước, sử dụng, abm solar dongguan, solar dongguan wanlihua, mặt trời abm, tấm năng lượng, wanlihua trade chiếu, điều khiển abm, khiển abm solar",94054960,SP ĐÈN/THIẾT BỊ CHIẾU SÁNG,NC,Đèn điện loại khác — chiếu sáng ngoài trời,Đèn Năng Lượng Mặt Trời,2
"ngoài trời, đèn, chiếu sáng, sáng ngoài, năng lượng mặt, lượng mặt trời, kích thước, sử dụng, abm solar dongguan, solar dongguan wanlihua, mặt trời abm, tấm năng lượng, wanlihua trade chiếu, điều khiển abm, khiển abm solar",94054960,SP ĐÈN/THIẾT BỊ CHIẾU SÁNG,NC,Đèn điện loại khác — chiếu sáng ngoài trời,Đèn Điện Ngoài Trời,1
"ngoài trời, đèn, chiếu sáng, sáng ngoài, năng lượng mặt, lượng mặt trời, kích thước, sử dụng, abm solar dongguan, solar dongguan wanlihua, mặt trời abm, tấm năng lượng, wanlihua trade chiếu, điều khiển abm, khiển abm solar",94054960,SP ĐÈN/THIẾT BỊ CHIẾU SÁNG,NC,Đèn điện loại khác — chiếu sáng ngoài trời,Đèn Led Pha,0
"đèn, điện áp, công suất, led, áp ac120, light, ac120 277v, chiếu sáng, máy, ac120 347v, fixture, suất 150w điện, báo, nhãn hiệu, sử dụng",94054990,SP ĐÈN/THIẾT BỊ CHIẾU SÁNG,LK,Đèn điện loại khác — loại khác,"Đèn báo sàn, chổi tháp",1
"đèn, điện áp, công suất, led, áp ac120, light, ac120 277v, chiếu sáng, máy, ac120 347v, fixture, suất 150w điện, nhãn hiệu, báo, sử dụng",94054990,SP ĐÈN/THIẾT BỊ CHIẾU SÁNG,NC,Đèn điện loại khác — loại khác,[OUTLIER] đèn led công,-1
"đèn, điện áp, công suất, led, áp ac120, light, ac120 277v, chiếu sáng, máy, ac120 347v, fixture, suất 150w điện, báo, nhãn hiệu, sử dụng",94054990,SP ĐÈN/THIẾT BỊ CHIẾU SÁNG,NC,Đèn điện loại khác — loại khác,"Cụm đèn lắp ráp, ráp vặn lông vít",14
"led thỏ 10, thỏ 10 inch, đèn led thỏ, dụng pin aa, cl sáp, led hình nến, đèn led hình, hình nến inch, sáp xi măng, măng sử dụng, nến kresser cl, xi măng sử, kt dk9xc8cm msp, aa kt dk9xc8cm, pin aa kt",94054990,SP ĐÈN/THIẾT BỊ CHIẾU SÁNG,NC,Đèn điện loại khác — loại khác,thỏ nhũ nến dương,86
"đèn, điện áp, công suất, led, áp ac120, light, ac120 277v, chiếu sáng, máy, ac120 347v, fixture, suất 150w điện, báo, nhãn hiệu, sử dụng",94054990,SP ĐÈN/THIẾT BỊ CHIẾU SÁNG,NC,Đèn điện loại khác — loại khác,"Đèn ghế, chiều hoá mác",2
"đèn, điện áp, công suất, led, áp ac120, light, ac120 277v, chiếu sáng, máy, ac120 347v, fixture, suất 150w điện, nhãn hiệu, sử dụng, báo",94054990,SP ĐÈN/THIẾT BỊ CHIẾU SÁNG,NC,Đèn điện loại khác — loại khác,"Đèn gia nhiệt, linh kiện máy",6
"ngoài trời, đèn led ngoài, trời outdoor led, outdoor led light, năng lượng mặt, lượng mặt trời, cắm đất, post, đèn led năng, led năng lượng, đất 416143 es63, trời dạng đèn, đèn chiếu chân, chiếu chân cắm, dạng đèn chiếu",94054990,SP ĐÈN/THIẾT BỊ CHIẾU SÁNG,NC,Đèn điện loại khác — loại khác,outdoor trời path post,73
"dụng pin aa, cl sáp, led hình nến, đèn led hình, hình nến inch, sáp xi măng, măng sử dụng, nến kresser cl, xi măng sử, kt dk9xc8cm msp, aa kt dk9xc8cm, pin aa kt, dk9xc8cm msp 4912510, pin aa be, nến dante cl",94054990,SP ĐÈN/THIẾT BỊ CHIẾU SÁNG,NC,Đèn điện loại khác — loại khác,nến suốt sọc dọc,88
"dây, nguồn, nội thất, nối, ghế sofa, uv scn ad380, scn ad380 780, thông số 24vdc, tia uv scn, ad380 780 thông, số 24vdc 7a, sáng tia uv, trang trí, đồ nội, gắn ghế",94054990,SP ĐÈN/THIẾT BỊ CHIẾU SÁNG,NC,Đèn điện loại khác — loại khác,nguồn nối dây nội,68
"cụm đèn led, đèn led đã, lắp ráp, led đã lắp, ráp gắn máy, gắn máy vặn, điện áp 18v, impact wrench, led ass, work light assembly, assembly m18, máy vặn bu, vặn bu lông, áp 18v work, lông điện áp",94054990,SP ĐÈN/THIẾT BỊ CHIẾU SÁNG,NC,Đèn điện loại khác — loại khác,cắt ráp lắp cụm,30
"công suất, điện áp ac120, áp ac120 277v, đèn led, light, áp ac120 347v, suất 150w điện, highbay, high bay, led flood, vdim, ufo, led linear, led pack, led area",94054990,SP ĐÈN/THIẾT BỊ CHIẾU SÁNG,NC,Đèn điện loại khác — loại khác,suất công,75
"sử dụng gia, dụng gia đình, đèn ngủ led, ngủ led sử, led sử dụng, gia đình better, đình better homes, better homes gardens, homes gardens bhs336179061066, gardens bhs336179061066 item, bhs336179061066 item 674244338, may gia đình, máy may gia, bhs336179061069 item 665617711, homes gardens bhs336179061069",94054990,SP ĐÈN/THIẾT BỊ CHIẾU SÁNG,NC,Đèn điện loại khác — loại khác,ngủ đình,84
"đèn, điện áp, công suất, led, áp ac120, light, ac120 277v, chiếu sáng, máy, ac120 347v, fixture, suất 150w điện, báo, nhãn hiệu, sử dụng",94054990,SP ĐÈN/THIẾT BỊ CHIẾU SÁNG,NC,Đèn điện loại khác — loại khác,Đèn trang trí nội thất,0
"đèn, điện áp, công suất, led, áp ac120, light, ac120 277v, chiếu sáng, máy, ac120 347v, fixture, suất 150w điện, báo, nhãn hiệu, sử dụng",94054990,SP ĐÈN/THIẾT BỊ CHIẾU SÁNG,NC,Đèn điện loại khác — loại khác,Đèn diệt khuẩn,3
"đèn, điện áp, công suất, led, áp ac120, light, ac120 277v, chiếu sáng, máy, ac120 347v, fixture, suất 150w điện, báo, nhãn hiệu, sử dụng",94054990,SP ĐÈN/THIẾT BỊ CHIẾU SÁNG,NC,Đèn điện loại khác — loại khác,Đèn Năng Lượng Mặt Trời,29
"đèn, điện áp, led, công suất, áp ac120, light, ac120 277v, chiếu sáng, máy, ac120 347v, fixture, suất 150w điện, nhãn hiệu, báo, sử dụng",94054990,SP ĐÈN/THIẾT BỊ CHIẾU SÁNG,NC,Đèn điện loại khác — loại khác,Cụm Đèn Led Tri Impact Wrench,27
"buld 15w 220v, bóng buld 15w, graphica 36w 965, lp 90 graphica, bộ bóng lp, bóng lp 90, bóng đèn, bao gồm bóng, chụp, điều chỉnh quang, bị điều chỉnh, chỉnh quang học, bóng led, đèn điện áp, thiết bị điều",94054990,SP ĐÈN/THIẾT BỊ CHIẾU SÁNG,NC,Đèn điện loại khác — loại khác,bóng chụp trứng tắc,71
"chiếc, cuộn, cảm biến, mét, điện áp 130v, áp 130v công, bộ đèn halogen, công suất 65w, đèn led cảm, áp 24vdc công, đèn halogen điện, led dây dạng, công suất 48w, điện áp 30v, đèn led dây",94054990,SP ĐÈN/THIẾT BỊ CHIẾU SÁNG,NC,Đèn điện loại khác — loại khác,mét cuộn chiếc biến,89
"đèn, điện áp, công suất, led, áp ac120, light, ac120 277v, chiếu sáng, máy, ac120 347v, fixture, suất 150w điện, báo, nhãn hiệu, sử dụng",94054990,SP ĐÈN/THIẾT BỊ CHIẾU SÁNG,NC,Đèn điện loại khác — loại khác,"Đèn treo tường, tái ngày mục",10
"công suất, điện áp ac120, áp ac120 277v, đèn led, light, áp ac120 347v, suất 150w điện, highbay, high bay, led flood, vdim, ufo, led linear, led pack, led area",94054990,SP ĐÈN/THIẾT BỊ CHIẾU SÁNG,NC,Đèn điện loại khác — loại khác,mét dải suất công,46
"trang trí, đèn treo, treo tường, đèn led trang, trí sử dụng, suất 26w dòng, tường điện áp, công suất 26w, treo trang, đèn trang, dụng đồ nội, nội thất tủ, tủ ghế sofa, thất tủ ghế, áp 120v 1set",94054990,SP ĐÈN/THIẾT BỊ CHIẾU SÁNG,NC,Đèn điện loại khác — loại khác,trí treo trang,90
"kèm, tần số 50hz, áp 220v tần, euroto công suất, số 50hz zhongshan, đèn ray nam, ray nam châm, zhongshan sooypin trade, nam châm rnc, trade sử dụng, sooypin trade sử, dụng nhà hàng, dc24v tầng hsx, tháp stl025 d51, d51 dc24v tầng",94054990,SP ĐÈN/THIẾT BỊ CHIẾU SÁNG,NC,Đèn điện loại khác — loại khác,tần châm vách kèm,54
"kích thước 10x38mm, áp 500v nhãn, cầu chì sứ, điện áp 500v, chì sứ 10a, thước 10x38mm điện, sứ 10a kích, hình, nến inch, sắc màu 355824, đèn led trăng, cầu sắc màu, led trăng sao, suốt, inch sọc dọc",94054990,SP ĐÈN/THIẾT BỊ CHIẾU SÁNG,NC,Đèn điện loại khác — loại khác,trăng cầu hình,79
"cảnh báo, chụp, điều, quang học, đèn cảnh, chỉnh quang, phim ảnh, ấp trứng 10, đèn ấp trứng, inch dây điện, trứng 10 inch, dây điện 6ft, khiển, brooder lamp, mapt",94054990,SP ĐÈN/THIẾT BỊ CHIẾU SÁNG,NC,Đèn điện loại khác — loại khác,ảnh học điều chụp,85
"đèn, điện áp, công suất, led, áp ac120, light, ac120 277v, chiếu sáng, máy, ac120 347v, fixture, suất 150w điện, nhãn hiệu, báo, sử dụng",94054990,SP ĐÈN/THIẾT BỊ CHIẾU SÁNG,NC,Đèn điện loại khác — loại khác,"Đèn sân khấu, tạo ứng",5
"đèn, điện áp, công suất, led, áp ac120, light, ac120 277v, chiếu sáng, máy, ac120 347v, fixture, suất 150w điện, báo, nhãn hiệu, sử dụng",94054990,SP ĐÈN/THIẾT BỊ CHIẾU SÁNG,NC,Đèn điện loại khác — loại khác,"Đèn cấm, phục cây lên",7
"nhà xưởng, thủy, báo nhấp nháy, nhấp nháy nhà, tinh, chiếu sáng nhà, xưởng điện áp, đèn báo nhấp, kính dài90 sx, sx nhãn hiệu, đường kính dài90, sấy công suất, lk máy sấy, thạch anh đường, uv chống mốc",94054990,SP ĐÈN/THIẾT BỊ CHIẾU SÁNG,NC,Đèn điện loại khác — loại khác,thủy việc vực xưởng,40
"công suất, điện áp ac120, áp ac120 277v, đèn led, light, áp ac120 347v, suất 150w điện, highbay, high bay, led flood, vdim, ufo, led linear, led pack, led area",94054990,SP ĐÈN/THIẾT BỊ CHIẾU SÁNG,NC,Đèn điện loại khác — loại khác,đổi dải suất công,87
"đèn, điện áp, công suất, led, áp ac120, light, ac120 277v, chiếu sáng, máy, ac120 347v, fixture, suất 150w điện, báo, nhãn hiệu, sử dụng",94054990,SP ĐÈN/THIẾT BỊ CHIẾU SÁNG,LK,Đèn điện loại khác — loại khác,"Đèn bàn chải, bụi",4
"đèn, điện áp, công suất, led, áp ac120, light, ac120 277v, chiếu sáng, máy, ac120 347v, fixture, suất 150w điện, nhãn hiệu, báo, sử dụng",94054990,SP ĐÈN/THIẾT BỊ CHIẾU SÁNG,NC,Đèn điện loại khác — loại khác,Đèn Led Công Nghiệp,22
"đèn, điện áp, công suất, led, áp ac120, light, ac120 277v, chiếu sáng, máy, ac120 347v, fixture, suất 150w điện, sử dụng, nhãn hiệu, báo",94054990,SP ĐÈN/THIẾT BỊ CHIẾU SÁNG,NC,Đèn điện loại khác — loại khác,Đèn Chuyên Dụng Sân Khấu,28
"buld 15w 220v, bóng buld 15w, graphica 36w 965, lp 90 graphica, bộ bóng lp, bóng lp 90, bóng đèn, đèn treo tường, bao gồm bóng, bóng led, treo tường điện, suất 26w dòng, tường điện áp, công suất 26w, áp 240v công",94054990,SP ĐÈN/THIẾT BỊ CHIẾU SÁNG,NC,Đèn điện loại khác — loại khác,tường bóng,76
"dây, nối, nội thất, gắn ghế sofa, ráp chổi sàn, lắp ráp chổi, chổi sàn máy, đồng, cáp, cuộn, đèn 30 14, thảm gia dụng, sàn máy sạch, kt đèn 30, sạch thảm gia",94054990,SP ĐÈN/THIẾT BỊ CHIẾU SÁNG,LK,Đèn điện loại khác — loại khác,Dây Cáp Đồng,18
"thanh phát laze, apeosport c2060 2560, năng xerox apeosport, xerox apeosport c2060, chức năng xerox, đèn gia nhiệt, gia nhiệt linh, in đèn halogen, nhiệt linh kiện, kiện máy in, máy in đèn, linh kiện máy, docucentre c2263 2265, xerox docucentre c2263, photocopy xerox docucentre",94054990,SP ĐÈN/THIẾT BỊ CHIẾU SÁNG,NC,Đèn điện loại khác — loại khác,cấp nhiệt phát bảo,34
"máy in đèn, đèn gia nhiệt, gia nhiệt linh, in đèn halogen, nhiệt linh kiện, kiện máy in, linh kiện máy, gồm bóng đèn, bao gồm bóng, treo tường kích, áp 120v 1set, thước 27 94, tường kích thước, kích thước 27, ấp trứng 10",94054990,SP ĐÈN/THIẾT BỊ CHIẾU SÁNG,NC,Đèn điện loại khác — loại khác,Chưa phân loại,57
"đèn, điện áp, led, công suất, áp ac120, light, ac120 277v, chiếu sáng, máy, ac120 347v, fixture, suất 150w điện, nhãn hiệu, báo, sử dụng",94054990,SP ĐÈN/THIẾT BỊ CHIẾU SÁNG,NC,Đèn điện loại khác — loại khác,Đèn Led Gắn Lên Ghế,19
"đèn chiếu sáng, chiếu sáng lighting, sáng lighting fixture, trang trí, ánh sáng, dim10 mvolt 35k, mvolt 35k 40k, led chiếu sáng, đèn led chiếu, đèn led trang, nguồn sáng tia, uv scn ad380, scn ad380 780, thông số 24vdc, tia uv scn",94054990,SP ĐÈN/THIẾT BỊ CHIẾU SÁNG,NC,Đèn điện loại khác — loại khác,cuộn trí ánh sáng,35
"cụm đèn led, đã lắp ráp, led đã lắp, ráp gắn máy, lắp ráp gắn, đèn led đã, gắn máy vặn, điện áp 18v, impact wrench, led ass, work light assembly, assembly m18, máy vặn bu, vặn bu lông, áp 18v work",94054990,SP ĐÈN/THIẾT BỊ CHIẾU SÁNG,LK,Đèn điện loại khác — loại khác,bảng mạch cụm cầm,42
"công suất, điện áp ac120, áp ac120 277v, đèn led, light, áp ac120 347v, suất 150w điện, highbay, high bay, led flood, vdim, ufo, led linear, led pack, led area",94054990,SP ĐÈN/THIẾT BỊ CHIẾU SÁNG,NC,Đèn điện loại khác — loại khác,chiếc suất công,78
"ngoại, cảm biến, kxđ, đèn led cảm, biến mét mét, nguồn 25v 1a, s7rn5s nguồn 25v, đèn cảm, biến hồng, tia hồng, quan, cảm ứng, ánh sáng hồng, đèn hồng, bóng đèn tia",94054990,SP ĐÈN/THIẾT BỊ CHIẾU SÁNG,NC,Đèn điện loại khác — loại khác,kxđ biến ngoại cảm,81
"đèn, điện áp, led, công suất, áp ac120, light, ac120 277v, chiếu sáng, máy, ac120 347v, fixture, suất 150w điện, nhãn hiệu, báo, sử dụng",94054990,SP ĐÈN/THIẾT BỊ CHIẾU SÁNG,NC,Đèn điện loại khác — loại khác,Đèn Led Bộ Phận,20
"nhôm, hợp kim, tản nhiệt, cách công suất, quy cách công, liệu thân, light tấm đèn, tấm đèn nền, back light tấm, phía màn hình, led phía màn, nền led phía, đúc, kính cường lực, led búp trụ",94054990,SP ĐÈN/THIẾT BỊ CHIẾU SÁNG,LK,Đèn điện loại khác — loại khác,nhôm tản đúc búp,33
"thủy, kèm, nhôm, tàu, tinh, kính dài90 sx, sx nhãn hiệu, đường kính dài90, sấy công suất, lk máy sấy, thạch anh đường, uv chống mốc, chống mốc lk, nhãn hiệu shanga, mốc lk máy",94054990,SP ĐÈN/THIẾT BỊ CHIẾU SÁNG,NC,Đèn điện loại khác — loại khác,tàu thủy kèm nhôm,64
"đèn, điện áp, công suất, led, áp ac120, light, ac120 277v, chiếu sáng, máy, ac120 347v, fixture, suất 150w điện, báo, nhãn hiệu, sử dụng",94054990,SP ĐÈN/THIẾT BỊ CHIẾU SÁNG,NC,Đèn điện loại khác — loại khác,đèn tắm,77
"kiểm tra, máy kiểm, hệ thống, thiết bị kiểm, tra sản phẩm, tra ngoại quan, dây chuyền, ổn định camera, định camera module, tra độ ổn, độ ổn định, lỗi, tra tính năng, chuyên dụng dbl, áp 12v 15w",94054990,SP ĐÈN/THIẾT BỊ CHIẾU SÁNG,NC,Đèn điện loại khác — loại khác,thống chuyền lỗi kiểm,56
"linh kiện, đèn gia nhiệt, gia nhiệt linh, in đèn halogen, kiện máy in, máy in đèn, phụ, tùng, kiện điện tử, cấm lá cây, gia công cấm, công cấm lá, nhựa nhãn hiệu, cây nhựa lên, nhựa lên đế",94054990,SP ĐÈN/THIẾT BỊ CHIẾU SÁNG,NC,Đèn điện loại khác — loại khác,lạnh kiện phụ mát,61
"đèn, điện áp, led, công suất, áp ac120, light, ac120 277v, chiếu sáng, máy, ac120 347v, fixture, suất 150w điện, nhãn hiệu, báo, sử dụng",94054990,SP ĐÈN/THIẾT BỊ CHIẾU SÁNG,NC,Đèn điện loại khác — loại khác,Đèn Led Nội Thất,23
"đèn báo, buld 15w 220v, bóng buld 15w, graphica 36w 965, lp 90 graphica, bộ bóng lp, bóng lp 90, tín hiệu, bóng đèn, nguồn, báo hiệu, đèn tín, bao gồm bóng, cảnh báo, uv scn ad380",94054990,SP ĐÈN/THIẾT BỊ CHIẾU SÁNG,NC,Đèn điện loại khác — loại khác,tín báo nguồn bóng,32
"dây, trang trí, ngoài trời, nội thất, đèn led ngoài, trời outdoor led, outdoor led light, nối, ghế sofa, đèn led trang, năng lượng mặt, lượng mặt trời, đèn treo trang, trí sử dụng, ráp chổi sàn",94054990,SP ĐÈN/THIẾT BỊ CHIẾU SÁNG,NC,Đèn điện loại khác — loại khác,trời trí dây,36
"ánh sáng, bảng, ngoại, màu sắc mẫu, nguồn sáng khác, hộp nguồn sáng, cwf tạo vùng, nguồn sáng tiêu, tl84 uv cwf, d65 tl84 uv, chuẩn tilo t60, tiêu chuẩn tilo, giúp đánh giá, khác nhau điện, t60 d65 tl84",94054990,SP ĐÈN/THIẾT BỊ CHIẾU SÁNG,NC,Đèn điện loại khác — loại khác,bảng chế ánh ngoại,41
"tròn, đèn lồng, xoay 360 độ, lantern lights đèn, ko hangzhou yuyu, decoration led lantern, lồng led hình, tự xoay 360, led lantern lights, hangzhou yuyu trading, độ trang trí, trang trí nhựa, trí nhựa đường, nhựa đường kính, bộ đèn sử",94054990,SP ĐÈN/THIẾT BỊ CHIẾU SÁNG,NC,Đèn điện loại khác — loại khác,lồng tròn cánh bướm,45
"đèn led, điện áp ac120, áp ac120 277v, công suất, light, suất 150w điện, cụm đèn, led flood, vdim, lắp ráp, high bay, led đã lắp, ráp gắn máy, led linear, highbay",94054990,SP ĐÈN/THIẾT BỊ CHIẾU SÁNG,NC,Đèn điện loại khác — loại khác,trần led cct,74
"đèn, điện áp, công suất, led, áp ac120, light, ac120 277v, chiếu sáng, máy, ac120 347v, fixture, suất 150w điện, nhãn hiệu, báo, sử dụng",94054990,SP ĐÈN/THIẾT BỊ CHIẾU SÁNG,NC,Đèn điện loại khác — loại khác,"Đèn dạng dây, cấp bảo vệ",11
"đèn, điện áp, led, công suất, áp ac120, light, ac120 277v, chiếu sáng, máy, ac120 347v, fixture, suất 150w điện, nhãn hiệu, báo, sử dụng",94054990,SP ĐÈN/THIẾT BỊ CHIẾU SÁNG,NC,Đèn điện loại khác — loại khác,Cụm Đèn Led Lắp Ráp,24
"đèn, điện áp, led, công suất, áp ac120, light, ac120 277v, chiếu sáng, máy, ac120 347v, fixture, suất 150w điện, nhãn hiệu, báo, sử dụng",94054990,SP ĐÈN/THIẾT BỊ CHIẾU SÁNG,NC,Đèn điện loại khác — loại khác,Đèn Led Đồng Trục,25
"cụm đèn led, ráp gắn máy, lắp ráp gắn, đã lắp ráp, led đã lắp, đèn led đã, điện áp 18v, gắn máy vặn, impact wrench, led ass, assembly m18, work light assembly, áp 18v work, máy vặn bu, vặn bu lông",94054990,SP ĐÈN/THIẾT BỊ CHIẾU SÁNG,NC,Đèn điện loại khác — loại khác,cụm dọn tuyết cầm,37
"cụm đèn led, ráp gắn máy, lắp ráp gắn, đã lắp ráp, led đã lắp, điện áp 18v, đèn led đã, gắn máy vặn, impact wrench, led ass, assembly m18, work light assembly, áp 18v work, máy vặn bu, vặn bu lông",94054990,SP ĐÈN/THIẾT BỊ CHIẾU SÁNG,NC,Đèn điện loại khác — loại khác,cụm pcb pcba ryobi,38
"nhựa, chụp, pin aa be, dante cl sáp, nến dante cl, aa be kt, dk8xc10cm msp 4912503, be kt dk8xc10cm, kt dk8xc10cm msp, điều chỉnh quang, bị điều chỉnh, chỉnh quang học, thiết bị điều, phim ảnh, chất liệu",94054990,SP ĐÈN/THIẾT BỊ CHIẾU SÁNG,NC,Đèn điện loại khác — loại khác,lược chụp nhựa,39
"linh kiện, đèn gia nhiệt, gia nhiệt linh, in đèn halogen, kiện máy in, máy in đèn, sử dụng gia, dụng gia đình, đèn ngủ led, ngủ led sử, led sử dụng, gia đình better, đình better homes, better homes gardens, công tắc",94054990,SP ĐÈN/THIẾT BỊ CHIẾU SÁNG,NC,Đèn điện loại khác — loại khác,đình đuôi tắc kiện,47
"đèn led, điện áp ac120, áp ac120 277v, công suất, light, suất 150w điện, cụm đèn, led flood, vdim, lắp ráp, high bay, led đã lắp, ráp gắn máy, led linear, highbay",94054990,SP ĐÈN/THIẾT BỊ CHIẾU SÁNG,NC,Đèn điện loại khác — loại khác,led finish nailer ass,53
"đèn led, điện áp ac120, áp ac120 277v, công suất, light, suất 150w điện, cụm đèn, led flood, vdim, lắp ráp, high bay, led đã lắp, ráp gắn máy, led linear, highbay",94054990,SP ĐÈN/THIẾT BỊ CHIẾU SÁNG,NC,Đèn điện loại khác — loại khác,disco led,82
"đèn, điện áp, led, công suất, áp ac120, light, ac120 277v, chiếu sáng, máy, ac120 347v, fixture, suất 150w điện, nhãn hiệu, báo, sử dụng",94054990,SP ĐÈN/THIẾT BỊ CHIẾU SÁNG,LK,Đèn điện loại khác — loại khác,Đèn Led Dẫn Hướng,15
"đèn led, điện áp ac120, áp ac120 277v, công suất, light, suất 150w điện, cụm đèn, led flood, vdim, lắp ráp, high bay, led đã lắp, ráp gắn máy, led linear, highbay",94054990,SP ĐÈN/THIẾT BỊ CHIẾU SÁNG,NC,Đèn điện loại khác — loại khác,lenser pin led,31
"màn hình, đèn nền, tính xuất xứ, máy tính xuất, phim khuếch tán, hình lcd máy, ánh sáng diffuser, diffuser thiết bị, khuếch tán ánh, tán ánh sáng, sáng diffuser thiết, chiếu sáng màn, tấm phim khuếch, lcd máy tính, hình điện thoại",94054990,SP ĐÈN/THIẾT BỊ CHIẾU SÁNG,NC,Đèn điện loại khác — loại khác,màn nền tấm phía,44
"linh kiện, kiểm tra, đèn gia nhiệt, gia nhiệt linh, in đèn halogen, kiện máy in, máy in đèn, máy kiểm, ngoại, chiếc, bộ đèn halogen, điện áp 130v, áp 130v công, đèn led cảm, thiết bị kiểm",94054990,SP ĐÈN/THIẾT BỊ CHIẾU SÁNG,NC,Đèn điện loại khác — loại khác,kiện kiểm ngoại chiếc,50
"công suất, điện áp ac120, áp ac120 277v, light, đèn led, áp ac120 347v, suất 150w điện, highbay, high bay, led flood, vdim, ufo, led linear, led pack, led area",94054990,SP ĐÈN/THIẾT BỊ CHIẾU SÁNG,NC,Đèn điện loại khác — loại khác,giá kèm chiếc suất,80
"bảng, panel, brush left right, tích hợp đèn, đèn tích hợp, light pcba wire, head light pcba, uc g2 led, đèn led unifi, unifi uc g2, led unifi uc, đèn led trái, brush assembly brush, sản xuất linh, trái bàn chải",94054990,SP ĐÈN/THIẾT BỊ CHIẾU SÁNG,NC,Đèn điện loại khác — loại khác,bảng unifi panel pce,83
"máy, đèn led đã, đã lắp ráp, led đã lắp, lắp ráp gắn, thanh phát laze, linh kiện, cụm đèn led, apeosport c2060 2560, năng xerox apeosport, xerox apeosport c2060, chức năng xerox, đèn gia nhiệt, gia nhiệt linh, in đèn halogen",94054990,SP ĐÈN/THIẾT BỊ CHIẾU SÁNG,LK,Đèn điện loại khác — loại khác,"Linh kiện máy hút mùi, khử mùi",12
"đèn, điện áp, công suất, led, áp ac120, light, ac120 277v, chiếu sáng, máy, ac120 347v, fixture, suất 150w điện, sử dụng, nhãn hiệu, báo",94054990,SP ĐÈN/THIẾT BỊ CHIẾU SÁNG,NC,Đèn điện loại khác — loại khác,"Đèn báo nhấp nháy, lắp tủ điện",13
"đèn, điện áp, công suất, led, áp ac120, light, ac120 277v, chiếu sáng, máy, ac120 347v, fixture, suất 150w điện, báo, nhãn hiệu, sử dụng",94054990,SP ĐÈN/THIẾT BỊ CHIẾU SÁNG,NC,Đèn điện loại khác — loại khác,Đèn Bắt Muỗi,17
"đèn, điện áp, led, công suất, áp ac120, light, ac120 277v, chiếu sáng, máy, ac120 347v, fixture, suất 150w điện, sử dụng, nhãn hiệu, báo",94054990,SP ĐÈN/THIẾT BỊ CHIẾU SÁNG,NC,Đèn điện loại khác — loại khác,Dây Đèn Led Giường Điện,21
"đèn, điện áp, led, công suất, áp ac120, light, ac120 277v, chiếu sáng, máy, ac120 347v, fixture, suất 150w điện, nhãn hiệu, báo, sử dụng",94054990,SP ĐÈN/THIẾT BỊ CHIẾU SÁNG,NC,Đèn điện loại khác — loại khác,Đèn Led Âm Tường,26
"máy, đèn led đã, lắp ráp, led đã lắp, ráp gắn, thanh phát laze, cụm đèn led, apeosport c2060 2560, năng xerox apeosport, xerox apeosport c2060, chức năng xerox, đèn gia nhiệt, gia nhiệt linh, in đèn halogen, nhiệt linh kiện",94054990,SP ĐÈN/THIẾT BỊ CHIẾU SÁNG,NC,Đèn điện loại khác — loại khác,phát máy chức năng,43
"thủy, tinh, kính dài90 sx, sx nhãn hiệu, đường kính dài90, sấy công suất, lk máy sấy, thạch anh đường, uv chống mốc, chống mốc lk, nhãn hiệu shanga, mốc lk máy, dài90 sx nhãn, bóng uv chống, máy sấy công",94054990,SP ĐÈN/THIẾT BỊ CHIẾU SÁNG,NC,Đèn điện loại khác — loại khác,thủy mốc thạch dài90,48
"uvsf81t 20x20 điện, khô đóng rắn, dongrui intelligent equipment, đóng rắn keo, cs 360w dongrui, keo uvsf81t 20x20, uv khô đóng, rắn keo uvsf81t, intelligent equipment dongguan, áp 180 240v, chiếu uv khô, bị chiếu uv, gói, nhân, hoa lá cành",94054990,SP ĐÈN/THIẾT BỊ CHIẾU SÁNG,NC,Đèn điện loại khác — loại khác,cành nhân gói đóng,63
"thủy, tàu, sợi đốt, tinh, đốt điện áp, kính dài90 sx, sx nhãn hiệu, đường kính dài90, sấy công suất, lk máy sấy, thạch anh đường, uv chống mốc, chống mốc lk, nhãn hiệu shanga, mốc lk máy",94054990,SP ĐÈN/THIẾT BỊ CHIẾU SÁNG,NC,Đèn điện loại khác — loại khác,đốt sợi tàu thủy,67
"đèn, điện áp, công suất, led, áp ac120, light, ac120 277v, chiếu sáng, máy, ac120 347v, fixture, suất 150w điện, nhãn hiệu, báo, sử dụng",94054990,SP ĐÈN/THIẾT BỊ CHIẾU SÁNG,NC,Đèn điện loại khác — loại khác,"Dây đèn định hình, uốn dẻo",8
"dây, kính, nối, mạch, gắn ghế sofa, nội thất, ráp chổi sàn, lắp ráp chổi, chổi sàn máy, máy sạch thảm, cáp, smt, nhãn hiệu hàng, cuộn, đèn 30 14",94054990,SP ĐÈN/THIẾT BỊ CHIẾU SÁNG,NC,Đèn điện loại khác — loại khác,"Dây mạch đèn, nâng kính bàn",9
"đèn, điện áp, công suất, led, áp ac120, light, ac120 277v, chiếu sáng, máy, ac120 347v, fixture, suất 150w điện, báo, nhãn hiệu, sử dụng",94054990,SP ĐÈN/THIẾT BỊ CHIẾU SÁNG,NC,Đèn điện loại khác — loại khác,Đèn Hồng Ngoại,16
"đèn chiếu sáng, chiếu sáng lighting, sáng lighting fixture, máy, đèn led đã, đã lắp ráp, led đã lắp, lắp ráp gắn, thanh phát laze, cụm đèn led, apeosport c2060 2560, năng xerox apeosport, xerox apeosport c2060, chức năng xerox, linh kiện",94054990,SP ĐÈN/THIẾT BỊ CHIẾU SÁNG,NC,Đèn điện loại khác — loại khác,chụp máy sáng mạch,49
"dây, tín hiệu, ghế sofa, nội thất, đèn tín, nối, báo tín, trang trí, gắn ghế, ráp chổi sàn, lắp ráp chổi, chổi sàn máy, sử dụng đồ, cuộn, nhãn hiệu",94054990,SP ĐÈN/THIẾT BỊ CHIẾU SÁNG,NC,Đèn điện loại khác — loại khác,tín ghế dây,51
"mạch, máy sạch thảm, đèn 30 14, thảm gia dụng, sàn máy sạch, kt đèn 30, sạch thảm gia, ráp chổi sàn, lắp ráp chổi, chổi sàn máy, đã dây nối, led đã dây, dây nối dây470, dây470 6mm kt, nối dây470 6mm",94054990,SP ĐÈN/THIẾT BỊ CHIẾU SÁNG,NC,Đèn điện loại khác — loại khác,dán mạch sạc ngày,52
"điều khiển, kính hiển vi, hiển thị, led kính hiển, đèn hiển, hefei sok international, bộ điều, bảng điều, đèn led kính, thang cuốn, nhãn hiệu abb, hiệu abb ms, tủ nhãn hiệu, cuốn chở người, thiết bị thang",94054990,SP ĐÈN/THIẾT BỊ CHIẾU SÁNG,NC,Đèn điện loại khác — loại khác,cuốn chở người hiển,55
"kiểm tra, uvsf81t 20x20 điện, khô đóng rắn, dongrui intelligent equipment, đóng rắn keo, cs 360w dongrui, keo uvsf81t 20x20, uv khô đóng, rắn keo uvsf81t, intelligent equipment dongguan, áp 180 240v, chiếu uv khô, bị chiếu uv, nhãn hiệu, máy kiểm",94054990,SP ĐÈN/THIẾT BỊ CHIẾU SÁNG,LK,Đèn điện loại khác — loại khác,khô kiểm phòng mực,58
"nguồn, uv scn ad380, scn ad380 780, thông số 24vdc, tia uv scn, ad380 780 thông, số 24vdc 7a, sáng tia uv, máy otp, điện kết nối, dây điện kết, ấp trứng 10, đèn ấp trứng, inch dây điện, trứng 10 inch",94054990,SP ĐÈN/THIẾT BỊ CHIẾU SÁNG,NC,Đèn điện loại khác — loại khác,nguồn cục tròn ứng,59
"đèn chiếu sáng, chiếu sáng lighting, sáng lighting fixture, đèn led chiếu, dim10 mvolt 35k, mvolt 35k 40k, led chiếu sáng, uvsf81t 20x20 điện, khô đóng rắn, dongrui intelligent equipment, đóng rắn keo, cs 360w dongrui, keo uvsf81t 20x20, uv khô đóng, rắn keo uvsf81t",94054990,SP ĐÈN/THIẾT BỊ CHIẾU SÁNG,NC,Đèn điện loại khác — loại khác,chiếu đính năm kèm,60
"sân khấu, màu sắc mẫu, nguồn sáng khác, hộp nguồn sáng, cwf tạo vùng, nguồn sáng tiêu, tl84 uv cwf, d65 tl84 uv, chuẩn tilo t60, tiêu chuẩn tilo, giúp đánh giá, khác nhau điện, t60 d65 tl84, uv cwf tạo, sáng khác nhau",94054990,SP ĐÈN/THIẾT BỊ CHIẾU SÁNG,NC,Đèn điện loại khác — loại khác,tiêu thụ khấu sân,62
"công suất, điện áp ac120, áp ac120 277v, đèn led, light, đèn chiếu sáng, áp ac120 347v, fixture, suất 150w điện, highbay, high bay, led flood, vdim, ufo, led linear",94054990,SP ĐÈN/THIẾT BỊ CHIẾU SÁNG,NC,Đèn điện loại khác — loại khác,suất xưởng chiếu sáng,65
"dây, nội thất, nối, ghế sofa, trang trí, đồ nội, ráp chổi sàn, lắp ráp chổi, chổi sàn máy, sử dụng đồ, gắn ghế, đồ gỗ nội, cuộn, đèn 30 14, thảm gia dụng",94054990,SP ĐÈN/THIẾT BỊ CHIẾU SÁNG,NC,Đèn điện loại khác — loại khác,hộc nội thất dây,66
"cụm đèn led, ráp gắn máy, lắp ráp gắn, đã lắp ráp, led đã lắp, đèn led đã, điện áp 18v, gắn máy vặn, impact wrench, led ass, assembly m18, work light assembly, áp 18v work, máy vặn bu, vặn bu lông",94054990,SP ĐÈN/THIẾT BỊ CHIẾU SÁNG,NC,Đèn điện loại khác — loại khác,dọn tuyết cụm trái,69
"đèn chiếu sáng, chiếu sáng lighting, sáng lighting fixture, máy, cụm đèn led, đèn led đã, lắp ráp, led đã lắp, đèn báo, gắn, thanh phát laze, graphica 36w 965, lp 90 graphica, bộ bóng lp, bóng lp 90",94054990,SP ĐÈN/THIẾT BỊ CHIẾU SÁNG,NC,Đèn điện loại khác — loại khác,nguồn sáng máy hàn,70
"nhãn hiệu, uvsf81t 20x20 điện, khô đóng rắn, dongrui intelligent equipment, đóng rắn keo, cs 360w dongrui, keo uvsf81t 20x20, uv khô đóng, rắn keo uvsf81t, intelligent equipment dongguan, áp 180 240v, chiếu uv khô, bị chiếu uv, gắn ghế sofa, sấy",94054990,SP ĐÈN/THIẾT BỊ CHIẾU SÁNG,NC,Đèn điện loại khác — loại khác,móng sạc khô sấy,72
"đèn dầu, kích thước, thủy tinh, chất liệu, kết hợp, nhãn hiệu, thờ, thép không gỉ, hợp thủy, liệu thép không, chứa dầu, tôn giáo, dầu bàn, hợp kim kết, hangzhou dingyue technology",94055019,SP ĐÈN/THIẾT BỊ CHIẾU SÁNG,NC,Đèn dầu — loại khác,[OUTLIER] dầu đèn tinh,-1
"đèn dầu, kích thước, thủy tinh, chất liệu, kết hợp, nhãn hiệu, thờ, thép không gỉ, hợp thủy, liệu thép không, chứa dầu, tôn giáo, dầu bàn, hợp kim kết, hangzhou dingyue technology",94055019,SP ĐÈN/THIẾT BỊ CHIẾU SÁNG,NC,Đèn dầu — loại khác,Đèn Dầu Gốm,1
"đèn dầu, kích thước, thủy tinh, chất liệu, kết hợp, nhãn hiệu, thờ, thép không gỉ, hợp thủy, liệu thép không, chứa dầu, tôn giáo, dầu bàn, hợp kim kết, hangzhou dingyue technology",94055019,SP ĐÈN/THIẾT BỊ CHIẾU SÁNG,NC,Đèn dầu — loại khác,Đèn Dầu Đồng,2
"đèn dầu, kích thước, thủy tinh, chất liệu, kết hợp, nhãn hiệu, thờ, thép không gỉ, hợp thủy, liệu thép không, chứa dầu, tôn giáo, dầu bàn, hợp kim kết, hangzhou dingyue technology",94055019,SP ĐÈN/THIẾT BỊ CHIẾU SÁNG,NC,Đèn dầu — loại khác,Đèn Dầu Ngoài Trời,4
"đèn dầu, kích thước, thủy tinh, chất liệu, kết hợp, nhãn hiệu, thờ, thép không gỉ, hợp thủy, liệu thép không, chứa dầu, tôn giáo, dầu bàn, hợp kim kết, hangzhou dingyue technology",94055019,SP ĐÈN/THIẾT BỊ CHIẾU SÁNG,NC,Đèn dầu — loại khác,Đèn Dầu Thép,3
"đèn dầu, kích thước, thủy tinh, chất liệu, kết hợp, nhãn hiệu, thờ, thép không gỉ, hợp thủy, liệu thép không, chứa dầu, tôn giáo, dầu bàn, hợp kim kết, hangzhou dingyue technology",94055019,SP ĐÈN/THIẾT BỊ CHIẾU SÁNG,NC,Đèn dầu — loại khác,Đèn Dầu Thờ,0
"tôn giáo kt, lễ tôn giáo, nghi lễ tôn, đốt dầu, đèn bão, nhãn hiệu shantouchaoyanghaimenco, gia đình nghi, giáo kt phi, sắt mạ đốt, thủy tinh kết, hợp sắt mạ, kt phi 15, phi 15 20x20, tinh kết hợp, đình nghi lễ",94055040,SP ĐÈN/THIẾT BỊ CHIẾU SÁNG,NC,Đèn bão,ĐÈN BÃO THỦY TINH,0
"tôn giáo kt, lễ tôn giáo, nghi lễ tôn, đốt dầu, đèn bão, nhãn hiệu shantouchaoyanghaimenco, gia đình nghi, giáo kt phi, sắt mạ đốt, thủy tinh kết, hợp sắt mạ, kt phi 15, phi 15 20x20, tinh kết hợp, đình nghi lễ",94055040,SP ĐÈN/THIẾT BỊ CHIẾU SÁNG,NC,Đèn bão,[OUTLIER] dầu đèn bão,-1
"lượng mặt trời, năng lượng mặt, đèn, công suất, dụng ngoài trời, sử dụng ngoài, mặt trời kèm, pin sử dụng, trời kèm pin, kèm pin sử, sử dụng công, kích thước, điện áp, áp 2v kích, đường kính",94055090,SP ĐÈN/THIẾT BỊ CHIẾU SÁNG,NC,Đèn không điện — loại khác,Đèn năng lượng mặt trời nhỏ,23
"lượng mặt trời, năng lượng mặt, đèn, công suất, dụng ngoài trời, sử dụng ngoài, mặt trời kèm, pin sử dụng, trời kèm pin, kèm pin sử, sử dụng công, kích thước, điện áp, áp 2v kích, đường kính",94055090,SP ĐÈN/THIẾT BỊ CHIẾU SÁNG,LK,Đèn không điện — loại khác,[OUTLIER] đèn năng lượng,-1
"lượng mặt trời, năng lượng mặt, đèn, công suất, dụng ngoài trời, sử dụng ngoài, kích thước, mặt trời kèm, pin sử dụng, trời kèm pin, kèm pin sử, sử dụng công, điện áp, áp 2v kích, inox đồng kích",94055090,SP ĐÈN/THIẾT BỊ CHIẾU SÁNG,NC,Đèn không điện — loại khác,Đèn nến cói đan khung sắt,26
"lượng mặt trời, năng lượng mặt, đèn, công suất, dụng ngoài trời, sử dụng ngoài, mặt trời kèm, pin sử dụng, trời kèm pin, kèm pin sử, sử dụng công, kích thước, điện áp, áp 2v kích, đường kính",94055090,SP ĐÈN/THIẾT BỊ CHIẾU SÁNG,NC,Đèn không điện — loại khác,Bán thành phẩm đầu đèn năng lượng mặt trời,8
"lượng mặt trời, năng lượng mặt, đèn, công suất, dụng ngoài trời, sử dụng ngoài, mặt trời kèm, pin sử dụng, trời kèm pin, kèm pin sử, sử dụng công, kích thước, điện áp, áp 2v kích, đường kính",94055090,SP ĐÈN/THIẾT BỊ CHIẾU SÁNG,LK,Đèn không điện — loại khác,Đèn sân vườn năng lượng mặt trời,0
"lượng mặt trời, năng lượng mặt, đèn, công suất, dụng ngoài trời, sử dụng ngoài, mặt trời kèm, pin sử dụng, trời kèm pin, kèm pin sử, sử dụng công, kích thước, điện áp, áp 2v kích, đường kính",94055090,SP ĐÈN/THIẾT BỊ CHIẾU SÁNG,NC,Đèn không điện — loại khác,Đèn lồng trang trí,10
"lượng mặt trời, năng lượng mặt, đèn, công suất, dụng ngoài trời, sử dụng ngoài, mặt trời kèm, pin sử dụng, trời kèm pin, kèm pin sử, sử dụng công, kích thước, điện áp, áp 2v kích, đường kính",94055090,SP ĐÈN/THIẾT BỊ CHIẾU SÁNG,NC,Đèn không điện — loại khác,Đèn năng lượng mặt trời kèm tấm pin,11
"lượng mặt trời, năng lượng mặt, đèn, công suất, dụng ngoài trời, sử dụng ngoài, mặt trời kèm, pin sử dụng, trời kèm pin, kèm pin sử, sử dụng công, kích thước, điện áp, áp 2v kích, đường kính",94055090,SP ĐÈN/THIẾT BỊ CHIẾU SÁNG,NC,Đèn không điện — loại khác,Đèn năng lượng mặt trời,6
"lượng mặt trời, năng lượng mặt, đèn, công suất, dụng ngoài trời, sử dụng ngoài, kích thước, mặt trời kèm, pin sử dụng, trời kèm pin, kèm pin sử, sử dụng công, điện áp, áp 2v kích, inox đồng kích",94055090,SP ĐÈN/THIẾT BỊ CHIẾU SÁNG,NC,Đèn không điện — loại khác,Đèn nến tre,24
"lượng mặt trời, năng lượng mặt, đèn, công suất, dụng ngoài trời, sử dụng ngoài, mặt trời kèm, pin sử dụng, trời kèm pin, kèm pin sử, sử dụng công, kích thước, điện áp, áp 2v kích, đường kính",94055090,SP ĐÈN/THIẾT BỊ CHIẾU SÁNG,NC,Đèn không điện — loại khác,Đèn LED trang trí,1
"lượng mặt trời, năng lượng mặt, đèn, công suất, dụng ngoài trời, sử dụng ngoài, mặt trời kèm, pin sử dụng, trời kèm pin, kèm pin sử, sử dụng công, kích thước, điện áp, áp 2v kích, đường kính",94055090,SP ĐÈN/THIẾT BỊ CHIẾU SÁNG,NC,Đèn không điện — loại khác,Đèn vườn năng lượng mặt trời,12
"lượng mặt trời, năng lượng mặt, đèn, công suất, dụng ngoài trời, sử dụng ngoài, mặt trời kèm, pin sử dụng, trời kèm pin, kèm pin sử, sử dụng công, kích thước, điện áp, áp 2v kích, đường kính",94055090,SP ĐÈN/THIẾT BỊ CHIẾU SÁNG,LK,Đèn không điện — loại khác,Đèn năng lượng mặt trời không bóng,7
"lượng mặt trời, năng lượng mặt, đèn, công suất, dụng ngoài trời, sử dụng ngoài, mặt trời kèm, pin sử dụng, trời kèm pin, kèm pin sử, sử dụng công, kích thước, điện áp, áp 2v kích, đường kính",94055090,SP ĐÈN/THIẾT BỊ CHIẾU SÁNG,LK,Đèn không điện — loại khác,Bộ đèn pha năng lượng mặt trời,4
"lượng mặt trời, năng lượng mặt, đèn, công suất, dụng ngoài trời, sử dụng ngoài, mặt trời kèm, pin sử dụng, trời kèm pin, kèm pin sử, sử dụng công, kích thước, điện áp, áp 2v kích, đường kính",94055090,SP ĐÈN/THIẾT BỊ CHIẾU SÁNG,NC,Đèn không điện — loại khác,Đèn lồng chữ Phúc,5
"lượng mặt trời, năng lượng mặt, đèn, công suất, dụng ngoài trời, sử dụng ngoài, mặt trời kèm, pin sử dụng, trời kèm pin, kèm pin sử, sử dụng công, kích thước, điện áp, áp 2v kích, đường kính",94055090,SP ĐÈN/THIẾT BỊ CHIẾU SÁNG,NC,Đèn không điện — loại khác,Đèn pha năng lượng mặt trời cao cấp,18
"lượng mặt trời, năng lượng mặt, đèn, công suất, dụng ngoài trời, sử dụng ngoài, mặt trời kèm, pin sử dụng, trời kèm pin, kèm pin sử, sử dụng công, kích thước, điện áp, áp 2v kích, đường kính",94055090,SP ĐÈN/THIẾT BỊ CHIẾU SÁNG,NC,Đèn không điện — loại khác,Đèn đường năng lượng mặt trời,22
"lượng mặt trời, năng lượng mặt, đèn, công suất, dụng ngoài trời, sử dụng ngoài, mặt trời kèm, pin sử dụng, trời kèm pin, kèm pin sử, sử dụng công, kích thước, điện áp, áp 2v kích, đường kính",94055090,SP ĐÈN/THIẾT BỊ CHIẾU SÁNG,NC,Đèn không điện — loại khác,Đèn đội đầu năng lượng mặt trời,19
"lượng mặt trời, năng lượng mặt, đèn, công suất, dụng ngoài trời, sử dụng ngoài, mặt trời kèm, pin sử dụng, trời kèm pin, kèm pin sử, sử dụng công, kích thước, điện áp, áp 2v kích, đường kính",94055090,SP ĐÈN/THIẾT BỊ CHIẾU SÁNG,NC,Đèn không điện — loại khác,Đèn led trang trí giày,3
"lượng mặt trời, năng lượng mặt, đèn, công suất, dụng ngoài trời, sử dụng ngoài, mặt trời kèm, pin sử dụng, trời kèm pin, kèm pin sử, sử dụng công, kích thước, điện áp, áp 2v kích, đường kính",94055090,SP ĐÈN/THIẾT BỊ CHIẾU SÁNG,NC,Đèn không điện — loại khác,Bộ đèn pha năng lượng mặt trời tháo rời,13
"lượng mặt trời, năng lượng mặt, đèn, công suất, dụng ngoài trời, sử dụng ngoài, mặt trời kèm, pin sử dụng, trời kèm pin, kèm pin sử, sử dụng công, kích thước, điện áp, áp 2v kích, đường kính",94055090,SP ĐÈN/THIẾT BỊ CHIẾU SÁNG,NC,Đèn không điện — loại khác,Đuốc đèn dầu,9
"lượng mặt trời, năng lượng mặt, đèn, công suất, dụng ngoài trời, sử dụng ngoài, mặt trời kèm, pin sử dụng, trời kèm pin, kèm pin sử, sử dụng công, kích thước, điện áp, áp 2v kích, đường kính",94055090,SP ĐÈN/THIẾT BỊ CHIẾU SÁNG,NC,Đèn không điện — loại khác,Đèn pha cầm tay năng lượng mặt trời,21
"candle holder, quy cách 660, item a2000820 candle, thủy tinh chân, đèn nhôm quy, tinh chân đèn, nến thủy tinh, hoạt động nến, nhôm quy cách, cách 660 171, động nến thủy, chân đèn nhôm, a2000846 candle, a2000856 candle, sử dụng outdoor",94055090,SP ĐÈN/THIẾT BỊ CHIẾU SÁNG,NC,Đèn không điện — loại khác,Candle holder,2
"lượng mặt trời, năng lượng mặt, đèn, công suất, dụng ngoài trời, sử dụng ngoài, mặt trời kèm, pin sử dụng, trời kèm pin, kèm pin sử, sử dụng công, kích thước, điện áp, áp 2v kích, đường kính",94055090,SP ĐÈN/THIẾT BỊ CHIẾU SÁNG,NC,Đèn không điện — loại khác,Đèn trụ sân vườn,16
"lượng mặt trời, năng lượng mặt, đèn, công suất, dụng ngoài trời, sử dụng ngoài, mặt trời kèm, pin sử dụng, trời kèm pin, kèm pin sử, sử dụng công, kích thước, điện áp, áp 2v kích, đường kính",94055090,SP ĐÈN/THIẾT BỊ CHIẾU SÁNG,NC,Đèn không điện — loại khác,Đèn pha năng lượng mặt trời,17
"lượng mặt trời, năng lượng mặt, đèn, công suất, dụng ngoài trời, sử dụng ngoài, mặt trời kèm, pin sử dụng, trời kèm pin, kèm pin sử, sử dụng công, kích thước, điện áp, áp 2v kích, đường kính",94055090,SP ĐÈN/THIẾT BỊ CHIẾU SÁNG,LK,Đèn không điện — loại khác,Đèn năng lượng mặt trời nhôm đúc,20
"lượng mặt trời, năng lượng mặt, đèn, công suất, dụng ngoài trời, sử dụng ngoài, mặt trời kèm, pin sử dụng, trời kèm pin, kèm pin sử, sử dụng công, kích thước, điện áp, áp 2v kích, đường kính",94055090,SP ĐÈN/THIẾT BỊ CHIẾU SÁNG,NC,Đèn không điện — loại khác,Đèn LED năng lượng mặt trời,25
"ắc quy giờ, chiếu sáng khấn, đèn chiếu sáng, sáng khấn cấp, khấn cấp led, quy giờ lắp, đèn sự cố, cấp led 1w, led 1w ắc, giờ lắp nổi, cố lắp âm, âm pemf3rc g2, lắp âm g11, g11 đèn chiếu, sự cố lắp",94056110,SP ĐÈN/THIẾT BỊ CHIẾU SÁNG,NC,Biển hiệu LED — cảnh báo / tên đường / giao thông,[OUTLIER] đèn lắp giờ,-1
"hiệu quảng cáo, đèn led bảng, bảng hiệu quảng, led bảng hiệu, chữ đèn led, bộ chữ đèn, kí tự, tấm mẫu, tự tấm, bộ kí, chiếu sáng, tự gắn liền, gắn liền thành, liền thành cái, hiệu chiếu",94056190,SP ĐÈN/THIẾT BỊ CHIẾU SÁNG,NC,Biển hiệu LED — loại khác,Bảng Hiệu Quảng Cáo,12
"đèn led, hiệu quảng cáo, bảng hiệu quảng, led bảng hiệu, bộ chữ đèn, led thoát hiểm, kí tự, tấm mẫu, tự tấm, công suất, điện áp, ốt phát quang, đi ốt phát, dụng nguồn sáng, sử dụng nguồn",94056190,SP ĐÈN/THIẾT BỊ CHIẾU SÁNG,NC,Biển hiệu LED — loại khác,[OUTLIER] đèn led exit,-1
"đèn led, hiệu quảng cáo, bảng hiệu quảng, led bảng hiệu, bộ chữ đèn, led thoát hiểm, kí tự, tấm mẫu, tự tấm, công suất, điện áp, ốt phát quang, đi ốt phát, dụng nguồn sáng, sử dụng nguồn",94056190,SP ĐÈN/THIẾT BỊ CHIẾU SÁNG,NC,Biển hiệu LED — loại khác,Đèn Thoát Hiểm LED,10
"hiệu quảng cáo, đèn led bảng, bảng hiệu quảng, led bảng hiệu, chữ đèn led, bộ chữ đèn, kí tự, tấm mẫu, tự tấm, điện áp, sáng, công suất, sử dụng nguồn, bộ kí, ốt phát quang",94056190,SP ĐÈN/THIẾT BỊ CHIẾU SÁNG,NC,Biển hiệu LED — loại khác,Bảng Hiệu Giường Điện,1
"đèn led thoát, led thoát hiểm, ốt phát quang, đi ốt phát, dụng nguồn sáng, sử dụng nguồn, nguồn sáng đi, sáng đi ốt, thoát hiểm ecrg, phát quang led, biển, chiếu sáng, điện áp, thoát hiểm eu2c, rd m6 120",94056190,SP ĐÈN/THIẾT BỊ CHIẾU SÁNG,NC,Biển hiệu LED — loại khác,Biển Chỉ Lối Thoát Hiểm,8
"đèn led, hiệu quảng cáo, bảng hiệu quảng, led bảng hiệu, bộ chữ đèn, led thoát hiểm, kí tự, tấm mẫu, tự tấm, sáng, điện áp, công suất, ốt phát quang, đi ốt phát, sử dụng nguồn",94056190,SP ĐÈN/THIẾT BỊ CHIẾU SÁNG,NC,Biển hiệu LED — loại khác,Đèn Chiếu Sáng Khẩn Cấp,9
"đèn led bảng, bảng hiệu quảng, led bảng hiệu, hiệu quảng cáo, chữ đèn led, bộ chữ đèn, kí tự, tấm mẫu, tự tấm, bộ kí, tự gắn liền, gắn liền thành, liền thành cái, dây điện 120mm, kế sử dụng",94056190,SP ĐÈN/THIẾT BỊ CHIẾU SÁNG,NC,Biển hiệu LED — loại khác,Bảng Tên Sản Phẩm,4
"đèn led, hiệu quảng cáo, bảng hiệu quảng, led bảng hiệu, bộ chữ đèn, led thoát hiểm, kí tự, tấm mẫu, tự tấm, công suất, điện áp, ốt phát quang, đi ốt phát, dụng nguồn sáng, sử dụng nguồn",94056190,SP ĐÈN/THIẾT BỊ CHIẾU SÁNG,NC,Biển hiệu LED — loại khác,Đèn LED Viễn Thông,11
"biểu tượng đèn, tượng đèn led, trưng, hình, gắn kệ, thời trang nv, kệ đèn led, bảng sản phẩm, khung sắt đèn, sắt đèn led, trang nv fc, đèn led kt, li ning, bày, hàng thời trang",94056190,SP ĐÈN/THIẾT BỊ CHIẾU SÁNG,NC,Biển hiệu LED — loại khác,Biểu Trưng Hình,7
"hiệu quảng cáo, đèn led bảng, bảng hiệu quảng, led bảng hiệu, chữ đèn led, bộ chữ đèn, kí tự, tấm mẫu, tự tấm, ốt phát quang, đi ốt phát, dụng nguồn sáng, sử dụng nguồn, nguồn sáng đi, sáng đi ốt",94056190,SP ĐÈN/THIẾT BỊ CHIẾU SÁNG,NC,Biển hiệu LED — loại khác,Biển Hiệu Quảng Cáo,2
"hiệu quảng cáo, đèn led bảng, bảng hiệu quảng, led bảng hiệu, chữ đèn led, bộ chữ đèn, kí tự, tấm mẫu, tự tấm, ốt phát quang, đi ốt phát, dụng nguồn sáng, sử dụng nguồn, nguồn sáng đi, sáng đi ốt",94056190,SP ĐÈN/THIẾT BỊ CHIẾU SÁNG,NC,Biển hiệu LED — loại khác,Biển Hiệu Quảng Cáo Cửa Hiệu,5
"đèn led, bảng hiệu quảng, led bảng hiệu, hiệu quảng cáo, bộ chữ đèn, led thoát hiểm, kí tự, tấm mẫu, tự tấm, thoát hiểm ecrg, bộ kí, điện áp, công suất, gắn, exit",94056190,SP ĐÈN/THIẾT BỊ CHIẾU SÁNG,NC,Biển hiệu LED — loại khác,Đèn Thoát Hiểm,3
"hiệu quảng cáo, đèn led bảng, bảng hiệu quảng, led bảng hiệu, chữ đèn led, bộ chữ đèn, kí tự, tấm mẫu, tự tấm, bộ kí, biển, áp 120 277v, điện áp 120, tự gắn liền, gắn liền thành",94056190,SP ĐÈN/THIẾT BỊ CHIẾU SÁNG,NC,Biển hiệu LED — loại khác,Biển Quảng Cáo,0
"đèn led, hiệu quảng cáo, bảng hiệu quảng, led bảng hiệu, bộ chữ đèn, led thoát hiểm, kí tự, tấm mẫu, tự tấm, công suất, điện áp, ốt phát quang, đi ốt phát, dụng nguồn sáng, sử dụng nguồn",94056190,SP ĐÈN/THIẾT BỊ CHIẾU SÁNG,NC,Biển hiệu LED — loại khác,Bảng Đèn LED,6
"đèn, công suất, máy bơm hơi, cầm tay, điện áp, linh kiện máy, kiện máy bơm, nền hiển thị, led, back light plate, bơm hơi cầm, bảng, thị back light, plate linh kiện, light plate linh",94056990,SP ĐÈN/THIẾT BỊ CHIẾU SÁNG,NC,Biển hiệu loại khác — loại khác,[OUTLIER] đèn công suất,-1
"máy bơm hơi, linh kiện máy, kiện máy bơm, đèn nền hiển, nền hiển thị, bảng đèn nền, cầm tay, back light plate, bơm hơi cầm, thị back light, plate linh kiện, light plate linh, hiển thị back, hơi ô tô, bơm hơi ô",94056990,SP ĐÈN/THIẾT BỊ CHIẾU SÁNG,NC,Biển hiệu loại khác — loại khác,MÁY BƠM HƠI,1
"đèn, công suất, máy bơm hơi, cầm tay, điện áp, linh kiện máy, kiện máy bơm, nền hiển thị, led, back light plate, bơm hơi cầm, bảng, thị back light, plate linh kiện, light plate linh",94056990,SP ĐÈN/THIẾT BỊ CHIẾU SÁNG,NC,Biển hiệu loại khác — loại khác,ĐÈN LED,0
"thủy tinh 08, tấm lọc ánh, sản xuất martin, lọc ánh sáng, sáng thủy tinh, đèn mổ tấm, mổ tấm lọc, tinh 08 659, ánh sáng thủy, hãng sản xuất, phụ kiện đèn, kiện đèn mổ",94059110,SP ĐÈN/THIẾT BỊ CHIẾU SÁNG,LK,Bộ phận thủy tinh — đèn phòng mổ,Phụ Kiện Đèn,0
"bóng đèn beam, kiện thay thế, đèn sân khấu, thế đèn sân, phụ kiện thay, đèn beam phụ, thay thế đèn, beam phụ kiện, sân khấu beam, nhãn hiệu, hiệu mitek hbk, bulb msd, hbk philips bulb, mitek hbk philips, mitek hbk yodn",94059120,SP ĐÈN/THIẾT BỊ CHIẾU SÁNG,LK,Bộ phận thủy tinh — đèn rọi,Bóng Đèn Beam,0
"gia công phù, rọi kích thước, led chiếu rọi, phù hợp đèn, công phù hợp, đã gia công, chiếu rọi kích, thương hiệu roman, kính thủy tinh, tinh đã gia, hợp đèn led, thủy tinh đã, đèn led chiếu, kích thước 188, hiệu roman led1500061",94059120,SP ĐÈN/THIẾT BỊ CHIẾU SÁNG,LK,Bộ phận thủy tinh — đèn rọi,[OUTLIER] kính thủy tinh,-1
"chao đèn, tinh, kiểm hóa tk, glass shade sản, ngày 12 03, bóng đèn kiểm, hóa tk 107008238041, xuất bóng đèn, đèn kiểm hóa, tk 107008238041 ngày, shade sản xuất, sản xuất bóng, đèn trang trí, đèn thuỷ, hình cầu",94059140,SP ĐÈN/THIẾT BỊ CHIẾU SÁNG,LK,Bộ phận thủy tinh — chao đèn / thông phong,Chao Đèn Thủy Tinh Kiểm Hóa,1
"chao đèn, tinh, kiểm hóa tk, glass shade sản, ngày 12 03, bóng đèn kiểm, hóa tk 107008238041, xuất bóng đèn, đèn kiểm hóa, tk 107008238041 ngày, shade sản xuất, sản xuất bóng, đèn trang trí, đèn thuỷ, hình cầu",94059140,SP ĐÈN/THIẾT BỊ CHIẾU SÁNG,LK,Bộ phận thủy tinh — chao đèn / thông phong,[OUTLIER] đèn tinh chao,-1
"chao đèn, tinh, kiểm hóa tk, glass shade sản, ngày 12 03, bóng đèn kiểm, hóa tk 107008238041, xuất bóng đèn, đèn kiểm hóa, tk 107008238041 ngày, shade sản xuất, sản xuất bóng, đèn trang trí, đèn thuỷ, hình cầu",94059140,SP ĐÈN/THIẾT BỊ CHIẾU SÁNG,LK,Bộ phận thủy tinh — chao đèn / thông phong,Chao Đèn Thủy Tinh,0
"đèn, trí sản xuất, tinh glass lampshades, trí nội thất, xuất lắp ráp, trang trí sản, sản xuất lắp, trang trí nội, nội thất dongguan, glass lampshades kt, thất dongguan weijun, thuỷ tinh glass, dongguan weijun trading, bộ phận, led kính cường",94059150,SP ĐÈN/THIẾT BỊ CHIẾU SÁNG,LK,Bộ phận thủy tinh — đèn pha,Chụp Đèn Trang Trí,0
"đèn, trí sản xuất, tinh glass lampshades, trí nội thất, xuất lắp ráp, trang trí sản, sản xuất lắp, trang trí nội, nội thất dongguan, glass lampshades kt, thất dongguan weijun, thuỷ tinh glass, dongguan weijun trading, bộ phận, led kính cường",94059150,SP ĐÈN/THIẾT BỊ CHIẾU SÁNG,LK,Bộ phận thủy tinh — đèn pha,[OUTLIER] kính đèn pha,-1
"đèn, thủy tinh, kích thước, led, kính cường lực, chất liệu kính, liệu kính cường, glass, bộ phận, chụp, cường lực suốt, ốp bảo vệ, trang trí, bóng, tinh kích",94059190,SP ĐÈN/THIẾT BỊ CHIẾU SÁNG,LK,Bộ phận thủy tinh — loại khác,[OUTLIER] đèn tinh thủy,-1
"đèn, thủy tinh, kích thước, led, kính cường lực, chất liệu kính, liệu kính cường, glass, bộ phận, chụp, cường lực suốt, ốp bảo vệ, trang trí, bóng, tinh kích",94059190,SP ĐÈN/THIẾT BỊ CHIẾU SÁNG,LK,Bộ phận thủy tinh — loại khác,Ốp Bảo Vệ Đèn Led Kính Cường Lực,28
"đèn, thủy tinh, kích thước, led, kính cường lực, chất liệu kính, liệu kính cường, glass, bộ phận, chụp, cường lực suốt, ốp bảo vệ, trang trí, bóng, tinh kích",94059190,SP ĐÈN/THIẾT BỊ CHIẾU SÁNG,LK,Bộ phận thủy tinh — loại khác,Chụp Đèn Bằng Thủy Tinh Nội Thất,23
"đèn, thủy tinh, kích thước, led, kính cường lực, chất liệu kính, liệu kính cường, glass, bộ phận, chụp, cường lực suốt, ốp bảo vệ, trang trí, bóng, tinh kích",94059190,SP ĐÈN/THIẾT BỊ CHIẾU SÁNG,LK,Bộ phận thủy tinh — loại khác,Chóa đèn thủy tinh,1
"đèn, thủy tinh, kích thước, led, kính cường lực, chất liệu kính, liệu kính cường, glass, bộ phận, chụp, cường lực suốt, ốp bảo vệ, trang trí, bóng, tinh kích",94059190,SP ĐÈN/THIẾT BỊ CHIẾU SÁNG,LK,Bộ phận thủy tinh — loại khác,Chụp đèn tường,6
"đèn, thủy tinh, kích thước, led, kính cường lực, chất liệu kính, liệu kính cường, glass, bộ phận, chụp, cường lực suốt, ốp bảo vệ, trang trí, bóng, tinh kích",94059190,SP ĐÈN/THIẾT BỊ CHIẾU SÁNG,LK,Bộ phận thủy tinh — loại khác,Đèn Led RoHS,17
"chiếu sáng, thiết bị chiếu, ráp thiết bị, lắp ráp thiết, kích thước 11, sáng kích thước, thước 11 13, đèn bàn glass, bàn glass lamp, phận đèn bàn, thủy tinh bộ, tinh bộ phận, guan weng yuan, shao guan weng, weng yuan pearly",94059190,SP ĐÈN/THIẾT BỊ CHIẾU SÁNG,LK,Bộ phận thủy tinh — loại khác,Bàn chiếu sáng ống,2
"chiếu sáng, thiết bị chiếu, ráp thiết bị, lắp ráp thiết, kích thước 11, sáng kích thước, thước 11 13, phận đèn chiếu, tinh lắp ráp, thủy tinh lắp, ceramic lắp ráp, chụp đèn ceramic, đèn ceramic lắp, sáng glass rod, rod kích thước",94059190,SP ĐÈN/THIẾT BỊ CHIẾU SÁNG,LK,Bộ phận thủy tinh — loại khác,Thiết bị chiếu sáng,10
"đèn, thủy tinh, kích thước, led, kính cường lực, chất liệu kính, liệu kính cường, glass, bộ phận, chụp, cường lực suốt, ốp bảo vệ, trang trí, bóng, tinh kích",94059190,SP ĐÈN/THIẾT BỊ CHIẾU SÁNG,LK,Bộ phận thủy tinh — loại khác,Kính cường lực đèn,3
"đèn, thủy tinh, kích thước, led, kính cường lực, chất liệu kính, liệu kính cường, glass, bộ phận, chụp, cường lực suốt, ốp bảo vệ, trang trí, bóng, tinh kích",94059190,SP ĐÈN/THIẾT BỊ CHIẾU SÁNG,LK,Bộ phận thủy tinh — loại khác,Mảnh chùm đèn,11
"đèn, thủy tinh, kích thước, led, kính cường lực, chất liệu kính, liệu kính cường, glass, bộ phận, chụp, cường lực suốt, ốp bảo vệ, trang trí, bóng, tinh kích",94059190,SP ĐÈN/THIẾT BỊ CHIẾU SÁNG,LK,Bộ phận thủy tinh — loại khác,Bóng đèn thủy tinh,5
"đèn, thủy tinh, kích thước, led, kính cường lực, chất liệu kính, liệu kính cường, glass, bộ phận, chụp, cường lực suốt, ốp bảo vệ, trang trí, bóng, tinh kích",94059190,SP ĐÈN/THIẾT BỊ CHIẾU SÁNG,LK,Bộ phận thủy tinh — loại khác,Chụp Đèn Bằng Thủy Tinh Bằng Kiện Vít,19
"đèn, thủy tinh, kích thước, led, kính cường lực, chất liệu kính, liệu kính cường, glass, bộ phận, chụp, cường lực suốt, ốp bảo vệ, trang trí, bóng, tinh kích",94059190,SP ĐÈN/THIẾT BỊ CHIẾU SÁNG,LK,Bộ phận thủy tinh — loại khác,Chao Đèn Bằng Thủy Tinh,15
"đèn, thủy tinh, kích thước, led, kính cường lực, chất liệu kính, liệu kính cường, glass, bộ phận, chụp, cường lực suốt, ốp bảo vệ, trang trí, bóng, tinh kích",94059190,SP ĐÈN/THIẾT BỊ CHIẾU SÁNG,LK,Bộ phận thủy tinh — loại khác,Nắp chụp đèn,14
"đèn, thủy tinh, kích thước, led, kính cường lực, chất liệu kính, liệu kính cường, glass, bộ phận, chụp, cường lực suốt, ốp bảo vệ, trang trí, bóng, tinh kích",94059190,SP ĐÈN/THIẾT BỊ CHIẾU SÁNG,LK,Bộ phận thủy tinh — loại khác,Chụp Đèn Bằng Thủy Tinh Quạt Trần,25
"kính cường lực, chất liệu kính, liệu kính cường, bảo vệ đèn, vệ đèn led, led kích thước, đèn led kích, cường lực suốt, ốp bảo vệ, đường kính, thủy tinh đường, tknk, kính đèn, vỏ bảo vệ, cường lực kích",94059190,SP ĐÈN/THIẾT BỊ CHIẾU SÁNG,LK,Bộ phận thủy tinh — loại khác,đường kính ngủ cầu,32
"bóng đèn, vỏ bóng, đèn chóa đèn, chụp bóng, chóa đèn bẳng, thủy tinh glass, bẳng thủy tinh, đèn bẳng thủy, t3mm 304, t3 0mm, đèn thủy, tinh đường kính, thủy tinh đường, h123 t3mm, tinh glass 52435",94059190,SP ĐÈN/THIẾT BỊ CHIẾU SÁNG,LK,Bộ phận thủy tinh — loại khác,bóng h180mm islp11wh h400mm,31
"đèn, thủy tinh, kích thước, led, kính cường lực, chất liệu kính, liệu kính cường, glass, bộ phận, chụp, cường lực suốt, ốp bảo vệ, trang trí, bóng, tinh kích",94059190,SP ĐÈN/THIẾT BỊ CHIẾU SÁNG,LK,Bộ phận thủy tinh — loại khác,Chụp đèn bàn,7
"đèn, thủy tinh, kích thước, led, kính cường lực, chất liệu kính, liệu kính cường, glass, bộ phận, chụp, cường lực suốt, ốp bảo vệ, trang trí, bóng, tinh kích",94059190,SP ĐÈN/THIẾT BỊ CHIẾU SÁNG,LK,Bộ phận thủy tinh — loại khác,Chụp đèn LED,12
"đèn, thủy tinh, kích thước, led, kính cường lực, chất liệu kính, liệu kính cường, glass, bộ phận, chụp, cường lực suốt, ốp bảo vệ, trang trí, bóng, tinh kích",94059190,SP ĐÈN/THIẾT BỊ CHIẾU SÁNG,LK,Bộ phận thủy tinh — loại khác,Chụp Đèn Bằng Thủy Tinh Phụ Kiện Trần,22
"chao đèn, trí kt đường, đường kính lỗ, trang trí kt, kt đường kính, tinh hình nón, hình cầu thủy, đèn hình cầu, thủy tinh blz, kính lỗ 42mm, đèn ngủ glass, cụt đèn trang, nón cụt đèn, hình nón cụt, cầu thủy tinh",94059190,SP ĐÈN/THIẾT BỊ CHIẾU SÁNG,LK,Bộ phận thủy tinh — loại khác,blz chao cassia,38
"đèn, thủy tinh, kích thước, led, kính cường lực, chất liệu kính, liệu kính cường, glass, bộ phận, chụp, cường lực suốt, ốp bảo vệ, trang trí, bóng, tinh kích",94059190,SP ĐÈN/THIẾT BỊ CHIẾU SÁNG,LK,Bộ phận thủy tinh — loại khác,Chụp Đèn Bằng Thủy Tinh Phụ Kiện Chùm Thuỷ,21
"đèn, thủy tinh, kích thước, led, kính cường lực, chất liệu kính, liệu kính cường, glass, bộ phận, chụp, cường lực suốt, ốp bảo vệ, trang trí, bóng, tinh kích",94059190,SP ĐÈN/THIẾT BỊ CHIẾU SÁNG,LK,Bộ phận thủy tinh — loại khác,Chao Đèn Bằng Thủy Tinh Trong Suốt,16
"đèn, thủy tinh, kích thước, led, kính cường lực, chất liệu kính, liệu kính cường, glass, bộ phận, chụp, cường lực suốt, ốp bảo vệ, trang trí, bóng, tinh kích",94059190,SP ĐÈN/THIẾT BỊ CHIẾU SÁNG,LK,Bộ phận thủy tinh — loại khác,Bộ Phận Đèn Thờ Thân Tròn,27
"chụp đèn, trang trí, thủy tinh, glass lamp shade, trí nội thất, sx đồ trang, shade kích thước, đèn bẳng thủy, chụp bóng đèn, bóng đèn chóa, đèn chụp, phụ kiện đèn, sx đèn led, đèn trang, đèn chóa đèn",94059190,SP ĐÈN/THIẾT BỊ CHIẾU SÁNG,LK,Bộ phận thủy tinh — loại khác,trí chụp,40
"đèn, thủy tinh, kích thước, led, kính cường lực, chất liệu kính, liệu kính cường, glass, bộ phận, chụp, cường lực suốt, ốp bảo vệ, trang trí, bóng, tinh kích",94059190,SP ĐÈN/THIẾT BỊ CHIẾU SÁNG,LK,Bộ phận thủy tinh — loại khác,Bóng đèn thủy tinh T3mm,8
"đèn, thủy tinh, kích thước, led, kính cường lực, chất liệu kính, liệu kính cường, glass, bộ phận, chụp, cường lực suốt, ốp bảo vệ, trang trí, bóng, tinh kích",94059190,SP ĐÈN/THIẾT BỊ CHIẾU SÁNG,LK,Bộ phận thủy tinh — loại khác,Bộ Phận Đèn Led Hắt Chụp Trí,26
"đèn, thủy tinh, kích thước, led, kính cường lực, chất liệu kính, liệu kính cường, glass, bộ phận, chụp, cường lực suốt, ốp bảo vệ, trang trí, bóng, tinh kích",94059190,SP ĐÈN/THIẾT BỊ CHIẾU SÁNG,LK,Bộ phận thủy tinh — loại khác,Linh kiện đèn thờ,0
"đèn, thủy tinh, kích thước, led, kính cường lực, chất liệu kính, liệu kính cường, glass, bộ phận, chụp, cường lực suốt, ốp bảo vệ, trang trí, bóng, tinh kích",94059190,SP ĐÈN/THIẾT BỊ CHIẾU SÁNG,LK,Bộ phận thủy tinh — loại khác,Chụp Đèn Bằng Thủy Tinh,18
"thủy tinh dạng, tinh dạng hình, lighting glass lamp, đèn đèn tường, yalite lighting glass, dạng hình trụ, đèn tường chất, tường chất liệu, trụ kích thước, hình trụ kích, liệu thủy tinh, chất liệu thủy, đèn thả, chụp đèn đèn, kiện đèn chụp",94059190,SP ĐÈN/THIẾT BỊ CHIẾU SÁNG,LK,Bộ phận thủy tinh — loại khác,kèm dây thả dạng,35
"đèn, thủy tinh, kích thước, led, kính cường lực, chất liệu kính, liệu kính cường, glass, bộ phận, chụp, cường lực suốt, ốp bảo vệ, trang trí, bóng, tinh kích",94059190,SP ĐÈN/THIẾT BỊ CHIẾU SÁNG,LK,Bộ phận thủy tinh — loại khác,Chao đèn thủy tinh,4
"ống, sáng glass rod, rod kích thước, glass rod kích, chiếu sáng glass, sợi thủy tinh, chịu nhiệt sợi, gen chịu nhiệt, nhiệt sợi thủy, phận đèn chiếu, kích thước 33mmd, đèn chiếu sáng, thước phi 0x630mm, phi 0x630mm bộ, kích thước 0mm",94059190,SP ĐÈN/THIẾT BỊ CHIẾU SÁNG,LK,Bộ phận thủy tinh — loại khác,Ống gen chịu nhiệt,13
"đèn, thủy tinh, kích thước, led, kính cường lực, chất liệu kính, liệu kính cường, glass, bộ phận, chụp, cường lực suốt, ốp bảo vệ, trang trí, bóng, tinh kích",94059190,SP ĐÈN/THIẾT BỊ CHIẾU SÁNG,LK,Bộ phận thủy tinh — loại khác,Vỏ Bóng Đèn Bằng Thủy Tinh Glass,29
"bộ phận đèn, chụp đèn, thủy tinh, kích thước, glass lamp shade, phận đèn led, tinh bộ phận, sản xuất đèn, đèn chóa đèn, đèn thủy, đèn bẳng thủy, chụp bóng đèn, bóng đèn chóa, đèn chụp, phận đèn chùm",94059190,SP ĐÈN/THIẾT BỊ CHIẾU SÁNG,LK,Bộ phận thủy tinh — loại khác,phận chụp bàn,30
"đèn, thủy tinh, kích thước, led, kính cường lực, chất liệu kính, liệu kính cường, glass, bộ phận, chụp, cường lực suốt, ốp bảo vệ, trang trí, bóng, tinh kích",94059190,SP ĐÈN/THIẾT BỊ CHIẾU SÁNG,LK,Bộ phận thủy tinh — loại khác,Chụp Đèn Bằng Thủy Tinh Dạng Hình,20
"glass, bóng đèn, thủy tinh, vỏ bóng, shade, đèn thủy, lamp, trí nội thất, đồ trang trí, sx đồ trang, trang trí nội, chụp, tinh bộ phận, đèn chóa đèn, chóa đèn bẳng",94059190,SP ĐÈN/THIẾT BỊ CHIẾU SÁNG,LK,Bộ phận thủy tinh — loại khác,bóng t4mm glass h214mm,33
"bộ phận đèn, phận đèn led, tinh bộ phận, thủy tinh bộ, phận đèn chùm, thuỷ tinh, lamp shade kích, glass led lighting, tinh glass led, mảnh thủy tinh, đèn chùm mảnh, chùm mảnh thủy, guan weng yuan, shao guan weng, weng yuan pearly",94059190,SP ĐÈN/THIẾT BỊ CHIẾU SÁNG,LK,Bộ phận thủy tinh — loại khác,thuỷ phận,43
"đèn, thủy tinh, kích thước, led, kính cường lực, chất liệu kính, liệu kính cường, glass, bộ phận, chụp, cường lực suốt, ốp bảo vệ, trang trí, bóng, tinh kích",94059190,SP ĐÈN/THIẾT BỊ CHIẾU SÁNG,LK,Bộ phận thủy tinh — loại khác,Bộ Phận Đèn Chùm Hạt Nước,24
"glass, bóng đèn, thủy tinh, vỏ bóng, shade, đèn thủy, lamp, trí nội thất, đồ trang trí, sx đồ trang, trang trí nội, chụp, tinh bộ phận, đèn chóa đèn, chóa đèn bẳng",94059190,SP ĐÈN/THIẾT BỊ CHIẾU SÁNG,LK,Bộ phận thủy tinh — loại khác,bóng glass,34
"chiếu sáng, thiết bị chiếu, ráp thiết bị, lắp ráp thiết, kích thước 11, sáng kích thước, thước 11 13, phận đèn chiếu, tinh lắp ráp, thủy tinh lắp, ceramic lắp ráp, chụp đèn ceramic, đèn ceramic lắp, sáng glass rod, rod kích thước",94059190,SP ĐÈN/THIẾT BỊ CHIẾU SÁNG,LK,Bộ phận thủy tinh — loại khác,sáng chiếu dẫn bán,37
"phụ kiện đèn, đèn chụp đèn, chụp đèn đèn, kiện đèn chụp, tường, lighting glass lamp, yalite lighting glass, dạng hình trụ, tinh dạng hình, liệu thủy tinh, chất liệu thủy, trần, trụ kích thước, hình trụ kích, thủy tinh dạng",94059190,SP ĐÈN/THIẾT BỊ CHIẾU SÁNG,LK,Bộ phận thủy tinh — loại khác,thả trần hoặc tường,39
"trang trí, trí nội thất, sx đồ trang, đèn trang, glass shade thủy, đèn glass shade, chụp đèn glass, shade thủy tinh, trí kt đường, đường kính lỗ, kt đường kính, tinh hình nón, trí thủy tinh, thủy tinh kích, tinh kích thước",94059190,SP ĐÈN/THIẾT BỊ CHIẾU SÁNG,LK,Bộ phận thủy tinh — loại khác,nội thất trí,41
"sản xuất bóng, light shield sản, ngày 12 04, bóng đèn kiểm, tk 107096439001 ngày, chắn sáng light, shield sản xuất, đèn kiểm tk, sáng light shield, xuất bóng đèn, kiểm tk 107096439001, tấm chắn sáng, tấm kính hình, qui cách 219mm, cách 219mm 8mm",94059190,SP ĐÈN/THIẾT BỊ CHIẾU SÁNG,LK,Bộ phận thủy tinh — loại khác,tấm chắn kiểm ngày,42
"đèn, thủy tinh, kích thước, led, kính cường lực, chất liệu kính, liệu kính cường, glass, bộ phận, chụp, cường lực suốt, ốp bảo vệ, trang trí, bóng, tinh kích",94059190,SP ĐÈN/THIẾT BỊ CHIẾU SÁNG,LK,Bộ phận thủy tinh — loại khác,Bóng đèn thủy tinh T2mm,9
"chụp đèn, glass lamp shade, thủy tinh, shade kích thước, đèn bẳng thủy, chụp bóng đèn, bóng đèn chóa, đèn chụp, sx đèn led, đèn chóa đèn, thuỷ tinh, chóa đèn bẳng, lamp shade kích, phụ kiện đèn, đèn đèn",94059190,SP ĐÈN/THIẾT BỊ CHIẾU SÁNG,LK,Bộ phận thủy tinh — loại khác,thuỷ chụp,36
"mổ chất liệu, vị trí đèn, trùng bộ phận, điểu vị trí, trí đèn mổ, mổ thao tác, tác điểu vị, tay nắm tiệt, đèn mổ thao, tiệt trùng bộ, đèn mổ chất, thao tác điểu, chất liệu nhựa, bộ phận đèn, phận đèn mổ",94059210,SP ĐÈN/THIẾT BỊ CHIẾU SÁNG,LK,Bộ phận plastic — đèn phòng mổ,Đèn Tiệt Trùng,0
"đèn rọi, nhựa, lighting technology limited, wosen lighting technology, đường kính, rọi spotlight, number, phụ kiện, bộ phận đèn, led, thanh ray, nắp, zhongshan titan lighting, kiện đèn, chụp đèn",94059220,SP ĐÈN/THIẾT BỊ CHIẾU SÁNG,LK,Bộ phận plastic — đèn rọi,[OUTLIER] đèn nhựa rọi,-1
"đèn, pha, led, nhựa, thấu kính, bộ phận, tải 10 tấn, tùng xe tải, xe tải 10, phụ tùng xe, ul94 v2 mpl1060, v2 mpl1060 sx, chiếu, tấn bộ, plastic vỏ",94059230,SP ĐÈN/THIẾT BỊ CHIẾU SÁNG,LK,Bộ phận plastic — đèn pha,[OUTLIER] đèn led kính,-1
"đèn pha led, nhựa, thấu kính, kính đèn pha, led chiếu pha, đèn led chiếu, ul94 v2 mpl1060, mpl1060 sx đèn, đèn dạng hình, sx đèn led, thân đèn dạng, v2 mpl1060 sx, suốt, phi, ánh sáng",94059230,SP ĐÈN/THIẾT BỊ CHIẾU SÁNG,LK,Bộ phận plastic — đèn pha,THÁU KÍNH NHỰA TRONG SUỐT,3
"vỏ đèn pha, tải 10 tấn, tấn bộ phận, phận đèn pha, plastic vỏ đèn, tùng xe tải, đèn pha plastic, pha plastic vỏ, bộ phận đèn, xe tải 10, phụ tùng xe, pha t5g wg9925721001, đèn pha t5g, đèn pha hw76, pha hw76 wg9719720001",94059230,SP ĐÈN/THIẾT BỊ CHIẾU SÁNG,LK,Bộ phận plastic — đèn pha,PHỤ TÙNG XE TẢI,0
"đèn, pha, led, nhựa, thấu kính, bộ phận, tải 10 tấn, tùng xe tải, xe tải 10, phụ tùng xe, ul94 v2 mpl1060, v2 mpl1060 sx, chiếu, tấn bộ, plastic vỏ",94059230,SP ĐÈN/THIẾT BỊ CHIẾU SÁNG,LK,Bộ phận plastic — đèn pha,THÂN ĐÈN HÌNH CHIẾU,2
"thấu kính, kính đèn pha, đèn pha led, led nhựa suốt, pha led nhựa, ánh sáng, nhựa suốt phi, phận sản xuất, bộ phận sản, xuất đèn led, sản xuất đèn, tán xạ ánh, kính tán xạ, sáng dk, pha led phi",94059230,SP ĐÈN/THIẾT BỊ CHIẾU SÁNG,LK,Bộ phận plastic — đèn pha,THÁU KÍNH TÁN ÁNH SÁNG,1
"đèn, nhựa, led, kích thước, sản xuất, chụp, bộ phận, phi, nắp, sáng, chất liệu, dạng hình, tấm, ánh, phụ kiện",94059290,SP ĐÈN/THIẾT BỊ CHIẾU SÁNG,LK,Bộ phận plastic — loại khác,Tấm khuếch tán đèn LED,1
"đèn, nhựa, led, kích thước, sản xuất, chụp, nhan cdn thanh, ray nam châm, ip20 nhan cdn, cdn thanh ray, thanh ray nam, nôi thanh ray, bộ phận, chất liệu, phi",94059290,SP ĐÈN/THIẾT BỊ CHIẾU SÁNG,LK,Bộ phận plastic — loại khác,[OUTLIER] đèn nhựa led,-1
"đèn, nhựa, led, kích thước, sản xuất, chụp, bộ phận, nắp, phi, chất liệu, sáng, t5 tube light, dạng hình, ánh, tấm",94059290,SP ĐÈN/THIẾT BỊ CHIẾU SÁNG,LK,Bộ phận plastic — loại khác,Nắp đèn kèm dây,86
"đèn, nhựa, led, kích thước, sản xuất, chụp, bộ phận, phi, nắp, sáng, chất liệu, dạng hình, ánh, tấm, phụ kiện",94059290,SP ĐÈN/THIẾT BỊ CHIẾU SÁNG,LK,Bộ phận plastic — loại khác,Cánh đèn LED,2
"tán, nhựa zhongshan joyu, hợp nhựa zhongshan, kết hợp nhựa, thép kết hợp, vành vuông, trần, tấm khuếch, kt 170mmx85mm thép, sp44 v1 kt, đôi sp44 v1, vuông đôi sp44, v1 kt 170mmx85mm, v2 kt 85mmx85mm, sp44 v2 kt",94059290,SP ĐÈN/THIẾT BỊ CHIẾU SÁNG,LK,Bộ phận plastic — loại khác,trần tán vuông điểm,15
"đèn, nhựa, led, kích thước, sản xuất, chụp, bộ phận, phi, nắp, sáng, chất liệu, dạng hình, ánh, tấm, phụ kiện",94059290,SP ĐÈN/THIẾT BỊ CHIẾU SÁNG,LK,Bộ phận plastic — loại khác,Chi tiết dẫn hướng ánh sáng đèn,13
"bộ phận, phận đèn, t5 tube light, light 2ft fs, v2 hoàn chỉnh, fs v2 hoàn, fs v1 hoàn, nhựa zhongshan joyu, hợp nhựa zhongshan, kết hợp nhựa, thép kết hợp, vành vuông, lighting, light 1ft fs, tube light 1ft",94059290,SP ĐÈN/THIẾT BỊ CHIẾU SÁNG,LK,Bộ phận plastic — loại khác,phận light address tile,101
"đèn, nhựa, led, kích thước, sản xuất, chụp, bộ phận, nắp, phi, sáng, chất liệu, dạng hình, ánh, tấm, phụ kiện",94059290,SP ĐÈN/THIẾT BỊ CHIẾU SÁNG,LK,Bộ phận plastic — loại khác,Gá ốp đèn hình nắp,12
"đèn, nhựa, led, kích thước, sản xuất, chụp, bộ phận, phi, nắp, sáng, chất liệu, dạng hình, ánh, tấm, phụ kiện",94059290,SP ĐÈN/THIẾT BỊ CHIẾU SÁNG,LK,Bộ phận plastic — loại khác,Chụp đèn,45
"đèn, nhựa, led, kích thước, sản xuất, chụp, bộ phận, phi, nắp, sáng, chất liệu, dạng hình, ánh, tấm, phụ kiện",94059290,SP ĐÈN/THIẾT BỊ CHIẾU SÁNG,LK,Bộ phận plastic — loại khác,Chụp Đèn Chiều,62
"đèn, nhựa, led, kích thước, sản xuất, chụp, bộ phận, phi, nắp, sáng, chất liệu, dạng hình, ánh, tấm, phụ kiện",94059290,SP ĐÈN/THIẾT BỊ CHIẾU SÁNG,LK,Bộ phận plastic — loại khác,Khung đèn,85
"chụp đèn, phi, đèn nhựa, nắp chụp, xuất đèn chiếu, đèn chiếu sáng, nhựa sản xuất, chiếu sáng lampshade, khung đèn, sản xuất đèn, nhựa kt, đèn vật liệu, vật liệu nhựa, chụp phản quang, máng đèn led",94059290,SP ĐÈN/THIẾT BỊ CHIẾU SÁNG,LK,Bộ phận plastic — loại khác,chụp phi,20
"đèn, nhựa, led, kích thước, sản xuất, chụp, bộ phận, phi, nắp, sáng, chất liệu, dạng hình, tấm, ánh, phụ kiện",94059290,SP ĐÈN/THIẾT BỊ CHIẾU SÁNG,LK,Bộ phận plastic — loại khác,Tấm Phản Quang Đèn Led,71
"đèn, nhựa, led, kích thước, sản xuất, chụp, bộ phận, phi, nắp, chất liệu, sáng, dạng hình, ánh, tấm, phụ kiện",94059290,SP ĐÈN/THIẾT BỊ CHIẾU SÁNG,LK,Bộ phận plastic — loại khác,Chụp Đèn Phi,61
"t5 tube light, light 2ft fs, v2 hoàn chỉnh, fs v2 hoàn, fs v1 hoàn, bóng bán nguyệt, dây, nguyệt 4ft hoàn, bán nguyệt 4ft, light 1ft fs, tube light 1ft, kích thước l47, thước l47 w39, nguồn, nối ray",94059290,SP ĐÈN/THIẾT BỊ CHIẾU SÁNG,LK,Bộ phận plastic — loại khác,nối dây nguồn nước,104
"t5 tube light, thân đèn, chấu búp trụ, thân chấu búp, nguyên khối t100, khối t100 dongguan, thân nhôm nguyên, nhôm nguyên khối, light 2ft fs, v2 hoàn chỉnh, fs v2 hoàn, fs v1 hoàn, bóng bán nguyệt, lắp ráp, dây",94059290,SP ĐÈN/THIẾT BỊ CHIẾU SÁNG,LK,Bộ phận plastic — loại khác,thân đui ráp dây,19
"đèn chiếu sáng, xuất đèn chiếu, đèn nhựa sản, nhựa sản xuất, chiếu sáng lampshade, phản, nắp chụp đèn, quang nhựa kt, góc chiếu, nhựa đèn led, zhongshan joyu lighting, kích thước d70x0, nhựa pet smk, smk df kích, thước d70x0 zhongshan",94059290,SP ĐÈN/THIẾT BỊ CHIẾU SÁNG,LK,Bộ phận plastic — loại khác,góc chiếu phản choá,96
"đèn, nhựa, led, kích thước, sản xuất, chụp, nhan cdn thanh, ray nam châm, ip20 nhan cdn, cdn thanh ray, thanh ray nam, nôi thanh ray, bộ phận, chất liệu, phi",94059290,SP ĐÈN/THIẾT BỊ CHIẾU SÁNG,LK,Bộ phận plastic — loại khác,Chụp Đèn Bằng Nhựa,106
"công, đã gia, cắt sẵn bv, phận miếng nhựa, bộ phận miếng, miếng nhựa ps, btkkt sx đèn, bv btkkt sx, tắc đèn led, sáng kích thước, ánh sáng kích, led panel kích, panel kích thước, bv btkktdùng sx, btkktdùng sx đèn",94059290,SP ĐÈN/THIẾT BỊ CHIẾU SÁNG,LK,Bộ phận plastic — loại khác,cắt sẵn công btkktdùng,30
"đèn, nhựa, led, kích thước, sản xuất, chụp, bộ phận, phi, nắp, sáng, chất liệu, dạng hình, ánh, tấm, phụ kiện",94059290,SP ĐÈN/THIẾT BỊ CHIẾU SÁNG,LK,Bộ phận plastic — loại khác,Ruột mica đèn,53
"chấu búp trụ, thân chấu búp, đường kính, trụ nhôm t100, trụ nhôm t125, nhựa đường, đèn búp trụ, búp trụ nhựa, hình trụ, nhựa pp đường, kl19101711 ống kính, chiều 12 5mm, kính 25mm chiều, lượng mặt trời, năng lượng mặt",94059290,SP ĐÈN/THIẾT BỊ CHIẾU SÁNG,LK,Bộ phận plastic — loại khác,bầu rời trụ đường,24
"cacbon bề mặt, dụng 2811 cán, nguội thấm cacbon, tấm thép chuyên, thấm cacbon bề, mặt rồi mạ, rồi mạ kẽm, chuyên dụng 2811, bề mặt rồi, thép chuyên dụng, cán nguội thấm, mạ kẽm a0401000474, chống, dây điện chất, liệu nhựa nylon",94059290,SP ĐÈN/THIẾT BỊ CHIẾU SÁNG,LK,Bộ phận plastic — loại khác,Nút chống thấm nước,51
"đèn, nhựa, led, kích thước, sản xuất, chụp, bộ phận, phi, nắp, chất liệu, sáng, dạng hình, ánh, tấm, phụ kiện",94059290,SP ĐÈN/THIẾT BỊ CHIẾU SÁNG,LK,Bộ phận plastic — loại khác,Khung Đèn Phi,64
"đèn, nhựa, led, kích thước, sản xuất, chụp, bộ phận, phi, nắp, sáng, chất liệu, dạng hình, ánh, tấm, phụ kiện",94059290,SP ĐÈN/THIẾT BỊ CHIẾU SÁNG,LK,Bộ phận plastic — loại khác,Bộ phận lắp ráp đèn,8
"đèn, nhựa, led, kích thước, sản xuất, chụp, bộ phận, phi, nắp, sáng, chất liệu, dạng hình, ánh, tấm, phụ kiện",94059290,SP ĐÈN/THIẾT BỊ CHIẾU SÁNG,LK,Bộ phận plastic — loại khác,Len Góc Chiếu Đèn Led,72
"đèn, nhựa, led, kích thước, sản xuất, chụp, bộ phận, phi, nắp, sáng, chất liệu, dạng hình, ánh, tấm, phụ kiện",94059290,SP ĐÈN/THIẾT BỊ CHIẾU SÁNG,LK,Bộ phận plastic — loại khác,Đèn treo màn hình,78
"đèn, nhựa, led, kích thước, sản xuất, chụp, bộ phận, phi, nắp, chất liệu, sáng, dạng hình, ánh, tấm, phụ kiện",94059290,SP ĐÈN/THIẾT BỊ CHIẾU SÁNG,LK,Bộ phận plastic — loại khác,Đế cảm ứng đèn LED,11
"đèn, nhựa, led, kích thước, sản xuất, chụp, bộ phận, phi, nắp, sáng, chất liệu, dạng hình, ánh, tấm, phụ kiện",94059290,SP ĐÈN/THIẾT BỊ CHIẾU SÁNG,LK,Bộ phận plastic — loại khác,Bộ phận khung thân đèn,0
"đèn, nhựa, led, kích thước, sản xuất, chụp, bộ phận, nắp, phi, sáng, chất liệu, dạng hình, tấm, ánh, phụ kiện",94059290,SP ĐÈN/THIẾT BỊ CHIẾU SÁNG,LK,Bộ phận plastic — loại khác,Mặt nạ bảo vệ đèn,14
"đèn, nhựa, led, kích thước, sản xuất, chụp, bộ phận, phi, nắp, sáng, chất liệu, dạng hình, ánh, tấm, phụ kiện",94059290,SP ĐÈN/THIẾT BỊ CHIẾU SÁNG,LK,Bộ phận plastic — loại khác,Bộ phận đèn,76
"đèn, nhựa, led, kích thước, sản xuất, chụp, bộ phận, phi, nắp, sáng, chất liệu, dạng hình, ánh, tấm, phụ kiện",94059290,SP ĐÈN/THIẾT BỊ CHIẾU SÁNG,LK,Bộ phận plastic — loại khác,Vỏ đèn bóng trụ,52
"t5 tube light, light 2ft fs, v2 hoàn chỉnh, fs v2 hoàn, fs v1 hoàn, bóng bán nguyệt, dây, nguyệt 4ft hoàn, bán nguyệt 4ft, light 1ft fs, tube light 1ft, kích thước l47, thước l47 w39, nối ray, led nhựa kèm",94059290,SP ĐÈN/THIẾT BỊ CHIẾU SÁNG,LK,Bộ phận plastic — loại khác,gắn dây biến khuôn,91
"đèn, nhựa, led, kích thước, sản xuất, chụp, bộ phận, phi, nắp, sáng, chất liệu, dạng hình, ánh, tấm, phụ kiện",94059290,SP ĐÈN/THIẾT BỊ CHIẾU SÁNG,LK,Bộ phận plastic — loại khác,Viền chụp đèn,7
"dạng hình, tấm, hình nhựa, đèn dạng, miếng nhựa, cacbon bề mặt, dụng 2811 cán, nguội thấm cacbon, thấm cacbon bề, mặt rồi mạ, rồi mạ kẽm, chuyên dụng 2811, bề mặt rồi, thép chuyên dụng, cán nguội thấm",94059290,SP ĐÈN/THIẾT BỊ CHIẾU SÁNG,LK,Bộ phận plastic — loại khác,dạng tấm miếng núm,41
"nẹp kính glass, kính glass bracket, glass bracket iron, đèn, nhựa, bracket iron 30, iron 30 30, t1 6mm 8mm, t1 0mm 301, led, bracket iron l12, iron l18 w11, t1 0mm 302, bracket iron l18, h8 t1 0mm",94059290,SP ĐÈN/THIẾT BỊ CHIẾU SÁNG,LK,Bộ phận plastic — loại khác,Nẹp kính đèn,5
"đèn, nhựa, led, kích thước, sản xuất, chụp, bộ phận, phi, nắp, sáng, chất liệu, dạng hình, tấm, ánh, phụ kiện",94059290,SP ĐÈN/THIẾT BỊ CHIẾU SÁNG,LK,Bộ phận plastic — loại khác,Chân đế đèn năng lượng mặt trời,6
"cấp, đèn khẩn, xứ trung quốc, xuất xứ trung, abs3370 kích thước, frpc abs3370 kích, nhựa cao, biệt chức năng, trạng thái phân, polycarbonate độ 5mm, chỉ thị trạng, phân biệt chức, thái phân biệt, liệu polycarbonate độ, thị trạng thái",94059290,SP ĐÈN/THIẾT BỊ CHIẾU SÁNG,LK,Bộ phận plastic — loại khác,khẩn cấp màng trạng,92
"ánh sáng, sáng đèn led, tán, xạ ánh, trần, tấm khuếch, sáng nhựa, đèn led ốp, dẫn hướng ánh, tiết dẫn hướng, led máy in, đèn led máy, chi tiết dẫn, phản xạ, nhựa polystyren",94059290,SP ĐÈN/THIẾT BỊ CHIẾU SÁNG,LK,Bộ phận plastic — loại khác,thả tán trần ánh,16
"chụp đèn, nắp chụp, đèn nhựa, xuất đèn chiếu, nhựa sản xuất, đèn chiếu sáng, chiếu sáng lampshade, sản xuất đèn, nhựa ps phi, đèn vật liệu, vật liệu nhựa, chụp phản quang, nhựa phi, quang nhựa kt, chụp dạng hình",94059290,SP ĐÈN/THIẾT BỊ CHIẾU SÁNG,LK,Bộ phận plastic — loại khác,báo chụp,29
"nắp, đèn nhựa sản, xuất đèn chiếu, đèn chiếu sáng, nhựa sản xuất, chiếu sáng lampshade, sản xuất đèn, hai đèn led, led nhựa kèm, nhựa kèm dây, bị đèn led, vệ thiết bị, thiết bị đèn, bảo vệ thiết, hộp",94059290,SP ĐÈN/THIẾT BỊ CHIẾU SÁNG,LK,Bộ phận plastic — loại khác,Nắp hộp công tắc,83
"đèn, nhựa, led, kích thước, sản xuất, chụp, nhan cdn thanh, ray nam châm, ip20 nhan cdn, cdn thanh ray, thanh ray nam, nôi thanh ray, bộ phận, chất liệu, phi",94059290,SP ĐÈN/THIẾT BỊ CHIẾU SÁNG,LK,Bộ phận plastic — loại khác,chụp đèn nhựa,18
"nguyên khối t100, khối t100 dongguan, thân nhôm nguyên, nhôm nguyên khối, liệu sản xuất, nguyên liệu sản, dây điện chất, liệu nhựa nylon, định dây nguồn, nút giữ dây, nylon ll cố, dây nguồn xuất, điện chất liệu, nhựa nylon ll, ll cố định",94059290,SP ĐÈN/THIẾT BỊ CHIẾU SÁNG,LK,Bộ phận plastic — loại khác,giữ nguyên phần kẹp,26
"đèn, nhựa, led, kích thước, sản xuất, chụp, bộ phận, phi, nắp, sáng, chất liệu, dạng hình, ánh, tấm, phụ kiện",94059290,SP ĐÈN/THIẾT BỊ CHIẾU SÁNG,LK,Bộ phận plastic — loại khác,Bông hoa đèn,50
"nẹp kính glass, kính glass bracket, glass bracket iron, bracket iron 30, iron 30 30, t1 6mm 8mm, t1 0mm 301, bracket iron l12, iron l18 w11, t1 0mm 302, bracket iron l18, h8 t1 0mm, bracket 941070 l15, glass bracket 941070, h17 t1 0mm",94059290,SP ĐÈN/THIẾT BỊ CHIẾU SÁNG,LK,Bộ phận plastic — loại khác,Ống kính trong suốt,54
"đèn, nhựa, led, kích thước, sản xuất, chụp, nhan cdn thanh, ray nam châm, ip20 nhan cdn, cdn thanh ray, thanh ray nam, nôi thanh ray, bộ phận, chất liệu, phi",94059290,SP ĐÈN/THIẾT BỊ CHIẾU SÁNG,LK,Bộ phận plastic — loại khác,Chụp Đèn Nhựa,67
"đèn, nhựa, led, kích thước, sản xuất, chụp, nhan cdn thanh, ray nam châm, ip20 nhan cdn, cdn thanh ray, thanh ray nam, nôi thanh ray, bộ phận, chất liệu, phi",94059290,SP ĐÈN/THIẾT BỊ CHIẾU SÁNG,LK,Bộ phận plastic — loại khác,Chụp Bóng Đèn Nhựa,73
"đèn, nhựa, led, kích thước, sản xuất, chụp, bộ phận, phi, nắp, sáng, chất liệu, dạng hình, ánh, tấm, phụ kiện",94059290,SP ĐÈN/THIẾT BỊ CHIẾU SÁNG,LK,Bộ phận plastic — loại khác,Khớp xoay thân đèn,79
"đèn, nhựa, led, kích thước, sản xuất, chụp, bộ phận, phi, nắp, sáng, chất liệu, dạng hình, ánh, tấm, phụ kiện",94059290,SP ĐÈN/THIẾT BỊ CHIẾU SÁNG,LK,Bộ phận plastic — loại khác,Chao đèn,82
"đèn, nhựa, led, kích thước, sản xuất, chụp, bộ phận, phi, nắp, sáng, chất liệu, dạng hình, ánh, tấm, phụ kiện",94059290,SP ĐÈN/THIẾT BỊ CHIẾU SÁNG,LK,Bộ phận plastic — loại khác,Nắp chụp đèn,87
"chụp đèn, nắp chụp, đèn nhựa, xuất đèn chiếu, nhựa sản xuất, đèn chiếu sáng, chiếu sáng lampshade, trần, sản xuất đèn, nhựa ps phi, đèn led ốp, đèn vật liệu, vật liệu nhựa, chụp phản quang, nhựa phi",94059290,SP ĐÈN/THIẾT BỊ CHIẾU SÁNG,LK,Bộ phận plastic — loại khác,quạt trần chụp,95
"đèn, nhựa, led, kích thước, sản xuất, chụp, bộ phận, nắp, phi, chất liệu, sáng, t5 tube light, dạng hình, ánh, tấm",94059290,SP ĐÈN/THIẾT BỊ CHIẾU SÁNG,LK,Bộ phận plastic — loại khác,Nắp Bộ Nguồn Đèn,105
"đèn led, led nhựa, dạng hình, sx đèn, nhựa kích thước, ánh sáng, hình nhựa, sản xuất, liệu nhựa, bộ phận đèn, led chất liệu, tấm, ul94 v2, xuất đèn, nhựa abs ul94",94059290,SP ĐÈN/THIẾT BỊ CHIẾU SÁNG,LK,Bộ phận plastic — loại khác,hạt led,28
"t5 tube light, light 2ft fs, v2 hoàn chỉnh, fs v2 hoàn, fs v1 hoàn, bảo vệ, bóng bán nguyệt, nguyệt 4ft hoàn, bán nguyệt 4ft, light 1ft fs, tube light 1ft, kích thước l47, ray dây chất, thước l47 w39, nối ray dây",94059290,SP ĐÈN/THIẾT BỊ CHIẾU SÁNG,LK,Bộ phận plastic — loại khác,nối khớp bảo,33
"đèn, nhựa, led, kích thước, sản xuất, chụp, bộ phận, nắp, phi, sáng, chất liệu, dạng hình, ánh, tấm, phụ kiện",94059290,SP ĐÈN/THIẾT BỊ CHIẾU SÁNG,LK,Bộ phận plastic — loại khác,Nắp đèn tròn,9
"thân đèn, chấu búp trụ, thân chấu búp, nguyên khối t100, khối t100 dongguan, thân nhôm nguyên, nhôm nguyên khối, trụ nhôm t100, trụ nhôm t125, đèn dạng hình, gồm đui đèn, bao gồm đui, bộ phận thân, chao đèn bóng, vệ chao đèn",94059290,SP ĐÈN/THIẾT BỊ CHIẾU SÁNG,LK,Bộ phận plastic — loại khác,xoáy thân,17
"cắm, sơn rosh sx, rosh sx đèn, phủ sơn rosh, đất, chân đế đèn, chao đèn bóng, vệ chao đèn, đèn bóng đèn, bảo vệ chao, phần nhựa abs, chốt định vị, hình zdl1186 3w, v0 chốt định, định vị nhôm",94059290,SP ĐÈN/THIẾT BỊ CHIẾU SÁNG,LK,Bộ phận plastic — loại khác,đất phủ sơn cắm,22
"phi, khung đèn nhựa, đèn nhựa kt, máng đèn led, quang nhựa kt, h26 1mm, thấu quang nhựa, đèn thấu quang, chụp đèn thấu, đèn nhựa ps, chụp phản quang, chụp đèn nhựa, khung đỡ 27, nhựa khung đỡ, đỡ 27 25",94059290,SP ĐÈN/THIẾT BỊ CHIẾU SÁNG,LK,Bộ phận plastic — loại khác,khung phi,27
"ống kính suốt, kính suốt chất, suốt chất liệu, độ kích thước, dạng hình, hình nhựa, phụ kiện, đèn dạng, nhựa 170 độ, liệu nhựa 170, xuất đèn led, thước l65 w15, nhựa 160 độ, w15 h7 0mm, kl20112811 ống kính",94059290,SP ĐÈN/THIẾT BỊ CHIẾU SÁNG,LK,Bộ phận plastic — loại khác,ống tường phụ dạng,37
"phụ kiện, liệu nhựa kxđ, kiện bảo vệ, kiện sản xuất, khung đỡ 27, nhựa khung đỡ, đỡ 27 25, kiện nhựa khung, linh kiện sản, kiện linh kiện, kiện đèn, kiện nắp nhựa, vệ đèn led, bắt ốc tường, khoan lỗ bắt",94059290,SP ĐÈN/THIẾT BỊ CHIẾU SÁNG,LK,Bộ phận plastic — loại khác,khớp phụ răng cưa,38
"dạng hình, hình nhựa, đèn dạng, xuất đèn led, nhựa ul94, tấm miếng nhựa, ul94 v2, miếng nhựa dạng, nhựa abs ul94, nắp chụp dạng, sản xuất đèn, ánh sáng dạng, suốt vpl 1052, mask nhãn hiệu, kính phẳng 180x180mm",94059290,SP ĐÈN/THIẾT BỊ CHIẾU SÁNG,LK,Bộ phận plastic — loại khác,dạng hình núm chốt,42
"đèn, nhựa, led, kích thước, sản xuất, chụp, bộ phận, nắp, phi, sáng, chất liệu, dạng hình, ánh, tấm, phụ kiện",94059290,SP ĐÈN/THIẾT BỊ CHIẾU SÁNG,LK,Bộ phận plastic — loại khác,Nắp đèn,47
"chụp đèn, nắp chụp, đèn nhựa, xuất đèn chiếu, nhựa sản xuất, đèn chiếu sáng, chiếu sáng lampshade, phản, sản xuất đèn, nhựa ps phi, vật liệu nhựa, đèn vật liệu, quang nhựa, nhựa phi, chụp dạng hình",94059290,SP ĐÈN/THIẾT BỊ CHIẾU SÁNG,LK,Bộ phận plastic — loại khác,phản chụp,103
"đèn, nhựa, led, kích thước, sản xuất, chụp, bộ phận, nắp, phi, sáng, chất liệu, dạng hình, ánh, tấm, phụ kiện",94059290,SP ĐÈN/THIẾT BỊ CHIẾU SÁNG,LK,Bộ phận plastic — loại khác,Linh kiện lắp ráp đèn,3
"đèn, nhựa, led, kích thước, sản xuất, chụp, bộ phận, phi, nắp, sáng, chất liệu, dạng hình, ánh, tấm, phụ kiện",94059290,SP ĐÈN/THIẾT BỊ CHIẾU SÁNG,LK,Bộ phận plastic — loại khác,Chụp Đèn Truyền Ánh,68
"đèn, nhựa, led, kích thước, sản xuất, chụp, bộ phận, phi, nắp, sáng, chất liệu, dạng hình, ánh, tấm, phụ kiện",94059290,SP ĐÈN/THIẾT BỊ CHIẾU SÁNG,LK,Bộ phận plastic — loại khác,Thân đèn,80
"đèn, nhựa, led, kích thước, sản xuất, chụp, bộ phận, nắp, phi, sáng, chất liệu, dạng hình, ánh, tấm, phụ kiện",94059290,SP ĐÈN/THIẾT BỊ CHIẾU SÁNG,LK,Bộ phận plastic — loại khác,Nắp cạnh đèn,88
"sáng, ánh, xuất đèn chiếu, đèn nhựa sản, nhựa sản xuất, phản, nắp chụp đèn, tán xạ, vật liệu, dẫn, chụp đèn vật, tấm khuếch tán, quang nhựa kt, led máy in, đèn led máy",94059290,SP ĐÈN/THIẾT BỊ CHIẾU SÁNG,LK,Bộ phận plastic — loại khác,Vật phản xạ ánh sáng,89
"phụ kiện, lắp ráp, thép a3 bề, mặt mạ kẽm, bề mặt mạ, a3 bề mặt, bảng lắp đặt, ráp đèn, thiết bị, liệu nhựa kxđ, bị đèn led, nắp bảo vệ, bảo vệ thiết, nhựa lắp, đặt thép a3",94059290,SP ĐÈN/THIẾT BỊ CHIẾU SÁNG,LK,Bộ phận plastic — loại khác,thiết ráp lắp phụ,97
"bộ phận, phận đèn, nhựa bộ, nhựa plastic led, led nhựa plastic, plastic led lighting, chóa đèn, lighting address light, led lighting address, dẫn hướng ánh, tiết dẫn hướng, led máy in, đèn led máy, chi tiết dẫn, hướng ánh sáng",94059290,SP ĐÈN/THIẾT BỊ CHIẾU SÁNG,LK,Bộ phận plastic — loại khác,phận tháo rời chóa,98
"nhựa zhongshan joyu, hợp nhựa zhongshan, kết hợp nhựa, thép kết hợp, vành vuông, kt 170mmx85mm thép, sp44 v1 kt, đôi sp44 v1, vuông đôi sp44, v1 kt 170mmx85mm, v2 kt 85mmx85mm, sp44 v2 kt, vuông sp44 v2, kt 85mmx85mm thép, liệu nhựa kxđ",94059290,SP ĐÈN/THIẾT BỊ CHIẾU SÁNG,LK,Bộ phận plastic — loại khác,kxđ vành đĩa,102
"đèn, nhựa, led, kích thước, sản xuất, chụp, bộ phận, phi, nắp, chất liệu, sáng, dạng hình, ánh, tấm, phụ kiện",94059290,SP ĐÈN/THIẾT BỊ CHIẾU SÁNG,LK,Bộ phận plastic — loại khác,Hộp mạch cảm biến đèn LED,10
"dạng hình, hình nhựa, đèn dạng, trần, nhựa ul94, xuất đèn led, tấm miếng nhựa, miếng nhựa dạng, nhựa abs ul94, đèn led ốp, sx đèn led, ul94 v2, nắp chụp dạng, ánh sáng dạng, sản xuất đèn",94059290,SP ĐÈN/THIẾT BỊ CHIẾU SÁNG,LK,Bộ phận plastic — loại khác,sám thả trần dạng,21
"dây nắp trái, nắp trái 44, trái 44 43, đầu hồi, hồi đèn, zdl1334 04w kt, ul94 hb zdl1334, kt 22 18, hb zdl1334 04w, trái nhựa, mxl2058 led24k8040 sx, nhựa mxl2058 led24k8040, led24k8040 sx đèn, led nhựa kèm, nắp hai đèn",94059290,SP ĐÈN/THIẾT BỊ CHIẾU SÁNG,LK,Bộ phận plastic — loại khác,hồi trái,31
"chụp đèn, phi, đèn nhựa, nắp chụp, xuất đèn chiếu, đèn chiếu sáng, nhựa sản xuất, chiếu sáng lampshade, khung đèn, sản xuất đèn, nhựa kt, đèn vật liệu, vật liệu nhựa, chụp phản quang, máng đèn led",94059290,SP ĐÈN/THIẾT BỊ CHIẾU SÁNG,LK,Bộ phận plastic — loại khác,chụp phi t3mm,34
"chụp đèn, nắp chụp, đèn nhựa, xuất đèn chiếu, nhựa sản xuất, đèn chiếu sáng, chiếu sáng lampshade, sản xuất đèn, ánh sáng nhựa, nhựa ps phi, đèn vật liệu, vật liệu nhựa, chụp phản quang, máy, nhựa phi",94059290,SP ĐÈN/THIẾT BỊ CHIẾU SÁNG,LK,Bộ phận plastic — loại khác,hút máy chân chụp,36
"dạng hình, tấm, hình nhựa, đèn dạng, cacbon bề mặt, dụng 2811 cán, nguội thấm cacbon, thấm cacbon bề, mặt rồi mạ, rồi mạ kẽm, chuyên dụng 2811, bề mặt rồi, thép chuyên dụng, cán nguội thấm, mạ kẽm a0401000474",94059290,SP ĐÈN/THIẾT BỊ CHIẾU SÁNG,LK,Bộ phận plastic — loại khác,tấm dạng hình lót,39
"nắp, đèn nhựa sản, xuất đèn chiếu, đèn chiếu sáng, nhựa sản xuất, chiếu sáng lampshade, sản xuất đèn, hai đèn led, nhựa kèm dây, led nhựa kèm, bị đèn led, vệ thiết bị, thiết bị đèn, bảo vệ thiết, chụp dạng hình",94059290,SP ĐÈN/THIẾT BỊ CHIẾU SÁNG,LK,Bộ phận plastic — loại khác,đáy biến cảm nắp,44
"đèn, nhựa, led, kích thước, sản xuất, chụp, bộ phận, phi, nắp, sáng, chất liệu, dạng hình, ánh, tấm, phụ kiện",94059290,SP ĐÈN/THIẾT BỊ CHIẾU SÁNG,LK,Bộ phận plastic — loại khác,Vỏ đèn,46
"sáng, ánh, tán, xuất đèn chiếu, đèn nhựa sản, nhựa sản xuất, tấm, miếng nhựa, nắp chụp đèn, khuếch, dẫn, led máy in, đèn led máy, nhựa dạng hình, lampshade",94059290,SP ĐÈN/THIẾT BỊ CHIẾU SÁNG,LK,Bộ phận plastic — loại khác,Miếng tán ánh sáng,49
"đèn, nhựa, led, kích thước, sản xuất, chụp, bộ phận, phi, nắp, sáng, chất liệu, dạng hình, ánh, tấm, phụ kiện",94059290,SP ĐÈN/THIẾT BỊ CHIẾU SÁNG,LK,Bộ phận plastic — loại khác,Mái Che Đèn Tường,63
"phòng mổ đèn, giả gỗ vỏ, pvc giả gỗ, ko ký hiệu, nhựa pvc giả, đèn chưahoànchỉnh ko, đèn phòng mổ, pvc đèn phòng, mổ đèn rọi, chưahoànchỉnh ko ký, vỏ nhựa pvc, gỗ vỏ nhựa, phận đèn chưahoànchỉnh, nhựa pvc đèn, pha bộ phận",94059290,SP ĐÈN/THIẾT BỊ CHIẾU SÁNG,LK,Bộ phận plastic — loại khác,giả phòng rọi chưahoànchỉnh,90
"chụp đèn, nắp, đèn nhựa, xuất đèn chiếu, đèn chiếu sáng, sản xuất đèn, nhựa sản xuất, chiếu sáng lampshade, hai đèn led, led nhựa kèm, nhựa kèm dây, nhựa ps phi, đèn vật liệu, bị đèn led, vệ thiết bị",94059290,SP ĐÈN/THIẾT BỊ CHIẾU SÁNG,LK,Bộ phận plastic — loại khác,chói chống nắp chụp,93
"chụp đèn, nắp chụp, đèn nhựa, xuất đèn chiếu, nhựa sản xuất, đèn chiếu sáng, chiếu sáng lampshade, sản xuất đèn, nhựa ps phi, đèn vật liệu, vật liệu nhựa, chụp phản quang, nhựa phi, quang nhựa kt, chụp dạng hình",94059290,SP ĐÈN/THIẾT BỊ CHIẾU SÁNG,LK,Bộ phận plastic — loại khác,tản chụp,99
"nẹp kính glass, kính glass bracket, glass bracket iron, đèn, nhựa, bracket iron 30, iron 30 30, t1 6mm 8mm, t1 0mm 301, led, bracket iron l12, iron l18 w11, t1 0mm 302, bracket iron l18, h8 t1 0mm",94059290,SP ĐÈN/THIẾT BỊ CHIẾU SÁNG,LK,Bộ phận plastic — loại khác,Thấu kính đèn LED,4
"chụp đèn, phi, đèn nhựa, nắp chụp, xuất đèn chiếu, đèn chiếu sáng, nhựa sản xuất, chiếu sáng lampshade, khung đèn, sản xuất đèn, nhựa kt, vật liệu nhựa, đèn vật liệu, chụp phản quang, máng đèn led",94059290,SP ĐÈN/THIẾT BỊ CHIẾU SÁNG,LK,Bộ phận plastic — loại khác,chụp t3mm pmma phi,32
"thép a3 bề, mặt mạ kẽm, bề mặt mạ, a3 bề mặt, bảng lắp đặt, đặt thép a3, mạ kẽm a0401000080, lắp đặt thép, a0401000080 thép a3, lắp đặt a0401000080, đặt a0401000080 thép, bảng mạch, chứa tiền, suốt đèn hướng, mạch điện từ",94059290,SP ĐÈN/THIẾT BỊ CHIẾU SÁNG,LK,Bộ phận plastic — loại khác,bảng chứa tiền ghế,40
"nguyên khối t100, khối t100 dongguan, thân nhôm nguyên, nhôm nguyên khối, liệu sản xuất, nguyên liệu sản, lượng mặt trời, năng lượng mặt, đèn năng lượng, led nhựa pp, kết hợp đèn, hợp đèn năng, sản xuất bao, miếng nhựa phần, định dây điện",94059290,SP ĐÈN/THIẾT BỊ CHIẾU SÁNG,LK,Bộ phận plastic — loại khác,khối nguyên lượng,43
"đèn, nhựa, led, kích thước, sản xuất, chụp, bộ phận, phi, nắp, sáng, chất liệu, dạng hình, ánh, tấm, phụ kiện",94059290,SP ĐÈN/THIẾT BỊ CHIẾU SÁNG,LK,Bộ phận plastic — loại khác,Đế đèn lồng,55
"đèn, nhựa, led, kích thước, sản xuất, chụp, bộ phận, phi, nắp, sáng, chất liệu, dạng hình, tấm, ánh, phụ kiện",94059290,SP ĐÈN/THIẾT BỊ CHIẾU SÁNG,LK,Bộ phận plastic — loại khác,Mặt viền đèn,56
"đèn, nhựa, led, kích thước, sản xuất, chụp, bộ phận, phi, nắp, sáng, chất liệu, dạng hình, ánh, tấm, phụ kiện",94059290,SP ĐÈN/THIẾT BỊ CHIẾU SÁNG,LK,Bộ phận plastic — loại khác,Chao đèn hình,58
"đèn, nhựa, led, kích thước, sản xuất, chụp, bộ phận, phi, nắp, sáng, chất liệu, dạng hình, tấm, ánh, phụ kiện",94059290,SP ĐÈN/THIẾT BỊ CHIẾU SÁNG,LK,Bộ phận plastic — loại khác,Mặt trang trí đèn,59
"đèn, nhựa, led, kích thước, sản xuất, chụp, bộ phận, phi, nắp, chất liệu, sáng, dạng hình, ánh, tấm, phụ kiện",94059290,SP ĐÈN/THIẾT BỊ CHIẾU SÁNG,LK,Bộ phận plastic — loại khác,Máng định hình đèn,84
"ánh sáng, sáng đèn led, xạ ánh, khuếch tán ánh, tán xạ, tấm khuếch tán, sáng nhựa, dẫn hướng ánh, tiết dẫn hướng, led máy in, đèn led máy, chi tiết dẫn, phản xạ, nhựa polystyren, sáng dạng hình",94059290,SP ĐÈN/THIẾT BỊ CHIẾU SÁNG,LK,Bộ phận plastic — loại khác,khấu sân phục ánh,94
"bóng bán nguyệt, nguyệt 4ft hoàn, bán nguyệt 4ft, bóng đèn, chóa đèn, bán nguyệt 2ft, nguyệt 2ft hoàn, sản xuất bóng, m66 kt 1139x84x16, quang m66 kt, nhựa zhongshan shengwei, chóa tán quang, kt 1139x84x16 chất, tán quang m66, đèn bóng",94059290,SP ĐÈN/THIẾT BỊ CHIẾU SÁNG,LK,Bộ phận plastic — loại khác,kiểm hóa ngày bóng,100
"đèn, nhựa, led, kích thước, sản xuất, chụp, bộ phận, nắp, phi, chất liệu, sáng, dạng hình, ánh, tấm, phụ kiện",94059290,SP ĐÈN/THIẾT BỊ CHIẾU SÁNG,LK,Bộ phận plastic — loại khác,Nắp Đèn LED,107
"đèn, nhựa, led, kích thước, sản xuất, chụp, bộ phận, phi, nắp, sáng, chất liệu, dạng hình, ánh, tấm, phụ kiện",94059290,SP ĐÈN/THIẾT BỊ CHIẾU SÁNG,LK,Bộ phận plastic — loại khác,Đui Đèn Âm Trần,108
"đèn, nhựa, led, kích thước, sản xuất, chụp, bộ phận, phi, nắp, sáng, chất liệu, dạng hình, ánh, tấm, phụ kiện",94059290,SP ĐÈN/THIẾT BỊ CHIẾU SÁNG,LK,Bộ phận plastic — loại khác,Vách Ngăn Đèn Tường,60
"đèn trang trí, vải, chao đèn trang, chụp đèn, lampshade, polyester, nlc, trang trí ringsta, trang trí skottorp, kích thước, aspen creative corporation, nhãn hiệu aspen, creative corporation hàng, corporation hàng hóa, hiệu aspen creative",94059910,SP ĐÈN/THIẾT BỊ CHIẾU SÁNG,LK,Bộ phận đèn — chụp đèn vải,Chao Đèn Trang Trí,6
"đèn trang trí, vải, chao đèn trang, chụp đèn, lampshade, polyester, nlc, trang trí ringsta, trang trí skottorp, kích thước, aspen creative corporation, nhãn hiệu aspen, creative corporation hàng, corporation hàng hóa, hiệu aspen creative",94059910,SP ĐÈN/THIẾT BỊ CHIẾU SÁNG,LK,Bộ phận đèn — chụp đèn vải,Chụp Đèn Trang Trí,7
"đèn trang trí, vải, chao đèn trang, chụp đèn, lampshade, polyester, nlc, trang trí ringsta, trang trí skottorp, kích thước, aspen creative corporation, nhãn hiệu aspen, creative corporation hàng, corporation hàng hóa, hiệu aspen creative",94059910,SP ĐÈN/THIẾT BỊ CHIẾU SÁNG,LK,Bộ phận đèn — chụp đèn vải,[OUTLIER] đèn vải chụp,-1
"đèn trang trí, vải, chao đèn trang, chụp đèn, lampshade, polyester, nlc, trang trí ringsta, trang trí skottorp, kích thước, aspen creative corporation, nhãn hiệu aspen, creative corporation hàng, corporation hàng hóa, hiệu aspen creative",94059910,SP ĐÈN/THIẾT BỊ CHIẾU SÁNG,LK,Bộ phận đèn — chụp đèn vải,Phụ Kiện Đèn Thả Trần,0
"aspen creative corporation, nhãn hiệu aspen, creative corporation hàng, corporation hàng hóa, hiệu aspen creative, trí vải cotton, trang trí vải, chụp đèn trang, vải cotton item, kích thước, thước nhãn hiệu, xuất bóng đèn, sản xuất bóng, vải cotton kích, đèn trang trí",94059910,SP ĐÈN/THIẾT BỊ CHIẾU SÁNG,LK,Bộ phận đèn — chụp đèn vải,Bóng Kiểm Ngày Hóa,1
"đèn trang trí, vải, chao đèn trang, chụp đèn, lampshade, polyester, nlc, trang trí ringsta, trang trí skottorp, kích thước, aspen creative corporation, nhãn hiệu aspen, creative corporation hàng, corporation hàng hóa, hiệu aspen creative",94059910,SP ĐÈN/THIẾT BỊ CHIẾU SÁNG,LK,Bộ phận đèn — chụp đèn vải,Chụp Đèn Chiếu Sáng,2
"đèn trang trí, chao đèn trang, nlc vải polyester, lampshade, trang trí ringsta, trang trí skottorp, trang trí vải, chụp đèn trang, trí vải cotton, aspen creative corporation, nhãn hiệu aspen, creative corporation hàng, corporation hàng hóa, hiệu aspen creative, vải cotton item",94059910,SP ĐÈN/THIẾT BỊ CHIẾU SÁNG,LK,Bộ phận đèn — chụp đèn vải,Nội Thất Trí,5
"đèn trang trí, vải, chao đèn trang, chụp đèn, lampshade, polyester, nlc, trang trí ringsta, trang trí skottorp, kích thước, aspen creative corporation, nhãn hiệu aspen, creative corporation hàng, corporation hàng hóa, hiệu aspen creative",94059910,SP ĐÈN/THIẾT BỊ CHIẾU SÁNG,LK,Bộ phận đèn — chụp đèn vải,Phần Đồ Đèn,4
"chụp đèn, bộ phận đèn, kích thước, đèn trang trí, đèn chiếu sáng, phận đèn chiếu, guan weng yuan, shao guan weng, weng yuan pearly, gates furniture manufacturing, yuan pearly gates, pearly gates furniture, lamp shade, nhãn hiệu, hàng hóa",94059920,SP ĐÈN/THIẾT BỊ CHIẾU SÁNG,LK,Bộ phận đèn — chụp đèn vật liệu khác,[OUTLIER] đèn chụp trang,-1
"chụp đèn, bộ phận đèn, kích thước, đèn trang trí, đèn chiếu sáng, phận đèn chiếu, guan weng yuan, shao guan weng, weng yuan pearly, gates furniture manufacturing, yuan pearly gates, pearly gates furniture, lamp shade, nhãn hiệu, hàng hóa",94059920,SP ĐÈN/THIẾT BỊ CHIẾU SÁNG,LK,Bộ phận đèn — chụp đèn vật liệu khác,Chụp Đèn Đồng,0
"chụp đèn, bộ phận đèn, kích thước, đèn trang trí, đèn chiếu sáng, phận đèn chiếu, guan weng yuan, shao guan weng, weng yuan pearly, gates furniture manufacturing, yuan pearly gates, pearly gates furniture, lamp shade, nhãn hiệu, hàng hóa",94059920,SP ĐÈN/THIẾT BỊ CHIẾU SÁNG,LK,Bộ phận đèn — chụp đèn vật liệu khác,Chụp đèn trang trí thủy tinh,20
"chụp đèn, bộ phận đèn, kích thước, đèn trang trí, đèn chiếu sáng, phận đèn chiếu, guan weng yuan, shao guan weng, weng yuan pearly, gates furniture manufacturing, yuan pearly gates, pearly gates furniture, lamp shade, nhãn hiệu, hàng hóa",94059920,SP ĐÈN/THIẾT BỊ CHIẾU SÁNG,LK,Bộ phận đèn — chụp đèn vật liệu khác,Bao đèn gắn trần thép nhôm,21
"chụp đèn, bộ phận đèn, kích thước, đèn trang trí, đèn chiếu sáng, phận đèn chiếu, guan weng yuan, shao guan weng, weng yuan pearly, gates furniture manufacturing, yuan pearly gates, pearly gates furniture, lamp shade, nhãn hiệu, hàng hóa",94059920,SP ĐÈN/THIẾT BỊ CHIẾU SÁNG,LK,Bộ phận đèn — chụp đèn vật liệu khác,Chụp Đèn Phản Quang,10
"chụp đèn, bộ phận đèn, kích thước, đèn trang trí, đèn chiếu sáng, phận đèn chiếu, guan weng yuan, shao guan weng, weng yuan pearly, gates furniture manufacturing, yuan pearly gates, pearly gates furniture, lamp shade, nhãn hiệu, hàng hóa",94059920,SP ĐÈN/THIẾT BỊ CHIẾU SÁNG,LK,Bộ phận đèn — chụp đèn vật liệu khác,Chụp Đèn Đồng Bọc Vải,8
"chụp đèn, bộ phận đèn, kích thước, đèn trang trí, đèn chiếu sáng, phận đèn chiếu, guan weng yuan, shao guan weng, weng yuan pearly, gates furniture manufacturing, yuan pearly gates, pearly gates furniture, lamp shade, nhãn hiệu, hàng hóa",94059920,SP ĐÈN/THIẾT BỊ CHIẾU SÁNG,LK,Bộ phận đèn — chụp đèn vật liệu khác,Chụp đèn thủy tinh,15
"chụp đèn, bộ phận đèn, kích thước, đèn trang trí, đèn chiếu sáng, phận đèn chiếu, guan weng yuan, shao guan weng, weng yuan pearly, gates furniture manufacturing, yuan pearly gates, pearly gates furniture, lamp shade, nhãn hiệu, hàng hóa",94059920,SP ĐÈN/THIẾT BỊ CHIẾU SÁNG,LK,Bộ phận đèn — chụp đèn vật liệu khác,Chụp Đèn Lắp Ráp,9
"chụp đèn, bộ phận đèn, kích thước, đèn trang trí, đèn chiếu sáng, phận đèn chiếu, guan weng yuan, shao guan weng, weng yuan pearly, gates furniture manufacturing, yuan pearly gates, pearly gates furniture, lamp shade, nhãn hiệu, hàng hóa",94059920,SP ĐÈN/THIẾT BỊ CHIẾU SÁNG,LK,Bộ phận đèn — chụp đèn vật liệu khác,Chụp Đèn Thủy Tinh,13
"chụp đèn, bộ phận đèn, kích thước, đèn trang trí, đèn chiếu sáng, phận đèn chiếu, guan weng yuan, shao guan weng, weng yuan pearly, gates furniture manufacturing, yuan pearly gates, pearly gates furniture, lamp shade, nhãn hiệu, hàng hóa",94059920,SP ĐÈN/THIẾT BỊ CHIẾU SÁNG,LK,Bộ phận đèn — chụp đèn vật liệu khác,Chụp Đèn Nguyên Trí,6
"chụp đèn, bộ phận đèn, kích thước, đèn trang trí, đèn chiếu sáng, phận đèn chiếu, guan weng yuan, shao guan weng, weng yuan pearly, gates furniture manufacturing, yuan pearly gates, pearly gates furniture, lamp shade, nhãn hiệu, hàng hóa",94059920,SP ĐÈN/THIẾT BỊ CHIẾU SÁNG,LK,Bộ phận đèn — chụp đèn vật liệu khác,Chụp Đèn Mây Đan,5
"chụp đèn, bộ phận đèn, kích thước, đèn trang trí, đèn chiếu sáng, phận đèn chiếu, guan weng yuan, shao guan weng, weng yuan pearly, gates furniture manufacturing, yuan pearly gates, pearly gates furniture, lamp shade, nhãn hiệu, hàng hóa",94059920,SP ĐÈN/THIẾT BỊ CHIẾU SÁNG,LK,Bộ phận đèn — chụp đèn vật liệu khác,Chụp đèn nhựa nhôm,22
"chụp đèn, bộ phận đèn, kích thước, đèn trang trí, đèn chiếu sáng, phận đèn chiếu, guan weng yuan, shao guan weng, weng yuan pearly, gates furniture manufacturing, yuan pearly gates, pearly gates furniture, lamp shade, nhãn hiệu, hàng hóa",94059920,SP ĐÈN/THIẾT BỊ CHIẾU SÁNG,LK,Bộ phận đèn — chụp đèn vật liệu khác,Chụp Đèn Nhựa,1
"chụp đèn, bộ phận đèn, kích thước, đèn trang trí, đèn chiếu sáng, phận đèn chiếu, guan weng yuan, shao guan weng, weng yuan pearly, gates furniture manufacturing, yuan pearly gates, pearly gates furniture, lamp shade, nhãn hiệu, hàng hóa",94059920,SP ĐÈN/THIẾT BỊ CHIẾU SÁNG,LK,Bộ phận đèn — chụp đèn vật liệu khác,Chụp Đèn Nhôm,2
"chụp đèn, bộ phận đèn, kích thước, đèn trang trí, đèn chiếu sáng, phận đèn chiếu, guan weng yuan, shao guan weng, weng yuan pearly, gates furniture manufacturing, yuan pearly gates, pearly gates furniture, lamp shade, nhãn hiệu, hàng hóa",94059920,SP ĐÈN/THIẾT BỊ CHIẾU SÁNG,LK,Bộ phận đèn — chụp đèn vật liệu khác,Chụp đèn muối,16
"chụp đèn, bộ phận đèn, kích thước, đèn trang trí, đèn chiếu sáng, phận đèn chiếu, guan weng yuan, shao guan weng, weng yuan pearly, gates furniture manufacturing, yuan pearly gates, pearly gates furniture, lamp shade, nhãn hiệu, hàng hóa",94059920,SP ĐÈN/THIẾT BỊ CHIẾU SÁNG,LK,Bộ phận đèn — chụp đèn vật liệu khác,Chụp Đèn Hình Tròn,14
"chụp đèn, bộ phận đèn, kích thước, đèn trang trí, đèn chiếu sáng, phận đèn chiếu, guan weng yuan, shao guan weng, weng yuan pearly, gates furniture manufacturing, yuan pearly gates, pearly gates furniture, lamp shade, nhãn hiệu, hàng hóa",94059920,SP ĐÈN/THIẾT BỊ CHIẾU SÁNG,LK,Bộ phận đèn — chụp đèn vật liệu khác,Chụp Đèn Định Hướng Ánh Sáng,7
"chụp đèn, bộ phận đèn, kích thước, đèn trang trí, đèn chiếu sáng, phận đèn chiếu, guan weng yuan, shao guan weng, weng yuan pearly, gates furniture manufacturing, yuan pearly gates, pearly gates furniture, lamp shade, nhãn hiệu, hàng hóa",94059920,SP ĐÈN/THIẾT BỊ CHIẾU SÁNG,LK,Bộ phận đèn — chụp đèn vật liệu khác,Chao đèn trần sắt nhôm,19
"chụp đèn, bộ phận đèn, kích thước, đèn trang trí, đèn chiếu sáng, phận đèn chiếu, guan weng yuan, shao guan weng, weng yuan pearly, gates furniture manufacturing, yuan pearly gates, pearly gates furniture, lamp shade, nhãn hiệu, hàng hóa",94059920,SP ĐÈN/THIẾT BỊ CHIẾU SÁNG,LK,Bộ phận đèn — chụp đèn vật liệu khác,Chụp đèn hợp kim nhôm,23
"chụp đèn, bộ phận đèn, kích thước, đèn trang trí, đèn chiếu sáng, phận đèn chiếu, guan weng yuan, shao guan weng, weng yuan pearly, gates furniture manufacturing, yuan pearly gates, pearly gates furniture, lamp shade, nhãn hiệu, hàng hóa",94059920,SP ĐÈN/THIẾT BỊ CHIẾU SÁNG,LK,Bộ phận đèn — chụp đèn vật liệu khác,Chụp Đèn Đồng Đường Kính,4
"chụp đèn, bộ phận đèn, kích thước, đèn trang trí, đèn chiếu sáng, phận đèn chiếu, guan weng yuan, shao guan weng, weng yuan pearly, gates furniture manufacturing, yuan pearly gates, pearly gates furniture, lamp shade, nhãn hiệu, hàng hóa",94059920,SP ĐÈN/THIẾT BỊ CHIẾU SÁNG,LK,Bộ phận đèn — chụp đèn vật liệu khác,Chụp Đèn LED Gắn Bảng Mạch,11
"chụp đèn, bộ phận đèn, kích thước, đèn trang trí, đèn chiếu sáng, phận đèn chiếu, guan weng yuan, shao guan weng, weng yuan pearly, gates furniture manufacturing, yuan pearly gates, pearly gates furniture, lamp shade, nhãn hiệu, hàng hóa",94059920,SP ĐÈN/THIẾT BỊ CHIẾU SÁNG,LK,Bộ phận đèn — chụp đèn vật liệu khác,Chóa Đèn Nhôm,12
"chụp đèn, bộ phận đèn, kích thước, đèn trang trí, đèn chiếu sáng, phận đèn chiếu, guan weng yuan, shao guan weng, weng yuan pearly, gates furniture manufacturing, yuan pearly gates, pearly gates furniture, lamp shade, nhãn hiệu, hàng hóa",94059920,SP ĐÈN/THIẾT BỊ CHIẾU SÁNG,LK,Bộ phận đèn — chụp đèn vật liệu khác,Nắp bóng đèn LED,17
"chụp đèn, bộ phận đèn, kích thước, đèn trang trí, đèn chiếu sáng, phận đèn chiếu, guan weng yuan, shao guan weng, weng yuan pearly, gates furniture manufacturing, yuan pearly gates, pearly gates furniture, lamp shade, nhãn hiệu, hàng hóa",94059920,SP ĐÈN/THIẾT BỊ CHIẾU SÁNG,LK,Bộ phận đèn — chụp đèn vật liệu khác,Chao đèn trần nhựa,18
"đèn dầu, chất liệu, thép không gỉ, kiện bộ đèn, phụ kiện bộ, liệu thép không, kích thước, gỉ đóng chung, nến xuất khẩu, không gỉ đóng, đóng chung nến, chung nến xuất, xuất khẩu kích, thước phi, liên kết",94059930,SP ĐÈN/THIẾT BỊ CHIẾU SÁNG,LK,Bộ phận đèn — của đèn dầu 9405.50.11/9405.50.19,[OUTLIER] đèn dầu sắt,-1
"đèn dầu, chất liệu, thép không gỉ, kiện bộ đèn, phụ kiện bộ, liệu thép không, kích thước, gỉ đóng chung, nến xuất khẩu, không gỉ đóng, đóng chung nến, chung nến xuất, xuất khẩu kích, thước phi, liên kết",94059930,SP ĐÈN/THIẾT BỊ CHIẾU SÁNG,LK,Bộ phận đèn — của đèn dầu 9405.50.11/9405.50.19,PHỤ KIỆN ĐÈN DẦU,0
"đèn pha, pha led, nhôm, hợp kim, kích thước, đỡ đèn, vỏ đèn, bóng, công suất, đế đỡ, chất liệu, thép, pha chiếu sáng, chiếu sáng ngoài, sáng ngoài trời",94059940,SP ĐÈN/THIẾT BỊ CHIẾU SÁNG,LK,Bộ phận đèn — của đèn pha / đèn rọi,[OUTLIER] đèn led pha,-1
"đèn pha, pha led, nhôm, hợp kim, kích thước, đỡ đèn, vỏ đèn, bóng, công suất, đế đỡ, chất liệu, thép, pha chiếu sáng, chiếu sáng ngoài, sáng ngoài trời",94059940,SP ĐÈN/THIẾT BỊ CHIẾU SÁNG,LK,Bộ phận đèn — của đèn pha / đèn rọi,Đèn Chiếu Sáng,4
"đèn pha, pha led, nhôm, hợp kim, kích thước, đỡ đèn, vỏ đèn, bóng, công suất, đế đỡ, chất liệu, thép, pha chiếu sáng, chiếu sáng ngoài, sáng ngoài trời",94059940,SP ĐÈN/THIẾT BỊ CHIẾU SÁNG,LK,Bộ phận đèn — của đèn pha / đèn rọi,Suất Công Đèn,1
"bo bóng beam, thay thế nhãn, thế nhãn hiệu, hiệu mitek hbk, nhãn hiệu mitek, ballast, kiện thay thế, phụ kiện thay, msd, mitek hbk philips, mitek hbk yodn, mitek hbk osram, hri, silver, đèn pha chiếu",94059940,SP ĐÈN/THIẾT BỊ CHIẾU SÁNG,LK,Bộ phận đèn — của đèn pha / đèn rọi,Phụ Kiện Bóng,0
"giá đỡ đèn, nắp, thân đèn, đã ren đã, ren đã dán, luyện đã ren, tinh luyện đã, led thép spcc, hộp vỏ thân, đèn thép kích, thép spcc lắp, spcc lắp ráp, pha led thép, hộp đèn pha, đã dán kính",94059940,SP ĐÈN/THIẾT BỊ CHIẾU SÁNG,LK,Bộ phận đèn — của đèn pha / đèn rọi,Nắp Giá Thân,2
"bộ tấm bảo, tấm bảo vệ, bảo vệ chói, glare guard, vệ chói aal, đồng tinh luyện, tinh luyện dạng, cuộn chiều 1mm, vệ chói val, dạng cuộn chiều, bbz đồng tinh, luyện dạng cuộn, chói aal 1052, luyện chiều 1mm, tinh luyện chiều",94059940,SP ĐÈN/THIẾT BỊ CHIẾU SÁNG,LK,Bộ phận đèn — của đèn pha / đèn rọi,Đồng Luyện Chiều Dán,11
"đèn pha, pha led, nhôm, hợp kim, kích thước, đỡ đèn, vỏ đèn, bóng, công suất, đế đỡ, chất liệu, thép, pha chiếu sáng, chiếu sáng ngoài, sáng ngoài trời",94059940,SP ĐÈN/THIẾT BỊ CHIẾU SÁNG,LK,Bộ phận đèn — của đèn pha / đèn rọi,Giá Đỡ Đèn,12
"bo bóng beam, thay thế nhãn, thế nhãn hiệu, hiệu mitek hbk, nhãn hiệu mitek, ballast, kiện thay thế, phụ kiện thay, msd, mitek hbk philips, mitek hbk yodn, mitek hbk osram, hri, silver, platinum",94059940,SP ĐÈN/THIẾT BỊ CHIẾU SÁNG,LK,Bộ phận đèn — của đèn pha / đèn rọi,Phụ Kiện Rọi Nối,10
"trời hợp kim, kim nhôm nguồn, pha chiếu sáng, nhôm nguồn bóng, chiếu sáng ngoài, sáng ngoài trời, ngoài trời hợp, thước 10 14, nguồn bóng kích, bóng kích thước, kích thước 10, đèn pha chiếu, vỏ đèn pha, cố định, zhongshanlighting",94059940,SP ĐÈN/THIẾT BỊ CHIẾU SÁNG,LK,Bộ phận đèn — của đèn pha / đèn rọi,Miếng Định Nguồn,6
"đèn pha, pha led, nhôm, hợp kim, kích thước, đỡ đèn, vỏ đèn, bóng, công suất, đế đỡ, chất liệu, thép, pha chiếu sáng, chiếu sáng ngoài, sáng ngoài trời",94059940,SP ĐÈN/THIẾT BỊ CHIẾU SÁNG,LK,Bộ phận đèn — của đèn pha / đèn rọi,Khung Đèn,3
"pha led thép, led thép spcc, xoay thép hình, đế xoay thép, đường kính 166, đèn rọi, cố định, thanh, miếng cố, gồm chụp đèn, bộ khung đèn, thép bao gồm, định kích thước, bao gồm chụp, định đèn pha",94059940,SP ĐÈN/THIẾT BỊ CHIẾU SÁNG,LK,Bộ phận đèn — của đèn pha / đèn rọi,Thép Chụp Định Rọi,13
"trời hợp kim, kim nhôm nguồn, pha chiếu sáng, nhôm nguồn bóng, chiếu sáng ngoài, sáng ngoài trời, ngoài trời hợp, vỏ đèn pha, thước 10 14, nguồn bóng kích, bóng kích thước, kích thước 10, đèn pha chiếu, bộ phận, zhongshanlighting",94059940,SP ĐÈN/THIẾT BỊ CHIẾU SÁNG,LK,Bộ phận đèn — của đèn pha / đèn rọi,Bộ Phận Nguồn,5
"thân đèn, hộp, thép kích thước, nắp thân, đèn thép kích, vỏ thân, trụ, kích thước d122, kính thuỷ tinh, kết hợp kính, pha vỏ tấm, hợp kính thuỷ, đế chât khung, khung thân nhôm, thân nhôm kết",94059940,SP ĐÈN/THIẾT BỊ CHIẾU SÁNG,LK,Bộ phận đèn — của đèn pha / đèn rọi,Hộp Thân Trụ,8
"nhôm, đèn pha, hợp kim, vỏ đèn, pha led hợp, pha chiếu sáng, chiếu sáng ngoài, sáng ngoài trời, ngoài trời hợp, thước 10 14, nguồn bóng kích, bóng kích thước, kích thước 10, công suất, zhongshanlighting",94059940,SP ĐÈN/THIẾT BỊ CHIẾU SÁNG,LK,Bộ phận đèn — của đèn pha / đèn rọi,Hộp Nắp Nhôm,7
"bộ tấm bảo, vệ chói aal, xoay thép hình, đế xoay thép, đường kính 166, tinh luyện dạng, cuộn chiều 1mm, vệ chói val, dạng cuộn chiều, bbz đồng tinh, luyện dạng cuộn, chói aal 1052, đã dán kính, dán kính 1set, kính 1set 1pce",94059940,SP ĐÈN/THIẾT BỊ CHIẾU SÁNG,LK,Bộ phận đèn — của đèn pha / đèn rọi,Phần Kính Cốc,9
"đèn, kích thước, chất liệu, led, nhôm, bộ phận, liệu hợp kim, đế tản nhiệt, sắt, chiếu sáng, guan weng yuan, shao guan weng, weng yuan pearly, gates furniture manufacturing, yuan pearly gates",94059950,SP ĐÈN/THIẾT BỊ CHIẾU SÁNG,LK,Bộ phận đèn — gốm / sứ / kim loại,Đèn chiếu sáng,0
"đèn, kích thước, chất liệu, led, nhôm, bộ phận, liệu hợp kim, đế tản nhiệt, sắt, chiếu sáng, guan weng yuan, shao guan weng, weng yuan pearly, gates furniture manufacturing, yuan pearly gates",94059950,SP ĐÈN/THIẾT BỊ CHIẾU SÁNG,LK,Bộ phận đèn — gốm / sứ / kim loại,[OUTLIER] đèn led nhôm,-1
"đèn, kích thước, chất liệu, led, nhôm, bộ phận, liệu hợp kim, đế tản nhiệt, sắt, chiếu sáng, guan weng yuan, shao guan weng, weng yuan pearly, gates furniture manufacturing, yuan pearly gates",94059950,SP ĐÈN/THIẾT BỊ CHIẾU SÁNG,LK,Bộ phận đèn — gốm / sứ / kim loại,Thanh đèn LED,9
"đèn, kích thước, chất liệu, led, nhôm, bộ phận, liệu hợp kim, đế tản nhiệt, sắt, chiếu sáng, guan weng yuan, shao guan weng, weng yuan pearly, gates furniture manufacturing, yuan pearly gates",94059950,SP ĐÈN/THIẾT BỊ CHIẾU SÁNG,LK,Bộ phận đèn — gốm / sứ / kim loại,Phụ kiện đèn,4
"phụ kiện, kiện đèn, kích thước 02cm, ráp thiết bị, lắp ráp thiết, chiếu sáng kích, dành đèn led, sáng kích thước, kiện giá đỡ, giá đỡ dành, đỡ dành đèn, chất liệu sắt, liệu sắt kxđ, thiết bị chiếu, bị chiếu sáng",94059950,SP ĐÈN/THIẾT BỊ CHIẾU SÁNG,LK,Bộ phận đèn — gốm / sứ / kim loại,kiện viền chống vận,30
"đèn, kích thước, chất liệu, led, nhôm, bộ phận, liệu hợp kim, đế tản nhiệt, sắt, chiếu sáng, guan weng yuan, shao guan weng, weng yuan pearly, gates furniture manufacturing, yuan pearly gates",94059950,SP ĐÈN/THIẾT BỊ CHIẾU SÁNG,LK,Bộ phận đèn — gốm / sứ / kim loại,Phụ kiện đèn ốp trần,20
"kẽm, vị tròn chất, định vị tròn, hạt định vị, thép mạ, thước 50x50x2500mm lắp, điện công nghiệp, thống dây điện, kích thước 50x50x2500mm, lắp đặt hệ, đặt hệ thống, hệ thống dây, dây điện công, lục giác, ép hộp nguồn",94059950,SP ĐÈN/THIẾT BỊ CHIẾU SÁNG,LK,Bộ phận đèn — gốm / sứ / kim loại,giác lục kẽm trống,33
"đèn, kích thước, chất liệu, led, nhôm, bộ phận, liệu hợp kim, đế tản nhiệt, sắt, chiếu sáng, guan weng yuan, shao guan weng, weng yuan pearly, gates furniture manufacturing, yuan pearly gates",94059950,SP ĐÈN/THIẾT BỊ CHIẾU SÁNG,LK,Bộ phận đèn — gốm / sứ / kim loại,Tấm hạt đèn,1
"phụ kiện, kiện đèn, kích thước 02cm, ráp thiết bị, lắp ráp thiết, chiếu sáng kích, dành đèn led, sáng kích thước, kiện giá đỡ, giá đỡ dành, đỡ dành đèn, chất liệu sắt, liệu sắt kxđ, thiết bị chiếu, bị chiếu sáng",94059950,SP ĐÈN/THIẾT BỊ CHIẾU SÁNG,LK,Bộ phận đèn — gốm / sứ / kim loại,phụ ống kiện vòng,34
"đèn, kích thước, chất liệu, led, nhôm, bộ phận, liệu hợp kim, đế tản nhiệt, sắt, chiếu sáng, guan weng yuan, shao guan weng, weng yuan pearly, gates furniture manufacturing, yuan pearly gates",94059950,SP ĐÈN/THIẾT BỊ CHIẾU SÁNG,LK,Bộ phận đèn — gốm / sứ / kim loại,Nẹp đèn,8
"thân đèn, nắp, lamp cover kích, sáng lamp cover, cover kích thước, gốm kích thước, ceramic, furniture manufacturing fec, trang trí nội, trí nội thất, đèn thép bộ, đồ trang trí, sx đồ trang, thép bộ phận, chiếu sáng lamp",94059950,SP ĐÈN/THIẾT BỊ CHIẾU SÁNG,LK,Bộ phận đèn — gốm / sứ / kim loại,Viền thân nắp,62
"đèn, kích thước, chất liệu, led, nhôm, bộ phận, liệu hợp kim, đế tản nhiệt, sắt, chiếu sáng, guan weng yuan, shao guan weng, weng yuan pearly, gates furniture manufacturing, yuan pearly gates",94059950,SP ĐÈN/THIẾT BỊ CHIẾU SÁNG,LK,Bộ phận đèn — gốm / sứ / kim loại,Thân đèn LED,14
"nắp, lamp cover kích, sáng lamp cover, cover kích thước, bóng đèn, nhựa, furniture manufacturing fec, đèn thép bộ, thép bộ phận, chiếu sáng lamp, liệu chính sắt, đèn sắt cover, chất liệu chính, kèm bóng, đèn gắn đèn",94059950,SP ĐÈN/THIẾT BỊ CHIẾU SÁNG,LK,Bộ phận đèn — gốm / sứ / kim loại,Bóng nắp nhựa phía,58
"đèn, kích thước, chất liệu, led, nhôm, bộ phận, liệu hợp kim, đế tản nhiệt, sắt, chiếu sáng, guan weng yuan, shao guan weng, weng yuan pearly, gates furniture manufacturing, yuan pearly gates",94059950,SP ĐÈN/THIẾT BỊ CHIẾU SÁNG,LK,Bộ phận đèn — gốm / sứ / kim loại,Máng đèn,3
"thước 62 26, khoá cố định, chốt khoá cố, thép, đồng, phận đèn chiếu, guan weng yuan, shao guan weng, weng yuan pearly, gates furniture manufacturing, yuan pearly gates, pearly gates furniture, đèn chiếu sáng, thau bộ phận, bộ phận đèn",94059950,SP ĐÈN/THIẾT BỊ CHIẾU SÁNG,LK,Bộ phận đèn — gốm / sứ / kim loại,ngủ thép đồng chụp,40
"đèn, kích thước, chất liệu, led, nhôm, bộ phận, liệu hợp kim, đế tản nhiệt, sắt, chiếu sáng, guan weng yuan, shao guan weng, weng yuan pearly, gates furniture manufacturing, yuan pearly gates",94059950,SP ĐÈN/THIẾT BỊ CHIẾU SÁNG,LK,Bộ phận đèn — gốm / sứ / kim loại,Thân bóng đèn,24
"đèn, kích thước, chất liệu, led, nhôm, bộ phận, liệu hợp kim, đế tản nhiệt, sắt, chiếu sáng, guan weng yuan, shao guan weng, weng yuan pearly, gates furniture manufacturing, yuan pearly gates",94059950,SP ĐÈN/THIẾT BỊ CHIẾU SÁNG,LK,Bộ phận đèn — gốm / sứ / kim loại,Bộ phận đèn,60
"đèn, kích thước, chất liệu, led, nhôm, bộ phận, liệu hợp kim, đế tản nhiệt, sắt, chiếu sáng, guan weng yuan, shao guan weng, weng yuan pearly, gates furniture manufacturing, yuan pearly gates",94059950,SP ĐÈN/THIẾT BỊ CHIẾU SÁNG,LK,Bộ phận đèn — gốm / sứ / kim loại,Máng đèn led dây,21
"đèn, kích thước, chất liệu, led, nhôm, bộ phận, liệu hợp kim, đế tản nhiệt, sắt, chiếu sáng, guan weng yuan, shao guan weng, weng yuan pearly, gates furniture manufacturing, yuan pearly gates",94059950,SP ĐÈN/THIẾT BỊ CHIẾU SÁNG,LK,Bộ phận đèn — gốm / sứ / kim loại,Nắp chụp đèn treo tường,22
"khay trần canopy, trần canopy thép, canopy sắt kích, trần canopy sắt, canopy thép kích, thước 158 h36mm, h36mm sx đồ, mạ niken kích, liệu mạ niken, niken kích thước, tròn gắn trần, đế tròn gắn, kích thước 158, ốp trần, thước 130 h20",94059950,SP ĐÈN/THIẾT BỊ CHIẾU SÁNG,LK,Bộ phận đèn — gốm / sứ / kim loại,trần đặt phù viền,32
"đèn, kích thước, chất liệu, led, nhôm, bộ phận, liệu hợp kim, đế tản nhiệt, sắt, chiếu sáng, guan weng yuan, shao guan weng, weng yuan pearly, gates furniture manufacturing, yuan pearly gates",94059950,SP ĐÈN/THIẾT BỊ CHIẾU SÁNG,LK,Bộ phận đèn — gốm / sứ / kim loại,Giá đỡ đèn LED,45
"đèn, kích thước, chất liệu, led, nhôm, bộ phận, liệu hợp kim, đế tản nhiệt, sắt, chiếu sáng, guan weng yuan, shao guan weng, weng yuan pearly, gates furniture manufacturing, yuan pearly gates",94059950,SP ĐÈN/THIẾT BỊ CHIẾU SÁNG,LK,Bộ phận đèn — gốm / sứ / kim loại,Chao đèn kiểm hóa,28
"đèn, kích thước, chất liệu, led, nhôm, bộ phận, liệu hợp kim, đế tản nhiệt, sắt, chiếu sáng, guan weng yuan, shao guan weng, weng yuan pearly, gates furniture manufacturing, yuan pearly gates",94059950,SP ĐÈN/THIẾT BỊ CHIẾU SÁNG,LK,Bộ phận đèn — gốm / sứ / kim loại,Vành đĩa đèn,29
"tản nhiệt đèn, nhiệt đèn led, đế tản nhiệt, đèn led đèn, led đèn led, đèn led kích, led kích thước, kim nhôm adc12, chất liệu hợp, liệu hợp kim, hợp kim nhôm, máng đèn, kích thước phi, đèn thép spcc, thép spcc phi",94059950,SP ĐÈN/THIẾT BỊ CHIẾU SÁNG,LK,Bộ phận đèn — gốm / sứ / kim loại,Luồn tản nhiệt máng,51
"chiếu sáng, phận đèn chiếu, sáng lamp, thiết bị chiếu, sáng kích thước, guan weng yuan, shao guan weng, weng yuan pearly, gates furniture manufacturing, yuan pearly gates, pearly gates furniture, bộ phận đèn, ráp thiết bị, lắp ráp thiết, kích thước 02cm",94059950,SP ĐÈN/THIẾT BỊ CHIẾU SÁNG,LK,Bộ phận đèn — gốm / sứ / kim loại,chiếu sáng vành vật,44
"nắp, thiết bị chiếu, bị chiếu sáng, ráp thiết bị, lắp ráp thiết, kích thước 02cm, chiếu sáng kích, sáng kích thước, lamp cover kích, sáng lamp cover, cover kích thước, kiện đèn sắt, bảo vệ, phụ kiện đèn, furniture manufacturing fec",94059950,SP ĐÈN/THIẾT BỊ CHIẾU SÁNG,LK,Bộ phận đèn — gốm / sứ / kim loại,Nắp bảo vệ thiết bị,15
"đèn, kích thước, chất liệu, led, nhôm, bộ phận, liệu hợp kim, đế tản nhiệt, sắt, chiếu sáng, guan weng yuan, shao guan weng, weng yuan pearly, gates furniture manufacturing, yuan pearly gates",94059950,SP ĐÈN/THIẾT BỊ CHIẾU SÁNG,LK,Bộ phận đèn — gốm / sứ / kim loại,Vỏ đèn Led nhà xưởng,26
"tản nhiệt đèn, nhiệt đèn led, đế tản nhiệt, đèn led đèn, led đèn led, đèn led kích, led kích thước, kim nhôm adc12, hợp kim nhôm, chất liệu hợp, liệu hợp kim, nắp, mạ niken kích, liệu mạ niken, niken kích thước",94059950,SP ĐÈN/THIẾT BỊ CHIẾU SÁNG,LK,Bộ phận đèn — gốm / sứ / kim loại,Đường chụp nắp tản,47
"hình, chữ chất liệu, thước 38 5x48x19mm, kích thước 39x32, thước 39x32 2x15, dụng đèn trần, phòng mổ đèn, mạ nhựa đồng, ống nối vành, đèn phòng mổ, mổ đèn rọi, nắp ống nối, đèn rọi đèn, rọi đèn pha, nhựa đồng bộ",94059950,SP ĐÈN/THIẾT BỊ CHIẾU SÁNG,LK,Bộ phận đèn — gốm / sứ / kim loại,Màn máy tính hình,48
"chiếu sáng, phận đèn chiếu, sáng lamp, thiết bị chiếu, bộ phận đèn, guan weng yuan, shao guan weng, weng yuan pearly, gates furniture manufacturing, yuan pearly gates, pearly gates furniture, sáng kích thước, ráp thiết bị, lắp ráp thiết, kích thước 02cm",94059950,SP ĐÈN/THIẾT BỊ CHIẾU SÁNG,LK,Bộ phận đèn — gốm / sứ / kim loại,Hắt sáng tấm chụp,49
"phụ kiện, kiện đèn, kích thước 02cm, ráp thiết bị, lắp ráp thiết, mạ niken kích, liệu mạ niken, niken kích thước, tròn gắn trần, đế tròn gắn, chiếu sáng kích, dành đèn led, sáng kích thước, kiện giá đỡ, giá đỡ dành",94059950,SP ĐÈN/THIẾT BỊ CHIẾU SÁNG,LK,Bộ phận đèn — gốm / sứ / kim loại,Kiện đường,53
"đèn, kích thước, chất liệu, led, nhôm, bộ phận, liệu hợp kim, đế tản nhiệt, sắt, chiếu sáng, guan weng yuan, shao guan weng, weng yuan pearly, gates furniture manufacturing, yuan pearly gates",94059950,SP ĐÈN/THIẾT BỊ CHIẾU SÁNG,LK,Bộ phận đèn — gốm / sứ / kim loại,Trụ đèn nhôm,61
"đèn, kích thước, chất liệu, led, nhôm, bộ phận, liệu hợp kim, đế tản nhiệt, sắt, chiếu sáng, guan weng yuan, shao guan weng, weng yuan pearly, gates furniture manufacturing, yuan pearly gates",94059950,SP ĐÈN/THIẾT BỊ CHIẾU SÁNG,LK,Bộ phận đèn — gốm / sứ / kim loại,Chân đèn năng lượng,6
"đèn, kích thước, chất liệu, led, nhôm, bộ phận, liệu hợp kim, đế tản nhiệt, sắt, chiếu sáng, guan weng yuan, shao guan weng, weng yuan pearly, gates furniture manufacturing, yuan pearly gates",94059950,SP ĐÈN/THIẾT BỊ CHIẾU SÁNG,LK,Bộ phận đèn — gốm / sứ / kim loại,Đèn trùm,7
"đèn, kích thước, chất liệu, led, nhôm, bộ phận, liệu hợp kim, đế tản nhiệt, sắt, chiếu sáng, guan weng yuan, shao guan weng, weng yuan pearly, gates furniture manufacturing, yuan pearly gates",94059950,SP ĐÈN/THIẾT BỊ CHIẾU SÁNG,LK,Bộ phận đèn — gốm / sứ / kim loại,Van xả khí đèn,11
"đèn, base cover sắt, cover sắt kích, metal base cover, kích thước, vỏ đế metal, đế metal base, chất liệu, led, nhôm, bộ phận, vỏ đế sắt, đế sắt metal, liệu hợp kim, đế tản nhiệt",94059950,SP ĐÈN/THIẾT BỊ CHIẾU SÁNG,LK,Bộ phận đèn — gốm / sứ / kim loại,Nắp đèn bằng sắt,25
"khay trần canopy, trần canopy thép, canopy sắt kích, trần canopy sắt, canopy thép kích, thước 158 h36mm, h36mm sx đồ, mạ niken kích, liệu mạ niken, niken kích thước, tròn gắn trần, đế tròn gắn, đường, kích thước 158, kính",94059950,SP ĐÈN/THIẾT BỊ CHIẾU SÁNG,LK,Bộ phận đèn — gốm / sứ / kim loại,đường kính trần tròn,41
"kim loại, đế đèn ốp, ray dali dt8, dali dt8 kích, thanh ray dali, dt8 kích thước, đèn ốp tường, ốp tường kim, đèn kim, kích thước l1500mm, ray on off, off kích thước, thước l1500mm kim, thanh ray on, on off kích",94059950,SP ĐÈN/THIẾT BỊ CHIẾU SÁNG,LK,Bộ phận đèn — gốm / sứ / kim loại,Chưa phân loại,59
"đèn, kích thước, chất liệu, led, nhôm, bộ phận, liệu hợp kim, đế tản nhiệt, sắt, chiếu sáng, guan weng yuan, shao guan weng, weng yuan pearly, gates furniture manufacturing, yuan pearly gates",94059950,SP ĐÈN/THIẾT BỊ CHIẾU SÁNG,LK,Bộ phận đèn — gốm / sứ / kim loại,Linh kiện đèn thờ,2
"đèn, kích thước, chất liệu, led, nhôm, bộ phận, liệu hợp kim, đế tản nhiệt, sắt, chiếu sáng, guan weng yuan, shao guan weng, weng yuan pearly, gates furniture manufacturing, yuan pearly gates",94059950,SP ĐÈN/THIẾT BỊ CHIẾU SÁNG,LK,Bộ phận đèn — gốm / sứ / kim loại,Chân đế đèn,13
"ống, đường kính 14, kính 14 25mm, nhôm inox kích, liệu nhôm inox, cáp chất liệu, bọc cáp chất, phòng mổ đèn, mạ nhựa đồng, vành hình trang, nối vành hình, đèn phòng mổ, mổ đèn rọi, hình trang trí, đèn rọi đèn",94059950,SP ĐÈN/THIẾT BỊ CHIẾU SÁNG,LK,Bộ phận đèn — gốm / sứ / kim loại,Ống bọc cáp,46
"bộ phận đèn, phận đèn chiếu, guan weng yuan, shao guan weng, weng yuan pearly, gates furniture manufacturing, yuan pearly gates, pearly gates furniture, đèn chiếu sáng, chiếu sáng lamp, đèn đồng, phận đèn led, phận đèn lamp, thau bộ phận, đồng thau bộ",94059950,SP ĐÈN/THIẾT BỊ CHIẾU SÁNG,LK,Bộ phận đèn — gốm / sứ / kim loại,Chóa phận hướng sâu,50
"nhôm, liệu hợp kim, chất liệu hợp, tản nhiệt đèn, nhiệt đèn led, đế tản nhiệt, led đèn led, đèn led đèn, đèn led kích, led kích thước, kích thước phi, vỏ đèn, đèn led hợp, led hợp kim, chip led nguồn",94059950,SP ĐÈN/THIẾT BỊ CHIẾU SÁNG,LK,Bộ phận đèn — gốm / sứ / kim loại,Tản nhiệt nhôm,57
"đèn, base cover sắt, cover sắt kích, metal base cover, kích thước, vỏ đế metal, đế metal base, chất liệu, led, nhôm, bộ phận, vỏ đế sắt, đế sắt metal, liệu hợp kim, đế tản nhiệt",94059950,SP ĐÈN/THIẾT BỊ CHIẾU SÁNG,LK,Bộ phận đèn — gốm / sứ / kim loại,Thanh đỡ đèn trang trí,19
"base cover sắt, cover sắt kích, metal base cover, vỏ đế metal, đế metal base, vỏ đế sắt, đế sắt metal, backplate sắt kích, quái backplate sắt, sắt metal base, đèn sắt, thước 254 32mm, guan weng yuan, shao guan weng, weng yuan pearly",94059950,SP ĐÈN/THIẾT BỊ CHIẾU SÁNG,LK,Bộ phận đèn — gốm / sứ / kim loại,sắt base lamp,31
"nhôm, liệu hợp kim, chất liệu hợp, nhiệt đèn led, tản nhiệt đèn, led đèn led, đèn led đèn, đế tản nhiệt, đèn led kích, led kích thước, kích thước phi, vỏ đèn, đèn led hợp, led hợp kim, chip led nguồn",94059950,SP ĐÈN/THIẾT BỊ CHIẾU SÁNG,LK,Bộ phận đèn — gốm / sứ / kim loại,phích cắm nhôm,39
"thước 62 26, khoá cố định, chốt khoá cố, cố định đèn, tường, hình chữ chất, định hình chữ, cố định hình, bóng đèn, cố định chất, định chất liệu, định đèn led, đế đèn ốp, chữ chất liệu, thước 38 5x48x19mm",94059950,SP ĐÈN/THIẾT BỊ CHIẾU SÁNG,LK,Bộ phận đèn — gốm / sứ / kim loại,Bóng kèm định tường,52
"đèn, kích thước, chất liệu, led, nhôm, bộ phận, liệu hợp kim, đế tản nhiệt, sắt, chiếu sáng, guan weng yuan, shao guan weng, weng yuan pearly, gates furniture manufacturing, yuan pearly gates",94059950,SP ĐÈN/THIẾT BỊ CHIẾU SÁNG,LK,Bộ phận đèn — gốm / sứ / kim loại,Nắp đèn,5
"đèn, kích thước, chất liệu, led, nhôm, bộ phận, liệu hợp kim, đế tản nhiệt, sắt, chiếu sáng, guan weng yuan, shao guan weng, weng yuan pearly, gates furniture manufacturing, yuan pearly gates",94059950,SP ĐÈN/THIẾT BỊ CHIẾU SÁNG,LK,Bộ phận đèn — gốm / sứ / kim loại,Khung đèn UV,10
"đèn, kích thước, chất liệu, led, nhôm, bộ phận, liệu hợp kim, đế tản nhiệt, sắt, chiếu sáng, guan weng yuan, shao guan weng, weng yuan pearly, gates furniture manufacturing, yuan pearly gates",94059950,SP ĐÈN/THIẾT BỊ CHIẾU SÁNG,LK,Bộ phận đèn — gốm / sứ / kim loại,Thanh đỡ đèn,12
"đèn, kích thước, chất liệu, led, nhôm, bộ phận, liệu hợp kim, đế tản nhiệt, sắt, chiếu sáng, guan weng yuan, shao guan weng, weng yuan pearly, gates furniture manufacturing, yuan pearly gates",94059950,SP ĐÈN/THIẾT BỊ CHIẾU SÁNG,LK,Bộ phận đèn — gốm / sứ / kim loại,Mạch dây bóng đèn,17
"đèn, base cover sắt, cover sắt kích, metal base cover, kích thước, vỏ đế metal, đế metal base, chất liệu, led, nhôm, bộ phận, vỏ đế sắt, đế sắt metal, liệu hợp kim, đế tản nhiệt",94059950,SP ĐÈN/THIẾT BỊ CHIẾU SÁNG,LK,Bộ phận đèn — gốm / sứ / kim loại,Miếng lót trong đèn,18
"đèn, kích thước, chất liệu, led, nhôm, bộ phận, liệu hợp kim, đế tản nhiệt, sắt, chiếu sáng, guan weng yuan, shao guan weng, weng yuan pearly, gates furniture manufacturing, yuan pearly gates",94059950,SP ĐÈN/THIẾT BỊ CHIẾU SÁNG,LK,Bộ phận đèn — gốm / sứ / kim loại,Giá đỡ thân đèn treo tường,23
"nhôm, liệu hợp kim, chất liệu hợp, nhiệt đèn led, tản nhiệt đèn, led đèn led, đèn led đèn, đế tản nhiệt, đèn led kích, led kích thước, kích thước phi, vỏ đèn, đèn led hợp, led hợp kim, chip led nguồn",94059950,SP ĐÈN/THIẾT BỊ CHIẾU SÁNG,LK,Bộ phận đèn — gốm / sứ / kim loại,đui bọc nhôm,36
"nhôm, liệu hợp kim, chất liệu hợp, nhiệt đèn led, tản nhiệt đèn, led đèn led, đèn led kích, đèn led đèn, led kích thước, đế tản nhiệt, thước 62 26, khoá cố định, chốt khoá cố, kích thước phi, cố định đèn",94059950,SP ĐÈN/THIẾT BỊ CHIẾU SÁNG,LK,Bộ phận đèn — gốm / sứ / kim loại,định tấm nhôm,43
"lắp ráp, ráp thiết bị, kích thước 02cm, chiếu sáng kích, sáng kích thước, thiết bị chiếu, bị chiếu sáng, dạng, ráp đèn, sắt lắp, hộp, phụ kiện đèn, nguồn đèn led, nhựa lắp, kiện đèn sắt",94059950,SP ĐÈN/THIẾT BỊ CHIẾU SÁNG,LK,Bộ phận đèn — gốm / sứ / kim loại,Siêu hộp lắp dạng,54
"đèn, kích thước, chất liệu, led, nhôm, bộ phận, liệu hợp kim, đế tản nhiệt, sắt, chiếu sáng, guan weng yuan, shao guan weng, weng yuan pearly, gates furniture manufacturing, yuan pearly gates",94059950,SP ĐÈN/THIẾT BỊ CHIẾU SÁNG,LK,Bộ phận đèn — gốm / sứ / kim loại,Khung giữ chụp đèn,16
"đèn, kích thước, chất liệu, led, nhôm, bộ phận, liệu hợp kim, đế tản nhiệt, sắt, chiếu sáng, guan weng yuan, shao guan weng, weng yuan pearly, gates furniture manufacturing, yuan pearly gates",94059950,SP ĐÈN/THIẾT BỊ CHIẾU SÁNG,LK,Bộ phận đèn — gốm / sứ / kim loại,Phần thờ đèn,27
"đèn led, nhôm, chất liệu, liệu hợp kim, tản nhiệt đèn, led kích thước, đế tản nhiệt, led đèn, led chất, vỏ đèn, led thép kích, kích thước phi, giá đỡ dành, đỡ dành đèn, phụ kiện giá",94059950,SP ĐÈN/THIẾT BỊ CHIẾU SÁNG,LK,Bộ phận đèn — gốm / sứ / kim loại,nhôm chao led,35
"tản nhiệt đèn, nhiệt đèn led, đế tản nhiệt, led đèn led, đèn led đèn, đèn led kích, led kích thước, kim nhôm adc12, chất liệu hợp, liệu hợp kim, hợp kim nhôm, kích thước phi, tấm, hình chữ chất, định hình chữ",94059950,SP ĐÈN/THIẾT BỊ CHIẾU SÁNG,LK,Bộ phận đèn — gốm / sứ / kim loại,công tản nhiệt tấm,37
"ngoài trời, trời chất liệu, led nguồn kt, zhongshan dihan lighting, chip led, sử dụng ngoài, vỏ đèn chip, led chiếu, lượng mặt trời, năng lượng mặt, chiếu sáng ngoài, đèn năng lượng, bao gồm nguồn, đã khoan lỗ, vỏ đèn đường",94059950,SP ĐÈN/THIẾT BỊ CHIẾU SÁNG,LK,Bộ phận đèn — gốm / sứ / kim loại,chờ vít bắt trời,38
"phụ kiện, kiện đèn, máng đèn, kích thước 02cm, ráp thiết bị, lắp ráp thiết, chiếu sáng kích, dành đèn led, sáng kích thước, kiện giá đỡ, chất liệu sắt, giá đỡ dành, đỡ dành đèn, tường, thiết bị chiếu",94059950,SP ĐÈN/THIẾT BỊ CHIẾU SÁNG,LK,Bộ phận đèn — gốm / sứ / kim loại,phụ máng tường kiện,42
"base cover sắt, cover sắt kích, metal base cover, vỏ đế metal, đế metal base, bộ phận đèn, vỏ đế sắt, đế sắt metal, bảng bát quái, bát quái backplate, backplate sắt kích, quái backplate sắt, đèn chiếu sáng, đồ trang trí, sx đồ trang",94059950,SP ĐÈN/THIẾT BỊ CHIẾU SÁNG,LK,Bộ phận đèn — gốm / sứ / kim loại,Bóng phận trí dạng,55
"nguồn, đèn chip led, vỏ đèn chip, zhongshan dihan lighting, hộp, trời chất liệu, ngoài trời chất, cộng chất liệu, công cộng chất, khu công cộng, đựng dây đèn, lamp lines box, thước 113 15, thanh ép, chất liệu nhôm",94059950,SP ĐÈN/THIẾT BỊ CHIẾU SÁNG,LK,Bộ phận đèn — gốm / sứ / kim loại,Nguồn hộp,56
"phủ r116 fi90, sơn phủ r116, light 9w 13w, r116 fi90 sản, down light 9w, vành, trần đèn led, nanyang licheng arts, trang trí thờ, licheng arts crafts, trí thờ cúng, choá chụp pát, phận đèn trang, chụp pát đế, pát đế tản",94059990,SP ĐÈN/THIẾT BỊ CHIẾU SÁNG,LK,Bộ phận đèn — loại khác,Vành Pát Thờ Cúng,1
"đèn, led, sản xuất, phụ kiện, bộ phận, kích thước, nhôm, sáng, nhựa, thân, bán thành phẩm, thép, chất liệu, nhãn hiệu, chiếu",94059990,SP ĐÈN/THIẾT BỊ CHIẾU SÁNG,LK,Bộ phận đèn — loại khác,[OUTLIER] đèn led kiện,-1
"chiếu sáng, đai ốc mũ, mũ ren thép, xuất đèn chiếu, ốc mũ ren, đèn thép, bán thành phẩm, thép bán thành, phẩm sản xuất, thành phẩm sản, nut, sáng housing, ráp thiết bị, lắp ráp thiết, thép b4411603 1646",94059990,SP ĐÈN/THIẾT BỊ CHIẾU SÁNG,LK,Bộ phận đèn — loại khác,Bán Thành Thép Chiếu,13
"đèn, led, sản xuất, phụ kiện, bộ phận, kích thước, nhôm, sáng, nhựa, thân, bán thành phẩm, thép, chất liệu, nhãn hiệu, thành phẩm sản",94059990,SP ĐÈN/THIẾT BỊ CHIẾU SÁNG,LK,Bộ phận đèn — loại khác,Vỏ bọc đèn,17
"gắn, bản mạch, bảng, bộ khung đèn, cụm phát sáng, bao gồm led, gồm led đi, led đi ốt, mạch đã, phát sáng smjd, đèn bao gồm, đèn thông số, bản đèn led, tấm bản đèn, tường idl",94059990,SP ĐÈN/THIẾT BỊ CHIẾU SÁNG,LK,Bộ phận đèn — loại khác,gắn cụm phát bản,92
"bản mạch, bảng, tấm, mạch đã gắn, ráp thiết bị, lắp ráp thiết, kích thước 288, thước 288 36, ốt gắn bản, đi ốt gắn, cụm phát sáng, bao gồm led, gồm led đi, led đi ốt, phát sáng smjd",94059990,SP ĐÈN/THIẾT BỊ CHIẾU SÁNG,LK,Bộ phận đèn — loại khác,Bản Hạt Tấm Mềm,10
"bảng, đèn thông số, apc, trov, digital led board, led board assy, led pcba, luxeon hl1z, lumileds, đèn ốp nổi, cri 2ft luxeon, nhiệt chất liệu, rọi nổi đèn, nổi đèn rọi, đèn rọi nổi",94059990,SP ĐÈN/THIẾT BỊ CHIẾU SÁNG,LK,Bộ phận đèn — loại khác,bảng tái,97
"phản quang reflective, quang reflective paper, reflective paper 4smd, paper 4smd 5cctpet, reflective paper 5smd, paper 5smd 5cctpet, đền down light, fi90 sản xuất, nhôm sơn phủ, xuất đền down, sản xuất đền, phủ r116 fi90, sơn phủ r116, light 9w 13w, r116 fi90 sản",94059990,SP ĐÈN/THIẾT BỊ CHIẾU SÁNG,LK,Bộ phận đèn — loại khác,Phản Vành Giấy Sơn,11
"đai ốc mũ, mũ ren thép, ốc mũ ren, đèn thép, thép bán thành, phẩm sản xuất, thành phẩm sản, chiếu sáng housing, nut, bán thành phẩm, xuất đèn chiếu, đèn chiếu sáng, thép b4411603 1646, ren thép b4411603, thép phi10 32",94059990,SP ĐÈN/THIẾT BỊ CHIẾU SÁNG,LK,Bộ phận đèn — loại khác,Thép TĐMĐSDSP,9
"đèn, led, sản xuất, phụ kiện, bộ phận, kích thước, nhôm, sáng, nhựa, thân, bán thành phẩm, thép, chất liệu, nhãn hiệu, chiếu",94059990,SP ĐÈN/THIẾT BỊ CHIẾU SÁNG,LK,Bộ phận đèn — loại khác,Phụ tùng đèn thoát hiểm,37
"cố định, định đèn, vỏ đèn sắt, định vỏ đèn, chốt khóa cố, sáng snap joint, chiếu sáng snap, sắt sản xuất, đèn sắt sản, bộ đèn led, kiện bộ đèn, đèn hợp kim, ngoài trời giá, trời giá cố, mạ niken",94059990,SP ĐÈN/THIẾT BỊ CHIẾU SÁNG,LK,Bộ phận đèn — loại khác,Khóa Chốt Định MĐSD,14
"đèn, led, sản xuất, phụ kiện, bộ phận, kích thước, nhôm, sáng, nhựa, thân, bán thành phẩm, thép, chất liệu, nhãn hiệu, thành phẩm sản",94059990,SP ĐÈN/THIẾT BỊ CHIẾU SÁNG,LK,Bộ phận đèn — loại khác,Bộ phận đèn LED,48
"phụ tùng, chóa, lắp đặt, miếng nhựa, tùng đèn thoát, phụ kiện lắp, đặt đèn led, nhựa cam, hệ thống đèn, gói phụ, tùng lắp, đặt hệ thống, đèn rọi led, rọi led rs378z, hiểm bao gồm",94059990,SP ĐÈN/THIẾT BỊ CHIẾU SÁNG,LK,Bộ phận đèn — loại khác,tùng thống đặt chóa,80
"cuộn biến áp, biến áp quạt, áp quạt mini, đèn led kxđ, cảm biến, thông minh đèn, minh đèn led, kiện cấp nguồn, phụ kiện cấp, biến thông minh, phụ kiện cảm, điều khiển, cấp nguồn đèn, nguồn đèn led, biến lm gk",94059990,SP ĐÈN/THIẾT BỊ CHIẾU SÁNG,LK,Bộ phận đèn — loại khác,kxđ cảm biến khiển,98
"đèn, led, sản xuất, phụ kiện, bộ phận, kích thước, nhôm, sáng, nhựa, thân, bán thành phẩm, thép, chất liệu, nhãn hiệu, thành phẩm sản",94059990,SP ĐÈN/THIẾT BỊ CHIẾU SÁNG,LK,Bộ phận đèn — loại khác,Thân đèn bảo vệ,18
"đèn, led, sản xuất, phụ kiện, bộ phận, kích thước, nhôm, sáng, nhựa, thân, bán thành phẩm, chất liệu, thép, nhãn hiệu, thành phẩm sản",94059990,SP ĐÈN/THIẾT BỊ CHIẾU SÁNG,LK,Bộ phận đèn — loại khác,Máng đèn led,41
"đèn, led, sản xuất, phụ kiện, bộ phận, kích thước, nhôm, sáng, nhựa, thân, bán thành phẩm, thép, chất liệu, nhãn hiệu, thành phẩm sản",94059990,SP ĐÈN/THIẾT BỊ CHIẾU SÁNG,LK,Bộ phận đèn — loại khác,Vỏ đèn,15
"đèn, led, sản xuất, phụ kiện, bộ phận, kích thước, nhôm, sáng, nhựa, thân, bán thành phẩm, thép, chất liệu, nhãn hiệu, thành phẩm sản",94059990,SP ĐÈN/THIẾT BỊ CHIẾU SÁNG,LK,Bộ phận đèn — loại khác,Khung vỏ đèn LED,49
"đèn, led, sản xuất, phụ kiện, bộ phận, kích thước, nhôm, sáng, nhựa, thân, bán thành phẩm, thép, chất liệu, nhãn hiệu, thành phẩm sản",94059990,SP ĐÈN/THIẾT BỊ CHIẾU SÁNG,LK,Bộ phận đèn — loại khác,Bộ phận đèn Led,38
"đèn led, bộ phận đèn, nhôm, vỏ đèn, phụ kiện, mạch, bảng, âm trần, led vỏ, đã gắn nối, bao gồm, ốt gắn bản, đi ốt gắn, cụm phát sáng, gồm led đi",94059990,SP ĐÈN/THIẾT BỊ CHIẾU SÁNG,LK,Bộ phận đèn — loại khác,Bảng mắt LED,68
"đèn, led, sản xuất, phụ kiện, bộ phận, kích thước, nhôm, sáng, nhựa, thân, bán thành phẩm, thép, chất liệu, nhãn hiệu, thành phẩm sản",94059990,SP ĐÈN/THIẾT BỊ CHIẾU SÁNG,LK,Bộ phận đèn — loại khác,Đui đèn,69
"đèn, led, sản xuất, phụ kiện, bộ phận, kích thước, nhôm, sáng, nhựa, thân, bán thành phẩm, thép, chất liệu, nhãn hiệu, thành phẩm sản",94059990,SP ĐÈN/THIẾT BỊ CHIẾU SÁNG,LK,Bộ phận đèn — loại khác,Bán thành phẩm đèn,73
"đèn, led, sản xuất, phụ kiện, bộ phận, kích thước, nhôm, sáng, nhựa, thân, bán thành phẩm, thép, chất liệu, nhãn hiệu, thành phẩm sản",94059990,SP ĐÈN/THIẾT BỊ CHIẾU SÁNG,LK,Bộ phận đèn — loại khác,Viền chóa đèn rọi,21
"phụ kiện, kiện đèn, dụng ngoài trời, tần số 50hz, số 50hz yue, yue xing lighting, xing lighting sử, lighting sử dụng, sử dụng ngoài, trụ sân vườn, euroto điện áp, áp 220v tần, cố định, kiện chiếu sáng, bụi kt 230",94059990,SP ĐÈN/THIẾT BỊ CHIẾU SÁNG,LK,Bộ phận đèn — loại khác,giá định phụ trời,96
"đèn, led, sản xuất, phụ kiện, bộ phận, kích thước, nhôm, sáng, nhựa, thân, bán thành phẩm, thép, chất liệu, nhãn hiệu, thành phẩm sản",94059990,SP ĐÈN/THIẾT BỊ CHIẾU SÁNG,LK,Bộ phận đèn — loại khác,Chụp đèn,105
"hiệu quảng cáo, tạo hình chữ, hình chữ chiếu, chiếu sáng biển, sáng biển hiệu, biển hiệu quảng, chữ chiếu sáng, dạng cuộn led, mềm dạng cuộn, cuộn led lamp, led dây mềm, dây mềm dạng, công suất 12v, bịch 1000 hạt, chuỗi 10 chuỗi",94059990,SP ĐÈN/THIẾT BỊ CHIẾU SÁNG,LK,Bộ phận đèn — loại khác,tạo cáo quảng biển,82
"đèn, led, sản xuất, phụ kiện, bộ phận, kích thước, nhôm, sáng, nhựa, thân, bán thành phẩm, thép, chất liệu, nhãn hiệu, thành phẩm sản",94059990,SP ĐÈN/THIẾT BỊ CHIẾU SÁNG,LK,Bộ phận đèn — loại khác,Vỏ đèn LED,45
"thân đèn, đèn thép bán, thép bán thành, phẩm sản xuất, thành phẩm sản, chiếu sáng housing, xuất đèn chiếu, đèn chiếu sáng, bán thành phẩm, sắt, sản xuất đèn, tấm, ráp thiết bị, lắp ráp thiết, kích thước 288",94059990,SP ĐÈN/THIẾT BỊ CHIẾU SÁNG,LK,Bộ phận đèn — loại khác,Tấm Sắt Thân,0
"cuộn biến áp, biến áp quạt, áp quạt mini, ánh sáng, cảm biến, bộ hộp tản, godox cs 65d, sáng cầu godox, cs 65d mềm, kt 85 18, tản sáng cầu, gắt kt 85, độ gắt kt, giảm độ gắt, cầu godox cs",94059990,SP ĐÈN/THIẾT BỊ CHIẾU SÁNG,LK,Bộ phận đèn — loại khác,Cảm Biến Ánh Khíển,2
"sắt, tấm, ráp thiết bị, lắp ráp thiết, kích thước 288, thước 288 36, chiếu sáng kích, sáng kích thước, thiết bị chiếu, bị chiếu sáng, xuất đèn nhãn, bản đèn led, pin năng lượng, bản mạch mềm, mềm hạt led",94059990,SP ĐÈN/THIẾT BỊ CHIẾU SÁNG,LK,Bộ phận đèn — loại khác,Thiết Ráp Tấm Sắt,12
"đèn, led, sản xuất, phụ kiện, bộ phận, kích thước, nhôm, sáng, nhựa, thân, bán thành phẩm, thép, chất liệu, nhãn hiệu, thành phẩm sản",94059990,SP ĐÈN/THIẾT BỊ CHIẾU SÁNG,LK,Bộ phận đèn — loại khác,Bộ phận đèn,62
"đèn, led, sản xuất, chân nến, phụ kiện, gỗ 18 16, nến gỗ 18, bộ phận, nến đồng, kích thước, nhôm, sáng, đồng 14 inch, nhựa, thân",94059990,SP ĐÈN/THIẾT BỊ CHIẾU SÁNG,LK,Bộ phận đèn — loại khác,Chân kẹp đèn,63
"mạch, bảng, ốt gắn bản, đi ốt gắn, cụm phát sáng, bao gồm led, gồm led đi, led đi ốt, phát sáng smjd, đèn thông số, đã gắn nối, đèn bao gồm, hạt led 2835, mềm hạt led, apc",94059990,SP ĐÈN/THIẾT BỊ CHIẾU SÁNG,LK,Bộ phận đèn — loại khác,mạch bảng dạng thiếu,104
"đèn, led, sản xuất, phụ kiện, bộ phận, kích thước, nhôm, sáng, nhựa, thân, bán thành phẩm, thép, chất liệu, nhãn hiệu, thành phẩm sản",94059990,SP ĐÈN/THIẾT BỊ CHIẾU SÁNG,LK,Bộ phận đèn — loại khác,Vỏ đuôi đèn,25
"đèn, led, sản xuất, phụ kiện, bộ phận, kích thước, chiếu sáng, nhôm, nhựa, thân, bán thành phẩm, chất liệu, thép, nhãn hiệu, thành phẩm sản",94059990,SP ĐÈN/THIẾT BỊ CHIẾU SÁNG,LK,Bộ phận đèn — loại khác,Bộ tản nhiệt đèn chiếu sáng,31
"trí nội thất, đồ trang trí, thạch kích thước, cẩm thạch kích, trang trí nội, marble base cẩm, đế marble base, base cẩm thạch, sx đồ trang, chân nến đồng, sản xuất đèn, kích thước 380, thước 380 50mmh, đai ốc mũ, mũ ren thép",94059990,SP ĐÈN/THIẾT BỊ CHIẾU SÁNG,LK,Bộ phận đèn — loại khác,Đế marble base bằng cẩm thạch,43
"nhôm, máng đèn, chất liệu, hợp kim, đền down light, fi90 sản xuất, xuất đền down, sản xuất đền, đèn led, led vỏ đèn, công suất, phủ r116 fi90, sơn phủ r116, light 9w 13w, r116 fi90 sản",94059990,SP ĐÈN/THIẾT BỊ CHIẾU SÁNG,LK,Bộ phận đèn — loại khác,Máng Thấu Suất Nhôm,8
"đèn, led, sản xuất, phụ kiện, bộ phận, kích thước, nhôm, sáng, nhựa, thân, bán thành phẩm, chất liệu, thép, nhãn hiệu, chiếu",94059990,SP ĐÈN/THIẾT BỊ CHIẾU SÁNG,LK,Bộ phận đèn — loại khác,Bản mạch đèn led máy kéo,28
"đèn, trí nội thất, đồ trang trí, thạch kích thước, cẩm thạch kích, trang trí nội, marble base cẩm, đế marble base, base cẩm thạch, sx đồ trang, led, đông chiều 1200mm, rạng đông chiều, chao inox đôi, inox đôi rạng",94059990,SP ĐÈN/THIẾT BỊ CHIẾU SÁNG,LK,Bộ phận đèn — loại khác,Mạch điện trong hộp đèn,36
"đèn, led, sản xuất, chân nến, phụ kiện, gỗ 18 16, nến gỗ 18, bộ phận, nến đồng, kích thước, nhôm, sáng, đồng 14 inch, nhựa, thân",94059990,SP ĐÈN/THIẾT BỊ CHIẾU SÁNG,LK,Bộ phận đèn — loại khác,Phụ kiện chân nhựa đèn,55
"tấm, ráp thiết bị, lắp ráp thiết, tản nhiệt, kích thước 288, thước 288 36, trần sắt lắp, chiếu sáng kích, sáng kích thước, bản đèn led, pin năng lượng, bản mạch mềm, hạt led 2835, sắt lắp ráp, mềm hạt led",94059990,SP ĐÈN/THIẾT BỊ CHIẾU SÁNG,LK,Bộ phận đèn — loại khác,Tản Nhiệt Tấm,4
"đui đèn, kèm dây dẫn, e26 kèm dây, socket, kích thước e26, thước e26 kèm, chống nước 15m, nước 15m 24, đèn đã gắn, dây điện đui, bóng đèn đã, bộ dây điện, xuất bộ dây, bộ dây đèn, gắn nối chống",94059990,SP ĐÈN/THIẾT BỊ CHIẾU SÁNG,LK,Bộ phận đèn — loại khác,Đui Vách Ngăn Rượu,7
"đèn, led, sản xuất, phụ kiện, bộ phận, kích thước, nhôm, sáng, nhựa, thân, bán thành phẩm, thép, chất liệu, nhãn hiệu, thành phẩm sản",94059990,SP ĐÈN/THIẾT BỊ CHIẾU SÁNG,LK,Bộ phận đèn — loại khác,Khung đèn chùm,52
"đèn, led, sản xuất, phụ kiện, bộ phận, kích thước, chiếu sáng, nhôm, nhựa, thân, bán thành phẩm, thép, chất liệu, nhãn hiệu, thành phẩm sản",94059990,SP ĐÈN/THIẾT BỊ CHIẾU SÁNG,LK,Bộ phận đèn — loại khác,Đèn LED chiếu sáng đường,61
"đèn led, bộ phận đèn, nhôm, vỏ đèn, mạch, phụ kiện, âm trần, led vỏ, bản, đã gắn nối, bao gồm, đi ốt gắn, cụm phát sáng, gồm led đi, led đi ốt",94059990,SP ĐÈN/THIẾT BỊ CHIẾU SÁNG,LK,Bộ phận đèn — loại khác,Mạch Chip Led,19
"đèn, led, sản xuất, phụ kiện, bộ phận, kích thước, nhôm, sáng, nhựa, thân, bán thành phẩm, thép, chất liệu, nhãn hiệu, thành phẩm sản",94059990,SP ĐÈN/THIẾT BỊ CHIẾU SÁNG,LK,Bộ phận đèn — loại khác,Cúp chụp đuôi đèn,23
"đèn, led, sản xuất, phụ kiện, bộ phận, kích thước, nhôm, sáng, nhựa, thân, bán thành phẩm, thép, chất liệu, nhãn hiệu, thành phẩm sản",94059990,SP ĐÈN/THIẾT BỊ CHIẾU SÁNG,LK,Bộ phận đèn — loại khác,Nút chụp khung đèn,27
"đèn, led, sản xuất, khuỷu tay hai, headed bend tube, hai headed bend, tay hai headed, phụ kiện, bộ phận, kích thước, nhôm, sáng, nhựa, thân, bán thành phẩm",94059990,SP ĐÈN/THIẾT BỊ CHIẾU SÁNG,LK,Bộ phận đèn — loại khác,Đầu nối khung đèn,30
"phản quang reflective, quang reflective paper, reflective paper 4smd, paper 4smd 5cctpet, reflective paper 5smd, paper 5smd 5cctpet, giấy, nhựa phản quang, ốc vít nắp, phụ kiện miếng, hóa nguyên liệu, kiện miếng nhựa, miếng kim loại, vít nắp nhựa, hàng hóa nguyên",94059990,SP ĐÈN/THIẾT BỊ CHIẾU SÁNG,LK,Bộ phận đèn — loại khác,Giấy phản quang,42
"đèn, trí nội thất, đồ trang trí, thạch kích thước, cẩm thạch kích, trang trí nội, marble base cẩm, đế marble base, base cẩm thạch, sx đồ trang, led, sản xuất, phụ kiện, bộ phận, kích thước 380",94059990,SP ĐÈN/THIẾT BỊ CHIẾU SÁNG,LK,Bộ phận đèn — loại khác,Thân đèn cẩm thạch,46
"đèn, led, sản xuất, phụ kiện, bộ phận, kích thước, chiếu sáng, nhôm, nhựa, thân, bán thành phẩm, thép, chất liệu, nhãn hiệu, thành phẩm sản",94059990,SP ĐÈN/THIẾT BỊ CHIẾU SÁNG,LK,Bộ phận đèn — loại khác,Miếng nối đèn treo trần,51
"đèn, led, sản xuất, phụ kiện, cuộn biến áp, biến áp quạt, áp quạt mini, bộ phận, kích thước, nhôm, sáng, nhựa, thân, bán thành phẩm, thép",94059990,SP ĐÈN/THIẾT BỊ CHIẾU SÁNG,LK,Bộ phận đèn — loại khác,Bộ cảm biến đèn,64
"đèn, led, sản xuất, phụ kiện, bộ phận, kích thước, nhôm, sáng, nhựa, thân, bán thành phẩm, thép, chất liệu, nhãn hiệu, chiếu",94059990,SP ĐÈN/THIẾT BỊ CHIẾU SÁNG,LK,Bộ phận đèn — loại khác,Phụ kiện đèn,108
"đèn, led, sản xuất, phụ kiện, bộ phận, kích thước, nhôm, sáng, nhựa, thân, bán thành phẩm, thép, chất liệu, nhãn hiệu, thành phẩm sản",94059990,SP ĐÈN/THIẾT BỊ CHIẾU SÁNG,LK,Bộ phận đèn — loại khác,Khung treo đèn,106
"đèn, led, sản xuất, phụ kiện, bộ phận, kích thước, nhôm, sáng, nhựa, thân, bán thành phẩm, chất liệu, thép, nhãn hiệu, thành phẩm sản",94059990,SP ĐÈN/THIẾT BỊ CHIẾU SÁNG,LK,Bộ phận đèn — loại khác,Bản mạch đèn LED,50
"đèn, led, sản xuất, phụ kiện, bộ phận, kích thước, nhôm, sáng, nhựa, thân, bán thành phẩm, chất liệu, thép, nhãn hiệu, thành phẩm sản",94059990,SP ĐÈN/THIẾT BỊ CHIẾU SÁNG,LK,Bộ phận đèn — loại khác,Dây điện có đui đèn,54
"bộ phận đèn, phận đèn led, sắt, kích thước, led vỏ đèn, đèn led vỏ, ráp thiết bị, lắp ráp thiết, thước 288 36, kính, tấm trần, chiếu sáng kích, đường, thiết bị chiếu, bị chiếu sáng",94059990,SP ĐÈN/THIẾT BỊ CHIẾU SÁNG,LK,Bộ phận đèn — loại khác,Đường Kính Sắt Phận,5
"chiếu sáng, xuất đèn chiếu, đèn thép bán, thép bán thành, phẩm sản xuất, thành phẩm sản, thân đèn thép, sáng housing, bán thành phẩm, ráp thiết bị, lắp ráp thiết, tấm trần sắt, kích thước 288, thước 288 36, ốt gắn bản",94059990,SP ĐÈN/THIẾT BỊ CHIẾU SÁNG,LK,Bộ phận đèn — loại khác,Hộp làm mềm ánh sáng,58
"nguồn, mũ tròn thép, dshd1604d 2646 ball, ốc mũ tròn, thép dshd1604d 2646, tròn thép dshd1604d, ball nut, hình, phụ kiện cấp, tháo rời, nhựa sản xuất, đèn led loại, bầu nhựa phản, quang hợp kim, phản quang hợp",94059990,SP ĐÈN/THIẾT BỊ CHIẾU SÁNG,LK,Bộ phận đèn — loại khác,vật tròn nguồn hình,81
"sắt, ráp thiết bị, lắp ráp thiết, kích thước 288, thước 288 36, tấm trần, chiếu sáng kích, sáng kích thước, thiết bị chiếu, bị chiếu sáng, xuất đèn nhãn, đèn nhãn hiệu, khóa cố định, cố định vỏ, định vỏ đèn",94059990,SP ĐÈN/THIẾT BỊ CHIẾU SÁNG,LK,Bộ phận đèn — loại khác,sắt ráp chế tái,83
"máng đèn, bảo vệ đèn, vệ đèn led, tán, raro dongshin lighting, áp 24v sử, dụng đèn led, sử dụng đèn, đèn led điện, silicon chiều, chống, led điện áp, khung vỏ bảo, bảo vệ bóng, vỏ bảo vệ",94059990,SP ĐÈN/THIẾT BỊ CHIẾU SÁNG,LK,Bộ phận đèn — loại khác,ống máng tán bảo,84
"kính, công suất, đèn led công, raro dongshin lighting, áp 24v sử, đường, dụng đèn led, sử dụng đèn, đèn led điện, silicon chiều, điện áp 24v, led điện áp, đèn led le, led le silicon, thấu",94059990,SP ĐÈN/THIẾT BỊ CHIẾU SÁNG,LK,Bộ phận đèn — loại khác,kính thấu suất công,89
"đèn, led, sản xuất, phụ kiện, bộ phận, kích thước, nhôm, sáng, nhựa, thân, bán thành phẩm, thép, chất liệu, nhãn hiệu, thành phẩm sản",94059990,SP ĐÈN/THIẾT BỊ CHIẾU SÁNG,LK,Bộ phận đèn — loại khác,Giá đèn,107
"đèn, led, sản xuất, phụ kiện, bộ phận, kích thước, chiếu sáng, nhôm, nhựa, thân, bán thành phẩm, thép, chất liệu, nhãn hiệu, thành phẩm sản",94059990,SP ĐÈN/THIẾT BỊ CHIẾU SÁNG,LK,Bộ phận đèn — loại khác,Hộp tản sáng đèn LED,32
"đèn, led, sản xuất, phụ kiện, bộ phận, kích thước, nhôm, sáng, nhựa, thân, bán thành phẩm, thép, chất liệu, nhãn hiệu, thành phẩm sản",94059990,SP ĐÈN/THIẾT BỊ CHIẾU SÁNG,LK,Bộ phận đèn — loại khác,Dây đui đèn,35
"mũ ren phi, ch capnut tap, hb2077 1646 ch, capnut tap 32, ren phi 12, phi 12 hb2077, đai ốc mũ, ốc mũ ren, mũ ren thép, đèn thép, thép bán thành, phẩm sản xuất, thành phẩm sản, chiếu sáng housing, bán thành phẩm",94059990,SP ĐÈN/THIẾT BỊ CHIẾU SÁNG,LK,Bộ phận đèn — loại khác,đai thép tròn,77
"bán thành phẩm, đèn thép bán, thép bán thành, phẩm sản xuất, thành phẩm sản, chiếu sáng housing, thân đèn thép, xuất đèn chiếu, máng đèn, đèn chiếu sáng, kiện chiếu sáng, bụi kt 230, chiếu sáng bàn, chải sàn máy, máy hút bụi",94059990,SP ĐÈN/THIẾT BỊ CHIẾU SÁNG,LK,Bộ phận đèn — loại khác,máng học máy bán,78
"trần, khung đèn gắn, bộ khung đèn, đèn âm, lắp, ráp thiết bị, kích thước 288, thước 288 36, đèn gắn tường, chiếu sáng kích, sáng kích thước, đường, gắn tường idl, thiết bị chiếu, bị chiếu sáng",94059990,SP ĐÈN/THIẾT BỊ CHIẾU SÁNG,LK,Bộ phận đèn — loại khác,trần lắp đường tường,86
"đèn, led, sản xuất, phụ kiện, bộ phận, kích thước, nhôm, sáng, nhựa, thân, bán thành phẩm, thép, chất liệu, nhãn hiệu, thành phẩm sản",94059990,SP ĐÈN/THIẾT BỊ CHIẾU SÁNG,LK,Bộ phận đèn — loại khác,Chụp đèn vải,109
"sắt, chụp, ráp thiết bị, lắp ráp thiết, kích thước 288, thước 288 36, tấm trần, chiếu sáng kích, sáng kích thước, thiết bị chiếu, bị chiếu sáng, xuất đèn nhãn, đèn nhãn hiệu, khóa cố định, cố định vỏ",94059990,SP ĐÈN/THIẾT BỊ CHIẾU SÁNG,LK,Bộ phận đèn — loại khác,Chụp Ảnh Vải Sắt,3
"mạch đã gắn, ốt gắn bản, bản mạch đã, đi ốt gắn, cụm phát sáng, bao gồm led, gồm led đi, led đi ốt, phát sáng smjd, gắn bản mạch, đã gắn nối, đèn bao gồm, ánh sáng, sáng smjd 6735096g, bộ hộp tản",94059990,SP ĐÈN/THIẾT BỊ CHIẾU SÁNG,LK,Bộ phận đèn — loại khác,Phát Tán Thấu Ánh,6
"đèn, trí nội thất, đồ trang trí, thạch kích thước, cẩm thạch kích, trang trí nội, marble base cẩm, đế marble base, base cẩm thạch, sx đồ trang, led, sản xuất, chân nến đồng, phụ kiện, bộ phận",94059990,SP ĐÈN/THIẾT BỊ CHIẾU SÁNG,LK,Bộ phận đèn — loại khác,Chụp đèn bằng Acrylic,33
"đèn, led, sản xuất, phụ kiện, bộ phận, kích thước, chiếu sáng, nhôm, nhựa, thân, bán thành phẩm, chất liệu, thép, nhãn hiệu, thành phẩm sản",94059990,SP ĐÈN/THIẾT BỊ CHIẾU SÁNG,LK,Bộ phận đèn — loại khác,Vỏ chóa đèn chiếu sáng công cộng,39
"đèn, led, sản xuất, phụ kiện, bộ phận, kích thước, nhôm, sáng, nhựa, thân, bán thành phẩm, chất liệu, thép, nhãn hiệu, thành phẩm sản",94059990,SP ĐÈN/THIẾT BỊ CHIẾU SÁNG,LK,Bộ phận đèn — loại khác,Chóa đèn nhôm,56
"đèn, led, sản xuất, phụ kiện, bộ phận, đai ốc mũ, kích thước, nhôm, sáng, mũ ren thép, nhựa, ốc mũ ren, thân, bán thành phẩm, chất liệu",94059990,SP ĐÈN/THIẾT BỊ CHIẾU SÁNG,LK,Bộ phận đèn — loại khác,Khung đèn thép,57
"đèn, led, sản xuất, phụ kiện, bộ phận, kích thước, nhôm, sáng, nhựa, thân, bán thành phẩm, thép, chất liệu, nhãn hiệu, thành phẩm sản",94059990,SP ĐÈN/THIẾT BỊ CHIẾU SÁNG,LK,Bộ phận đèn — loại khác,Nắp đèn,65
"ráp thiết bị, lắp ráp thiết, tấm trần sắt, kích thước 288, thước 288 36, trần sắt lắp, cố định, chiếu sáng kích, sáng kích thước, sắt lắp ráp, hạt led, mạch mềm hạt, bản mạch mềm, định đèn, led bản mạch",94059990,SP ĐÈN/THIẾT BỊ CHIẾU SÁNG,LK,Bộ phận đèn — loại khác,định hạt kẹp ráp,75
"đèn, led, sản xuất, khuỷu tay hai, headed bend tube, hai headed bend, tay hai headed, phụ kiện, bộ phận, kích thước, nhôm, sáng, nhựa, thân, bán thành phẩm",94059990,SP ĐÈN/THIẾT BỊ CHIẾU SÁNG,LK,Bộ phận đèn — loại khác,Đầu đèn,22
"đèn led, bộ phận đèn, nhôm, vỏ đèn, phụ kiện, mạch, âm trần, bảng, led vỏ, đã gắn nối, bao gồm, ốt gắn bản, đi ốt gắn, cụm phát sáng, gồm led đi",94059990,SP ĐÈN/THIẾT BỊ CHIẾU SÁNG,LK,Bộ phận đèn — loại khác,Module PCB Led,26
"đèn, led, sản xuất, phụ kiện, bộ phận, kích thước, chiếu sáng, nhôm, nhựa, thân, bán thành phẩm, thép, chất liệu, nhãn hiệu, thành phẩm sản",94059990,SP ĐÈN/THIẾT BỊ CHIẾU SÁNG,LK,Bộ phận đèn — loại khác,Vành rời cốc đèn Led âm trần,40
"đèn, led, sản xuất, phụ kiện, bộ phận, kích thước, nhôm, sáng, nhựa, thân, bán thành phẩm, thép, chất liệu, nhãn hiệu, thành phẩm sản",94059990,SP ĐÈN/THIẾT BỊ CHIẾU SÁNG,LK,Bộ phận đèn — loại khác,Phủ sơn vật đáy đèn LED,44
"đèn, led, sản xuất, chân nến, phụ kiện, gỗ 18 16, nến gỗ 18, bộ phận, nến đồng, kích thước, nhôm, sáng, đồng 14 inch, nhựa, thân",94059990,SP ĐÈN/THIẾT BỊ CHIẾU SÁNG,LK,Bộ phận đèn — loại khác,Phụ kiện chân đèn,53
"đèn, led, sản xuất, khuỷu tay hai, headed bend tube, hai headed bend, tay hai headed, phụ kiện, bộ phận, kích thước, nhôm, sáng, nhựa, thân, bán thành phẩm",94059990,SP ĐÈN/THIẾT BỊ CHIẾU SÁNG,LK,Bộ phận đèn — loại khác,Đầu đèn thoát nạn,71
"kiện chiếu sáng, bụi kt 230, chiếu sáng bàn, chải sàn máy, máy hút bụi, sàn máy hút, kt 230 20, sáng bàn chải, hút bụi kt, phụ kiện chiếu, bàn chải sàn, dụng chất liệu, liệu nhựa kèm, bóng đèn sx, sử dụng chất",94059990,SP ĐÈN/THIẾT BỊ CHIẾU SÁNG,LK,Bộ phận đèn — loại khác,chải hút sàn bụi,79
"trí nội thất, đồ trang trí, thạch kích thước, cẩm thạch kích, trang trí nội, marble base cẩm, đế marble base, base cẩm thạch, sx đồ trang, đông chiều 1200mm, rạng đông chiều, chao inox đôi, inox đôi rạng, kích thước 380, thước 380 50mmh",94059990,SP ĐÈN/THIẾT BỊ CHIẾU SÁNG,LK,Bộ phận đèn — loại khác,thất nội lắp dây,87
"trí nội thất, đồ trang trí, thạch kích thước, cẩm thạch kích, trang trí nội, marble base cẩm, đế marble base, base cẩm thạch, sx đồ trang, kích thước 380, thước 380 50mmh, thất f5616x10331 01, nội thất f5616x10331, kích thước 200, thước 200 29mmh",94059990,SP ĐÈN/THIẾT BỊ CHIẾU SÁNG,LK,Bộ phận đèn — loại khác,ráp nguồn trí sét,90
"phụ kiện, nhựa, plastic cover e12, kiện đèn, đèn plastic cover, xuất đèn plastic, vỏ bọc, pce, stt, đèn led, cover e12 12250, cover dsk4f 4320, plastic cover dsk4f, cover e12 5000, cover e12 5500",94059990,SP ĐÈN/THIẾT BỊ CHIẾU SÁNG,LK,Bộ phận đèn — loại khác,nhựa nắp phụ tắc,91
"máng đèn, máng tuýp 2m, tuýp 2m chất, độ 1cm gắn, linh kiện ốc, ốc vít độ, gắn đế đền, kiện ốc vít, đền năng lượng, mặt trời nhãn, đế đền năng, vít độ 1cm, trời nhãn hiệu, đèn led bar, bóng tuýp",94059990,SP ĐÈN/THIẾT BỊ CHIẾU SÁNG,LK,Bộ phận đèn — loại khác,máng shenzhen xinjinlian trade,95
"điều khiển, cảm biến lm, biến lm gk, bộ cảm biến, gắn dây điện, lm gk 01a, gk 01a điều, sáng đèn gắn, đã gắn dây, khiển ánh sáng, đèn nền, phụ kiện điều, khung hộp chụp, thị hình ảnh, hiển thị hình",94059990,SP ĐÈN/THIẾT BỊ CHIẾU SÁNG,LK,Bộ phận đèn — loại khác,màn hiển thị nền,99
"đèn, led, sản xuất, khuỷu tay hai, headed bend tube, hai headed bend, tay hai headed, phụ kiện, bộ phận, kích thước, nhôm, sáng, nhựa, thân, bán thành phẩm",94059990,SP ĐÈN/THIẾT BỊ CHIẾU SÁNG,LK,Bộ phận đèn — loại khác,Đầu chụp đèn báo,16
"đèn, led, sản xuất, phụ kiện, bộ phận, kích thước, nhôm, sáng, nhựa, thân, bán thành phẩm, thép, chất liệu, nhãn hiệu, thành phẩm sản",94059990,SP ĐÈN/THIẾT BỊ CHIẾU SÁNG,LK,Bộ phận đèn — loại khác,Thân đèn hình,24
"đèn, led, sản xuất, phụ kiện, bộ phận, kích thước, nhôm, sáng, nhựa, thân, bán thành phẩm, thép, chất liệu, nhãn hiệu, thành phẩm sản",94059990,SP ĐÈN/THIẾT BỊ CHIẾU SÁNG,LK,Bộ phận đèn — loại khác,Thanh trượt đèn,29
"đèn, led, sản xuất, phụ kiện, bộ phận, kích thước, chiếu sáng, nhôm, nhựa, thân, bán thành phẩm, chất liệu, thép, nhãn hiệu, thành phẩm sản",94059990,SP ĐÈN/THIẾT BỊ CHIẾU SÁNG,LK,Bộ phận đèn — loại khác,Dụng cụ cố định đèn trên trần,34
"đèn, led, sản xuất, phụ kiện, bộ phận, kích thước, nhôm, sáng, nhựa, thân, bán thành phẩm, chất liệu, thép, nhãn hiệu, thành phẩm sản",94059990,SP ĐÈN/THIẾT BỊ CHIẾU SÁNG,LK,Bộ phận đèn — loại khác,Thân nhôm đèn,47
"dây, dụng ngoài trời, tần số 50hz, số 50hz yue, yue xing lighting, xing lighting sử, lighting sử dụng, sử dụng ngoài, trụ sân vườn, euroto điện áp, áp 220v tần, đế trụ sân, chân đế trụ, sân vườn chan, điện áp 24v",94059990,SP ĐÈN/THIẾT BỊ CHIẾU SÁNG,LK,Bộ phận đèn — loại khác,Ống luồn dây điện,59
"đèn, led, sản xuất, phụ kiện, bộ phận, kích thước, chiếu sáng, nhôm, nhựa, thân, bán thành phẩm, thép, chất liệu, nhãn hiệu, thành phẩm sản",94059990,SP ĐÈN/THIẾT BỊ CHIẾU SÁNG,LK,Bộ phận đèn — loại khác,Đèn LED âm trần,60
"đèn, led, sản xuất, phụ kiện, bộ phận, kích thước, nhôm, sáng, nhựa, thân, bán thành phẩm, thép, chất liệu, nhãn hiệu, thành phẩm sản",94059990,SP ĐÈN/THIẾT BỊ CHIẾU SÁNG,LK,Bộ phận đèn — loại khác,Móc treo đèn,67
"đèn, led, sản xuất, phụ kiện, bộ phận, kích thước, nhôm, sáng, nhựa, thân, bán thành phẩm, chất liệu, thép, nhãn hiệu, thành phẩm sản",94059990,SP ĐÈN/THIẾT BỊ CHIẾU SÁNG,LK,Bộ phận đèn — loại khác,Máng đèn xưởng,72
"đèn, led, sản xuất, phụ kiện, bộ phận, kích thước, nhôm, sáng, nhựa, thân, bán thành phẩm, thép, chất liệu, nhãn hiệu, thành phẩm sản",94059990,SP ĐÈN/THIẾT BỊ CHIẾU SÁNG,LK,Bộ phận đèn — loại khác,Rắc nối đèn,74
"phụ kiện, kiện đèn, mạch, led, bảng, nối, đèn bao gồm, ốt gắn bản, đi ốt gắn, cụm phát sáng, đã gắn, phát sáng smjd, đèn thông số, linh kiện, kiện chiếu sáng",94059990,SP ĐÈN/THIẾT BỊ CHIẾU SÁNG,LK,Bộ phận đèn — loại khác,mạch kiện nối bảng,76
"trí nội thất, đồ trang trí, thạch kích thước, cẩm thạch kích, trang trí nội, marble base cẩm, đế marble base, base cẩm thạch, sx đồ trang, kích thước 380, thước 380 50mmh, thất f5616x10331 01, nội thất f5616x10331, kích thước 200, thước 200 29mmh",94059990,SP ĐÈN/THIẾT BỊ CHIẾU SÁNG,LK,Bộ phận đèn — loại khác,bàn trí thiết nón,85
"phụ kiện, kiện đèn, plastic cover e12, nhựa 285 2mm, bọc nhựa 285, vỏ bọc nhựa, xuất đèn plastic, đèn plastic cover, linh kiện, e12 12250 pce, pce 955 stt, cover e12 12250, cover dsk4f 4320, plastic cover dsk4f, dsk4f 4320 pce",94059990,SP ĐÈN/THIẾT BỊ CHIẾU SÁNG,LK,Bộ phận đèn — loại khác,phụ kiện bọc dạng,88
"bóng, dụng ngoài trời, tần số 50hz, số 50hz yue, yue xing lighting, xing lighting sử, lighting sử dụng, sử dụng ngoài, trụ sân vườn, euroto điện áp, áp 220v tần, đế trụ sân, chân đế trụ, sân vườn chan, pin năng lượng",94059990,SP ĐÈN/THIẾT BỊ CHIẾU SÁNG,LK,Bộ phận đèn — loại khác,đáy rời dạng bóng,93
"gắn, nối, dây, bộ khung đèn, bản mạch đã, cụm phát sáng, bao gồm led, gồm led đi, led đi ốt, phát sáng smjd, đèn bao gồm, tường idl, sáng smjd 6735096g, nhựa rs2207233 1367, cl cable 1150mm",94059990,SP ĐÈN/THIẾT BỊ CHIẾU SÁNG,LK,Bộ phận đèn — loại khác,cáp gắn nối dây,94
"bộ phận đèn, phận đèn led, led vỏ đèn, đèn led vỏ, âm trần nhôm, vỏ đèn âm, kích thước, đèn led phụ, led phụ kiện, đèn đế đèn, đèn âm trần, rời, phận đèn trang, trần nhôm pz, phận đèn đế",94059990,SP ĐÈN/THIẾT BỊ CHIẾU SÁNG,LK,Bộ phận đèn — loại khác,sạc phận,100
"bộ phận đèn, phận đèn led, led vỏ đèn, đèn led vỏ, dụng ngoài trời, tần số 50hz, số 50hz yue, yue xing lighting, xing lighting sử, lighting sử dụng, sử dụng ngoài, trụ sân vườn, euroto điện áp, áp 220v tần, nguồn",94059990,SP ĐÈN/THIẾT BỊ CHIẾU SÁNG,LK,Bộ phận đèn — loại khác,nguồn phận rời khiển,101
"bản mạch, bảng, mạch đã gắn, ốt gắn bản, đi ốt gắn, cụm phát sáng, bao gồm led, gồm led đi, led đi ốt, phát sáng smjd, đèn thông số, đèn led kxđ, đã gắn nối, đèn bao gồm, bản đèn led",94059990,SP ĐÈN/THIẾT BỊ CHIẾU SÁNG,LK,Bộ phận đèn — loại khác,dành kxđ phát bản,102
"bộ phận đèn, phận đèn led, thân đèn, đèn thép bán, thép bán thành, phẩm sản xuất, thành phẩm sản, chiếu sáng housing, bán thành phẩm, xuất đèn chiếu, đèn chiếu sáng, led vỏ đèn, đèn led vỏ, sản xuất đèn, âm trần nhôm",94059990,SP ĐÈN/THIẾT BỊ CHIẾU SÁNG,LK,Bộ phận đèn — loại khác,thân phận,103
"đèn, led, sản xuất, phụ kiện, bộ phận, kích thước, nhôm, sáng, nhựa, thân, bán thành phẩm, chất liệu, thép, nhãn hiệu, thành phẩm sản",94059990,SP ĐÈN/THIẾT BỊ CHIẾU SÁNG,LK,Bộ phận đèn — loại khác,Bản mạch đèn,70
"giữ nhiệt, cốc giữ, nhiệt thương hiệu, dung tích, stan, chân không, thép không gỉ, bình giữ, chất liệu, thương hiệu 40oz, inox, thương hiệu 20oz, nhiệt thép không, box, nhãn hiệu",96170010,SP BÌNH/PHÍCH,NC,Phích và bình giữ nhiệt,Cốc giữ nhiệt,39
"giữ nhiệt, cốc giữ, nhiệt thương hiệu, dung tích, chân không, stan, thép không gỉ, bình giữ, chất liệu, thương hiệu 40oz, inox, thương hiệu 20oz, nhiệt thép không, nhãn hiệu, box",96170010,SP BÌNH/PHÍCH,LK,Phích và bình giữ nhiệt,Bình Giữ Nhiệt,0
"giữ nhiệt, cốc giữ, nhiệt thương hiệu, dung tích, chân không, stan, thép không gỉ, bình giữ, chất liệu, thương hiệu 40oz, inox, thương hiệu 20oz, nhiệt thép không, nhãn hiệu, box",96170010,SP BÌNH/PHÍCH,NC,Phích và bình giữ nhiệt,[OUTLIER] nhiệt giữ bình,-1
"giữ nhiệt, cốc giữ, nhiệt thương hiệu, dung tích, chân không, stan, thép không gỉ, bình giữ, chất liệu, thương hiệu 40oz, inox, thương hiệu 20oz, nhiệt thép không, nhãn hiệu, box",96170010,SP BÌNH/PHÍCH,LK,Phích và bình giữ nhiệt,Cốc giữ nhiệt chân thép,44
"giữ nhiệt, cốc giữ, nhiệt thương hiệu, dung tích, chân không, stan, thép không gỉ, bình giữ, chất liệu, thương hiệu 40oz, inox, thương hiệu 20oz, nhiệt thép không, nhãn hiệu, box",96170010,SP BÌNH/PHÍCH,NC,Phích và bình giữ nhiệt,Bình giữ nhiệt,30
"giữ nhiệt, cốc giữ, nhiệt thương hiệu, dung tích, stan, chân không, thép không gỉ, bình giữ, chất liệu, thương hiệu 40oz, inox, thương hiệu 20oz, nhiệt thép không, box, nhãn hiệu",96170010,SP BÌNH/PHÍCH,NC,Phích và bình giữ nhiệt,Cốc Giữ Nhiệt,47
"giữ nhiệt, cốc giữ, nhiệt thương hiệu, dung tích, chân không, stan, thép không gỉ, bình giữ, chất liệu, thương hiệu 40oz, inox, thương hiệu 20oz, nhiệt thép không, nhãn hiệu, box",96170010,SP BÌNH/PHÍCH,LK,Phích và bình giữ nhiệt,Ly Đựng Nước Giữ Nhiệt,6
"giữ nhiệt, cốc giữ, nhiệt thương hiệu, dung tích, stan, chân không, thép không gỉ, bình giữ, chất liệu, thương hiệu 40oz, inox, thương hiệu 20oz, nhiệt thép không, nhãn hiệu, box",96170010,SP BÌNH/PHÍCH,NC,Phích và bình giữ nhiệt,Ly Giữ Nhiệt Thép Vân Họa Đào,9
"bình giữ nhiệt, chân không, thép không gỉ, dung tích, cách nhiệt, inox, chất liệu, nhãn hiệu, nước, nắp, giữ nhiệt thép, nhiệt chân, nhiệt thép không, đựng, không gỉ chân",96170010,SP BÌNH/PHÍCH,LK,Phích và bình giữ nhiệt,Bình Đựng Nước,2
"giữ nhiệt, cốc giữ, nhiệt thương hiệu, dung tích, chân không, stan, bình giữ, thép không gỉ, thương hiệu 40oz, thương hiệu 20oz, chất liệu, thương hiệu 30oz, nhãn hiệu, inox, box",96170010,SP BÌNH/PHÍCH,LK,Phích và bình giữ nhiệt,Chân bình cốc,27
"giữ nhiệt, cốc giữ, nhiệt thương hiệu, dung tích, chân không, stan, thép không gỉ, bình giữ, chất liệu, thương hiệu 40oz, inox, thương hiệu 20oz, nhiệt thép không, nhãn hiệu, box",96170010,SP BÌNH/PHÍCH,LK,Phích và bình giữ nhiệt,Bình Giữ Nhiệt Chân Không,4
"giữ nhiệt, cốc giữ, nhiệt thương hiệu, dung tích, chân không, stan, thép không gỉ, bình giữ, chất liệu, thương hiệu 40oz, inox, thương hiệu 20oz, nhiệt thép không, nhãn hiệu, box",96170010,SP BÌNH/PHÍCH,LK,Phích và bình giữ nhiệt,Ly Giữ Nhiệt Ruột Nắp Thép,8
"giữ nhiệt, cốc giữ, nhiệt thương hiệu, dung tích, chân không, stan, thép không gỉ, bình giữ, chất liệu, thương hiệu 40oz, inox, thương hiệu 20oz, nhiệt thép không, nhãn hiệu, box",96170010,SP BÌNH/PHÍCH,LK,Phích và bình giữ nhiệt,Bình Giữ Nhiệt Hút Dây,11
"giữ nhiệt, cốc giữ, nhiệt thương hiệu, dung tích, chân không, stan, thép không gỉ, bình giữ, chất liệu, thương hiệu 40oz, inox, thương hiệu 20oz, nhiệt thép không, nhãn hiệu, box",96170010,SP BÌNH/PHÍCH,NC,Phích và bình giữ nhiệt,Bình Giữ Nhiệt Fuji,3
"giữ nhiệt, cốc giữ, nhiệt thương hiệu, dung tích, chân không, stan, thép không gỉ, bình giữ, chất liệu, thương hiệu 40oz, inox, thương hiệu 20oz, nhiệt thép không, nhãn hiệu, box",96170010,SP BÌNH/PHÍCH,NC,Phích và bình giữ nhiệt,Bình giữ nhiệt thép chân,15
"giữ nhiệt, cốc giữ, nhiệt thương hiệu, dung tích, chân không, stan, thép không gỉ, bình giữ, chất liệu, thương hiệu 40oz, inox, thương hiệu 20oz, nhiệt thép không, nhãn hiệu, box",96170010,SP BÌNH/PHÍCH,LK,Phích và bình giữ nhiệt,Bình giữ nhiệt chân không nhựa thép,16
"ruột, ăn kim loại, thức ăn kim, chất liệu 84, liệu 84 90, phích đựng thức, thủy tinh, phích chân không, tráng, chất liệu vỏ, hoàn chỉnh phần, nắp vỏ thép, bình inox 304, sắt mạ vỏ, mạ vỏ nhựa",96170010,SP BÌNH/PHÍCH,LK,Phích và bình giữ nhiệt,Phích thủy phích ruột tráng,18
"bình giữ nhiệt, thép không gỉ, chân không, dung tích, giữ nhiệt thép, chất liệu, nhiệt thép không, nhãn hiệu, inox, nắp, cách nhiệt, liệu thép, nhựa, giữ nhiệt chất, nhiệt chân",96170010,SP BÌNH/PHÍCH,NC,Phích và bình giữ nhiệt,Nắp nhựa thép bình,19
"giữ nhiệt, cốc giữ, nhiệt thương hiệu, dung tích, stan, chân không, thép không gỉ, bình giữ, chất liệu, thương hiệu 40oz, inox, thương hiệu 20oz, nhiệt thép không, box, nhãn hiệu",96170010,SP BÌNH/PHÍCH,NC,Phích và bình giữ nhiệt,Cốc giữ nhiệt dán nhũ,40
"bình giữ nhiệt, chân không, dung tích, thép không gỉ, inox, nhãn hiệu, chất liệu, cách nhiệt, nhiệt chân, nhiệt dung, giữ nhiệt chất, nắp, bình chân, liệu thép không, nhựa",96170010,SP BÌNH/PHÍCH,NC,Phích và bình giữ nhiệt,Bình ruột,34
"giữ nhiệt, cốc giữ, nhiệt thương hiệu, dung tích, chân không, stan, thép không gỉ, bình giữ, chất liệu, thương hiệu 40oz, inox, thương hiệu 20oz, nhiệt thép không, nhãn hiệu, box",96170010,SP BÌNH/PHÍCH,NC,Phích và bình giữ nhiệt,Bình Giữ Nhiệt Bình Nước,10
"bình giữ nhiệt, chân không, dung tích, thép không gỉ, inox, chất liệu, nhãn hiệu, cách nhiệt, nhiệt chân, giữ nhiệt chất, bình chân, nhiệt dung, liệu thép không, nắp, trung sx",96170010,SP BÌNH/PHÍCH,NC,Phích và bình giữ nhiệt,Bình chữ,23
"giữ nhiệt, cốc giữ, nhiệt thương hiệu, dung tích, chân không, stan, thép không gỉ, bình giữ, chất liệu, thương hiệu 40oz, inox, thương hiệu 20oz, nhiệt thép không, nhãn hiệu, box",96170010,SP BÌNH/PHÍCH,LK,Phích và bình giữ nhiệt,Phích Chân Không Giữ Nhiệt,14
"giữ nhiệt, cốc giữ, nhiệt thương hiệu, dung tích, chân không, stan, thép không gỉ, bình giữ, chất liệu, thương hiệu 40oz, inox, thương hiệu 20oz, nhiệt thép không, nhãn hiệu, box",96170010,SP BÌNH/PHÍCH,LK,Phích và bình giữ nhiệt,Bình giữ nhiệt lọc trà,37
"đựng nước, nước yongkang fuxin, không nắp đậy, đậy gioăng cao, nắp đậy gioăng, cao su, bình đựng, ăn kim loại, thức ăn kim, chất liệu 84, liệu 84 90, phích đựng thức, không gỉ chân, gỉ chân không, kết hợp cao",96170010,SP BÌNH/PHÍCH,NC,Phích và bình giữ nhiệt,Bộ Hộp Đựng Thức Ăn,13
"cốc giữ nhiệt, nhiệt thương hiệu, giữ nhiệt thương, stan, thép không gỉ, thương hiệu 40oz, thương hiệu 20oz, giữ nhiệt thép, nhiệt thép không, thương hiệu 30oz, box, chất liệu thép, freesip, liệu thép không, thương hiệu 24oz",96170010,SP BÌNH/PHÍCH,NC,Phích và bình giữ nhiệt,Cái thép cốc mẫu,24
"giữ nhiệt, cốc giữ, nhiệt thương hiệu, dung tích, stan, chân không, thép không gỉ, bình giữ, chất liệu, thương hiệu 40oz, inox, thương hiệu 20oz, nhiệt thép không, nhãn hiệu, box",96170010,SP BÌNH/PHÍCH,LK,Phích và bình giữ nhiệt,Ly Giữ Nhiệt,1
"bình giữ nhiệt, chân không, thép không gỉ, dung tích, chất liệu, giữ nhiệt thép, nhiệt thép không, nhãn hiệu, inox, cách nhiệt, nắp, nhiệt chân, liệu thép, giữ nhiệt chất, nhựa",96170010,SP BÌNH/PHÍCH,LK,Phích và bình giữ nhiệt,Bình Chân Không Nitơ Lỏng,5
"bình giữ nhiệt, chân không, dung tích, thép không gỉ, nắp, nhãn hiệu, chất liệu, inox, cách nhiệt, giữ nhiệt chất, liệu thép không, nhiệt chân, nhựa, không giữ nhiệt, đựng nước",96170010,SP BÌNH/PHÍCH,NC,Phích và bình giữ nhiệt,Nắp bình dương,17
"giữ nhiệt, cốc giữ, nhiệt thương hiệu, dung tích, stan, chân không, thép không gỉ, bình giữ, chất liệu, thương hiệu 40oz, inox, thương hiệu 20oz, nhiệt thép không, nhãn hiệu, box",96170010,SP BÌNH/PHÍCH,NC,Phích và bình giữ nhiệt,Ly giữ nhiệt inox,21
"cốc giữ nhiệt, nhiệt thương hiệu, giữ nhiệt thương, chân không, dung tích, stan, thép không gỉ, thương hiệu 40oz, bình giữ nhiệt, thương hiệu 20oz, giữ nhiệt thép, nhiệt thép không, chất liệu, thương hiệu 30oz, box",96170010,SP BÌNH/PHÍCH,LK,Phích và bình giữ nhiệt,Nhựa cốc thép chân,25
"chân không, dung tích, cách nhiệt, thép không gỉ, nhiệt chân, nhãn hiệu, bình giữ nhiệt, nắp, giữ nhiệt thép, nhiệt thép không, không gỉ chân, nhiệt chất liệu, giữ nhiệt chất, không giữ nhiệt, inox",96170010,SP BÌNH/PHÍCH,NC,Phích và bình giữ nhiệt,Cặp lồng chân,26
"giữ nhiệt, cốc giữ, nhiệt thương hiệu, dung tích, chân không, stan, thép không gỉ, bình giữ, chất liệu, thương hiệu 40oz, inox, thương hiệu 20oz, nhiệt thép không, nhãn hiệu, box",96170010,SP BÌNH/PHÍCH,NC,Phích và bình giữ nhiệt,Bình trà giữ nhiệt,31
"bình giữ nhiệt, chân không, dung tích, thép không gỉ, nắp, nhãn hiệu, chất liệu, inox, cách nhiệt, giữ nhiệt chất, liệu thép không, nhiệt chân, nhựa, không giữ nhiệt, đựng nước",96170010,SP BÌNH/PHÍCH,NC,Phích và bình giữ nhiệt,Nắp đậy bình,32
"bình giữ nhiệt, chân không, dung tích, thép không gỉ, cách nhiệt, inox, chất liệu, nhãn hiệu, đựng nước, nắp, nhiệt chân, không gỉ chân, giữ nhiệt chất, liệu thép không, bình chân",96170010,SP BÌNH/PHÍCH,NC,Phích và bình giữ nhiệt,Bình đựng đồ uống,33
"bình giữ nhiệt, chân không, dung tích, thép không gỉ, chất liệu, inox, nhãn hiệu, cách nhiệt, nhiệt chân, giữ nhiệt chất, bình chân, liệu thép không, nhiệt dung, nắp, trung sx",96170010,SP BÌNH/PHÍCH,NC,Phích và bình giữ nhiệt,Bình mẫu,36
"giữ nhiệt, cốc giữ, nhiệt thương hiệu, dung tích, chân không, stan, thép không gỉ, bình giữ, chất liệu, thương hiệu 40oz, inox, thương hiệu 20oz, nhiệt thép không, nhãn hiệu, box",96170010,SP BÌNH/PHÍCH,LK,Phích và bình giữ nhiệt,Bình Giữ Nhiệt Lõi Nhựa,7
"giữ nhiệt, cốc giữ, nhiệt thương hiệu, dung tích, chân không, stan, thép không gỉ, bình giữ, chất liệu, thương hiệu 40oz, inox, thương hiệu 20oz, nhiệt thép không, nhãn hiệu, box",96170010,SP BÌNH/PHÍCH,LK,Phích và bình giữ nhiệt,Bình Giữ Nhiệt Gioăng Thân Nút Chặn,12
"thép không gỉ, giữ nhiệt thép, nhiệt thép không, chất liệu thép, liệu thép không, không gỉ chân, gỉ chân không, cốc chân không, nắp đậy, không gỉ nắp, không tay cầm, chân không tay, tay cầm dung, cầm dung tích, gỉ cốc chân",96170010,SP BÌNH/PHÍCH,NC,Phích và bình giữ nhiệt,Bếp cặp lồng thép,20
"dung tích, chân không, thép không gỉ, bình giữ nhiệt, chất liệu, giữ nhiệt thép, nhiệt thép không, nhãn hiệu, cách nhiệt, inox, nắp, nhiệt chân, liệu thép, giữ nhiệt chất, kích thước",96170010,SP BÌNH/PHÍCH,NC,Phích và bình giữ nhiệt,Nước thép chân tích,28
"dung tích, chân không, thép không gỉ, bình giữ nhiệt, inox, nhãn hiệu, chất liệu, giữ nhiệt thép, cách nhiệt, nắp, nhiệt thép không, nhiệt chân, giữ nhiệt chất, nhựa, kích thước",96170010,SP BÌNH/PHÍCH,LK,Phích và bình giữ nhiệt,Ruột nắp nhựa tích,29
"giữ nhiệt, cốc giữ, nhiệt thương hiệu, dung tích, stan, chân không, thép không gỉ, bình giữ, chất liệu, thương hiệu 40oz, inox, thương hiệu 20oz, nhiệt thép không, nhãn hiệu, box",96170010,SP BÌNH/PHÍCH,LK,Phích và bình giữ nhiệt,Hộp cơm giữ nhiệt,38
"cốc giữ nhiệt, sản xuất bình, bình cốc giữ, xuất bình cốc, nhiệt kích thước, giữ nhiệt kích, kích thước phi, nhiệt chất liệu, giữ nhiệt chất, chất liệu thép, liệu thép không, gỉ sản xuất, không gỉ sản, nhựa sản xuất, nắp nhựa sản",96170020,SP BÌNH/PHÍCH,LK,Các bộ phận phích/bình,Bình Cốc Phôi Ruột,3
"giữ nhiệt, sản xuất, thép không gỉ, kích thước, bình cốc giữ, xuất bình cốc, xuất ly giữ, nhiệt kích, nắp, thước phi, nhiệt chất liệu, chất liệu thép, liệu thép không, nhiệt thép không, tay cầm",96170020,SP BÌNH/PHÍCH,LK,Các bộ phận phích/bình,Thân Ly Giữ Nhiệt,0
"giữ nhiệt, sản xuất, thép không gỉ, kích thước, bình cốc giữ, xuất bình cốc, xuất ly giữ, nhiệt kích, nắp, thước phi, nhiệt chất liệu, chất liệu thép, liệu thép không, nhiệt thép không, tay cầm",96170020,SP BÌNH/PHÍCH,LK,Các bộ phận phích/bình,Nắp Đáy Ly Giữ Nhiệt,1
"giữ nhiệt, sản xuất, thép không gỉ, kích thước, bình cốc giữ, xuất bình cốc, xuất ly giữ, nhiệt kích, nắp, thước phi, nhiệt chất liệu, chất liệu thép, liệu thép không, nhiệt thép không, tay cầm",96170020,SP BÌNH/PHÍCH,LK,Các bộ phận phích/bình,[OUTLIER] giữ nhiệt bình,-1
"hút, chất liệu chính, nắp kèm ống, nhiệt kt đk, chính nhựa sản, đk nắp cốc, liệu chính nhựa, nắp cốc 101, cốc 101 42, kt đk nắp, nắp ống, đk ống, bộ phận, gỉ zirconium 7440, vanadium sắt crom",96170020,SP BÌNH/PHÍCH,LK,Các bộ phận phích/bình,Ống Hút Kèm Chính,4
"hút, chất liệu chính, nắp kèm ống, nhiệt kt đk, chính nhựa sản, đk nắp cốc, liệu chính nhựa, nắp cốc 101, cốc 101 42, kt đk nắp, nắp ống, đk ống, bộ phận, gỉ zirconium 7440, vanadium sắt crom",96170020,SP BÌNH/PHÍCH,LK,Các bộ phận phích/bình,Tấm Hút Khí,2
